strain,chemical,concentration,experiment,replicate,peak_to_baseline_ratio,fold_change,max_derivative,min_derivative,signal_decay_rate,auc_early,auc_mid,auc_late
BL011,Metaldehyde,500.0,1.0,1.0,3.0,-0.7142857142857143,4.0,-3.8,-0.024675324675324677,2127.5,627.5,757.5
BL011,Metaldehyde,500.0,1.0,2.0,4.5,-0.75,1.6,-1.0,-0.013438735177865613,2582.5,512.5,772.5
BL011,Metaldehyde,500.0,1.0,3.0,4.5,-0.75,1.6,-1.4,-0.013492063492063493,2710.0,582.5,870.0
BL011,Metaldehyde,500.0,1.0,4.0,4.428571428571429,-0.7142857142857143,1.6,-2.0,-0.02348178137651822,5452.5,1057.5,1427.5
BL011,Metaldehyde,50.0,1.0,1.0,2.857142857142857,-0.8571428571428571,1.8,-1.6,-0.015637860082304528,2115.0,520.0,725.0
BL011,Metaldehyde,50.0,1.0,2.0,4.75,-0.75,1.6,-1.8,-0.014693877551020407,2557.5,645.0,830.0
BL011,Metaldehyde,50.0,1.0,3.0,4.6,-1.0,1.4,-1.6,-0.018473895582329317,2892.5,477.5,867.5
BL011,Metaldehyde,50.0,1.0,4.0,5.0,-0.8333333333333334,1.6,-1.4,-0.024166666666666666,5402.5,1167.5,1792.5
BL011,Metaldehyde,5.0,1.0,1.0,4.25,-0.75,0.8,-1.2,-0.013008130081300813,2155.0,490.0,782.5
BL011,Metaldehyde,5.0,1.0,2.0,6.666666666666667,-0.6666666666666666,1.2,-1.2,-0.015637860082304528,2522.5,502.5,705.0
BL011,Metaldehyde,5.0,1.0,3.0,9.333333333333334,-1.0,2.4,-3.2,-0.022857142857142857,2855.0,567.5,820.0
BL011,Metaldehyde,5.0,1.0,4.0,6.166666666666667,-0.8333333333333334,2.4,-2.0,-0.029387755102040815,6652.5,1312.5,2122.5
BL011,Metaldehyde,0.5,1.0,1.0,2.8,-0.8,1.2,-1.0,-0.010276679841897233,2037.5,530.0,772.5
BL011,Metaldehyde,0.5,1.0,2.0,3.3333333333333335,-0.8333333333333334,1.2,-1.2,-0.015139442231075698,2700.0,492.5,835.0
BL011,Metaldehyde,0.5,1.0,3.0,3.3333333333333335,-0.8333333333333334,1.4,-1.4,-0.01557377049180328,2917.5,762.5,1952.5
BL011,Metaldehyde,0.5,1.0,4.0,2.3636363636363638,-0.7272727272727273,1.8,-2.0,-0.018473895582329317,5660.0,1342.5,2827.5
BL011,Metaldehyde,0.05,1.0,1.0,3.75,-0.75,1.2,-1.2,-0.0112,2155.0,440.0,777.5
BL011,Metaldehyde,0.05,1.0,2.0,4.75,-1.0,1.6,-1.4,-0.01557377049180328,2390.0,540.0,850.0
BL011,Metaldehyde,0.05,1.0,3.0,3.1666666666666665,-0.6666666666666666,1.2,-1.4,-0.013654618473895583,2967.5,827.5,1825.0
BL011,Metaldehyde,0.05,1.0,4.0,4.428571428571429,-0.7142857142857143,1.4,-2.0,-0.023868312757201648,6237.5,1467.5,3167.5
BL011,Metaldehyde,500.0,2.0,1.0,1.4285714285714286,-0.7857142857142857,1.8,-1.2,-0.013229571984435798,3202.5,687.5,3167.5
BL011,Metaldehyde,500.0,2.0,2.0,3.1818181818181817,-0.8181818181818182,2.2,-2.0,-0.02558139534883721,4285.0,602.5,1095.0
BL011,Metaldehyde,500.0,2.0,3.0,2.5384615384615383,-0.7692307692307693,1.8,-2.6,-0.023255813953488372,4430.0,610.0,1185.0
BL011,Metaldehyde,500.0,2.0,4.0,2.5789473684210527,-0.8947368421052632,1.8,-2.4,-0.03643410852713178,7092.5,825.0,1665.0
BL011,Metaldehyde,50.0,2.0,1.0,2.1818181818181817,-0.8181818181818182,1.2,-1.4,-0.017120622568093387,3045.0,625.0,1187.5
BL011,Metaldehyde,50.0,2.0,2.0,4.125,-0.875,3.0,-2.8,-0.025196850393700787,4182.5,600.0,1155.0
BL011,Metaldehyde,50.0,2.0,3.0,2.3846153846153846,-0.8461538461538461,1.8,-1.0,-0.022745098039215685,4120.0,700.0,1172.5
BL011,Metaldehyde,50.0,2.0,4.0,3.357142857142857,-0.7857142857142857,3.6,-2.0,-0.03397683397683398,7345.0,1190.0,2212.5
BL011,Metaldehyde,5.0,2.0,1.0,2.090909090909091,-0.9090909090909091,1.6,-1.6,-0.017254901960784313,3170.0,620.0,1185.0
BL011,Metaldehyde,5.0,2.0,2.0,3.0,-0.9,1.4,-1.6,-0.02292490118577075,4022.5,650.0,1150.0
BL011,Metaldehyde,5.0,2.0,3.0,3.6,-0.9,1.2,-1.6,-0.02766798418972332,4427.5,710.0,1280.0
BL011,Metaldehyde,5.0,2.0,4.0,2.9411764705882355,-0.8823529411764706,2.4,-2.2,-0.03764705882352941,7750.0,1487.5,2605.0
BL011,Metaldehyde,0.5,2.0,1.0,1.8181818181818181,-0.9090909090909091,1.6,-2.2,-0.015767634854771784,2972.5,625.0,1092.5
BL011,Metaldehyde,0.5,2.0,2.0,2.3636363636363638,-0.8181818181818182,2.0,-1.0,-0.0192,3742.5,535.0,1125.0
BL011,Metaldehyde,0.5,2.0,3.0,2.7142857142857144,-0.8571428571428571,6.6,-6.8,-0.03257918552036199,4482.5,792.5,1350.0
BL011,Metaldehyde,0.5,2.0,4.0,2.7058823529411766,-0.8235294117647058,2.2,-2.2,-0.034126984126984124,8417.5,1775.0,3757.5
BL011,Metaldehyde,0.05,2.0,1.0,1.7142857142857142,-0.7857142857142857,2.2,-1.2,-0.01640625,3567.5,600.0,1105.0
BL011,Metaldehyde,0.05,2.0,2.0,3.0,-0.9,2.2,-2.0,-0.02265625,4062.5,632.5,1262.5
BL011,Metaldehyde,0.05,2.0,3.0,2.076923076923077,-0.8461538461538461,1.2,-2.4,-0.0199203187250996,4502.5,965.0,1815.0
BL011,Metaldehyde,0.05,2.0,4.0,2.238095238095238,-0.7619047619047619,1.8,-2.0,-0.03333333333333333,8745.0,1850.0,3895.0
BL011,Metaldehyde,500.0,3.0,1.0,10.5,-0.16666666666666666,4.8,-4.6,-0.046215139442231074,6770.0,965.0,2067.5
BL011,Metaldehyde,500.0,3.0,2.0,47.5,0.0,6.8,-7.0,-0.07322834645669292,9705.0,682.5,1297.5
BL011,Metaldehyde,500.0,3.0,3.0,19.0,-0.8,3.2,-3.0,-0.0746031746031746,9790.0,792.5,1382.5
BL011,Metaldehyde,500.0,3.0,4.0,32.5,-0.25,4.6,-3.8,-0.1007936507936508,13837.5,1097.5,1797.5
BL011,Metaldehyde,50.0,3.0,1.0,32.5,-0.5,2.6,-1.6,-0.05059288537549407,6865.0,710.0,1242.5
BL011,Metaldehyde,50.0,3.0,2.0,42.0,5.5,4.8,-3.2,-0.05590551181102362,8965.0,750.0,1372.5
BL011,Metaldehyde,50.0,3.0,3.0,28.666666666666668,-0.6666666666666666,3.4,-3.6,-0.06719367588932806,9835.0,840.0,1395.0
BL011,Metaldehyde,50.0,3.0,4.0,27.0,-0.5,4.8,-3.8,-0.08412698412698413,13642.5,1475.0,1882.5
BL011,Metaldehyde,5.0,3.0,1.0,35.0,-0.5,2.0,-2.4,-0.05476190476190476,7045.0,680.0,1292.5
BL011,Metaldehyde,5.0,3.0,2.0,31.666666666666668,-0.3333333333333333,3.6,-2.6,-0.07380952380952381,8932.5,740.0,1310.0
BL011,Metaldehyde,5.0,3.0,3.0,23.75,0.0,4.0,-3.0,-0.07165354330708662,10642.5,1070.0,2922.5
BL011,Metaldehyde,5.0,3.0,4.0,19.833333333333332,0.0,3.4,-5.2,-0.08968253968253968,15630.0,2295.0,3425.0
BL011,Metaldehyde,0.5,3.0,1.0,23.0,-0.3333333333333333,2.2,-2.6,-0.052964426877470355,7132.5,752.5,1207.5
BL011,Metaldehyde,0.5,3.0,2.0,46.0,0.5,2.6,-2.8,-0.0712,9610.0,807.5,1280.0
BL011,Metaldehyde,0.5,3.0,3.0,31.666666666666668,0.6666666666666666,3.8,-3.0,-0.07142857142857142,10880.0,1240.0,2170.0
BL011,Metaldehyde,0.5,3.0,4.0,17.833333333333332,-0.6666666666666666,2.8,-3.0,-0.08300395256916997,15985.0,2637.5,3557.5
BL011,Metaldehyde,0.05,3.0,1.0,34.0,0.0,2.6,-2.0,-0.05238095238095238,7280.0,767.5,1202.5
BL011,Metaldehyde,0.05,3.0,2.0,28.0,-0.3333333333333333,2.2,-5.0,-0.06586345381526104,8820.0,735.0,1332.5
BL011,Metaldehyde,0.05,3.0,3.0,24.0,-0.5,3.8,-3.2,-0.07372549019607844,10815.0,1212.5,2192.5
BL011,Metaldehyde,0.05,3.0,4.0,19.166666666666668,-0.16666666666666666,3.6,-3.0,-0.0873015873015873,16415.0,2480.0,3902.5
BL011,Metaldehyde,500.0,4.0,1.0,2.0,-0.5,0.8,-0.6,-0.0044444444444444444,482.5,442.5,897.5
BL011,Metaldehyde,500.0,4.0,2.0,5.0,-1.0,0.6,-0.6,-0.01818181818181818,492.5,422.5,922.5
BL011,Metaldehyde,500.0,4.0,3.0,5.0,0.0,1.6,-1.8,-0.005947955390334572,527.5,422.5,965.0
BL011,Metaldehyde,500.0,4.0,4.0,8.5,-0.5,5.4,-5.2,-0.023703703703703703,2435.0,752.5,1527.5
BL011,Metaldehyde,50.0,4.0,1.0,5.0,0.0,0.8,-1.0,-0.00404040404040404,425.0,442.5,847.5
BL011,Metaldehyde,50.0,4.0,2.0,5.0,1.0,0.8,-0.8,-0.002135231316725979,510.0,387.5,975.0
BL011,Metaldehyde,50.0,4.0,3.0,1.75,-1.0,1.2,-1.2,-0.008974358974358974,602.5,457.5,965.0
BL011,Metaldehyde,50.0,4.0,4.0,2.7777777777777777,-0.8888888888888888,4.4,-4.8,-0.22857142857142856,3020.0,907.5,1732.5
BL011,Metaldehyde,5.0,4.0,1.0,2.0,0.5,0.6,-0.6,-0.0017699115044247787,457.5,465.0,995.0
BL011,Metaldehyde,5.0,4.0,2.0,4.0,1.0,0.8,-0.6,-0.0024390243902439024,505.0,472.5,845.0
BL011,Metaldehyde,5.0,4.0,3.0,,,0.6,-0.6,-0.002238805970149254,702.5,505.0,960.0
BL011,Metaldehyde,5.0,4.0,4.0,1.7272727272727273,-0.8181818181818182,1.4,-1.2,-0.012927756653992395,3977.5,1292.5,2397.5
BL011,Metaldehyde,0.5,4.0,1.0,5.0,0.0,0.6,-1.0,-0.007142857142857143,467.5,442.5,985.0
BL011,Metaldehyde,0.5,4.0,2.0,3.0,1.0,0.6,-0.4,-0.0007326007326007326,522.5,425.0,1005.0
BL011,Metaldehyde,0.5,4.0,3.0,2.0,-0.6666666666666666,1.0,-1.0,-0.004016064257028112,835.0,497.5,1017.5
BL011,Metaldehyde,0.5,4.0,4.0,3.875,-0.5,5.6,-5.0,-0.030167597765363128,4937.5,1782.5,2880.0
BL011,Metaldehyde,0.05,4.0,1.0,5.0,-0.5,1.8,-1.6,-0.015789473684210527,497.5,442.5,997.5
BL011,Metaldehyde,0.05,4.0,2.0,2.3333333333333335,-0.3333333333333333,1.4,-1.0,-0.007575757575757576,437.5,437.5,952.5
BL011,Metaldehyde,0.05,4.0,3.0,1.5,-0.75,0.8,-0.8,-0.02702702702702703,857.5,560.0,1170.0
BL011,Metaldehyde,0.05,4.0,4.0,2.6666666666666665,-0.7777777777777778,2.2,-1.4,-0.017391304347826087,4692.5,1485.0,2845.0
BL011,Metaldehyde,500.0,5.0,1.0,27.5,0.0,2.4,-3.2,-0.04472573839662447,7232.5,822.5,1075.0
BL011,Metaldehyde,500.0,5.0,2.0,37.5,-0.5,2.2,-2.6,-0.06244725738396625,9595.0,880.0,1272.5
BL011,Metaldehyde,500.0,5.0,3.0,36.5,-0.5,3.2,-2.4,-0.060759493670886074,10280.0,782.5,1275.0
BL011,Metaldehyde,500.0,5.0,4.0,20.75,-0.5,2.6,-2.2,-0.0680672268907563,13700.0,1320.0,1730.0
BL011,Metaldehyde,50.0,5.0,1.0,50.0,1.0,2.2,-2.4,-0.04050632911392405,7300.0,745.0,1147.5
BL011,Metaldehyde,50.0,5.0,2.0,67.0,1.0,1.8,-2.2,-0.05439330543933055,9522.5,812.5,1177.5
BL011,Metaldehyde,50.0,5.0,3.0,75.0,1.0,3.2,-3.0,-0.06186440677966102,10292.5,900.0,1245.0
BL011,Metaldehyde,50.0,5.0,4.0,22.0,-0.5,2.6,-2.6,-0.07226890756302522,14130.0,1417.5,1872.5
BL011,Metaldehyde,5.0,5.0,1.0,18.666666666666668,-0.3333333333333333,2.2,-3.4,-0.04556962025316456,7667.5,877.5,1152.5
BL011,Metaldehyde,5.0,5.0,2.0,33.0,0.0,3.0,-2.8,-0.05333333333333334,9310.0,842.5,1197.5
BL011,Metaldehyde,5.0,5.0,3.0,23.333333333333332,-0.6666666666666666,2.6,-2.2,-0.05822784810126582,10430.0,982.5,1232.5
BL011,Metaldehyde,5.0,5.0,4.0,19.333333333333332,-0.6666666666666666,2.6,-3.8,-0.09539748953974896,16327.5,2575.0,3207.5
BL011,Metaldehyde,0.5,5.0,1.0,24.0,-0.5,2.2,-2.0,-0.03884297520661157,7105.0,802.5,1175.0
BL011,Metaldehyde,0.5,5.0,2.0,32.5,0.5,2.2,-3.0,-0.052100840336134456,9300.0,890.0,1232.5
BL011,Metaldehyde,0.5,5.0,3.0,37.0,-0.5,2.8,-4.2,-0.06134453781512605,10917.5,1062.5,1422.5
BL011,Metaldehyde,0.5,5.0,4.0,24.4,-0.4,4.2,-6.8,-0.1,17020.0,2600.0,3420.0
BL011,Metaldehyde,0.05,5.0,1.0,17.666666666666668,-0.3333333333333333,3.4,-2.6,-0.04285714285714286,7887.5,727.5,1087.5
BL011,Metaldehyde,0.05,5.0,2.0,19.333333333333332,-0.3333333333333333,2.0,-1.8,-0.04725738396624472,8992.5,802.5,1227.5
BL011,Metaldehyde,0.05,5.0,3.0,44.0,0.0,3.2,-3.4,-0.07196652719665272,12070.0,1447.5,2112.5
BL011,Metaldehyde,0.05,5.0,4.0,27.25,-0.25,3.0,-3.2,-0.0887029288702929,17150.0,2912.5,3675.0
BL011,Boric Acid,500.0,1.0,1.0,3.9957551826258637,-0.903751233958539,541.0,-547.2,-29.26074074074074,10361192.5,2042392.5,2558192.5
BL011,Boric Acid,500.0,1.0,2.0,4.0290864399836135,-0.8555919705038918,506.4,-399.0,-29.06513409961686,9327502.5,1100705.0,1577917.5
BL011,Boric Acid,500.0,1.0,3.0,3.734145876975814,-0.8690725576080747,575.0,-354.2,-27.926937269372694,9446470.0,1094042.5,1569260.0
BL011,Boric Acid,500.0,1.0,4.0,3.970374617737003,-0.8879969418960245,655.0,-372.2,-30.93793103448276,10043857.5,1396227.5,1448755.0
BL011,Boric Acid,50.0,1.0,1.0,3.463197026022305,-0.9075942644715879,394.8,-279.4,-24.506563706563707,8449930.0,1934335.0,3321902.5
BL011,Boric Acid,50.0,1.0,2.0,3.636964377903975,-0.907176045431079,478.4,-271.0,-26.505791505791507,9078062.5,2139425.0,3671502.5
BL011,Boric Acid,50.0,1.0,3.0,3.6934648336321976,-0.9162183701932656,462.2,-237.4,-28.197665369649805,9802227.5,2497247.5,3477032.5
BL011,Boric Acid,50.0,1.0,4.0,3.5018590998043053,-0.8636986301369863,479.6,-355.2,-26.357088122605365,8876680.0,1281820.0,1937677.5
BL011,Boric Acid,5.0,1.0,1.0,3.2807729262303833,-0.8630297854168891,409.6,-268.4,-22.73976833976834,7964500.0,1843032.5,3469897.5
BL011,Boric Acid,5.0,1.0,2.0,3.3054056913149266,-0.8619485877499207,403.4,-256.6,-22.26096654275093,7914020.0,1212527.5,1707902.5
BL011,Boric Acid,5.0,1.0,3.0,3.727116827438371,-0.882529474812433,419.4,-266.8,-25.806896551724137,8717420.0,2062170.0,3780320.0
BL011,Boric Acid,5.0,1.0,4.0,3.576150020721094,-0.8629299627020307,461.8,-305.0,-25.4360153256705,8680442.5,1430622.5,1856227.5
BL011,Boric Acid,0.5,1.0,1.0,3.239640218438805,-0.8644394474783167,450.2,-229.4,-21.31544117647059,7809342.5,1776857.5,3366337.5
BL011,Boric Acid,0.5,1.0,2.0,3.68649449618967,-0.8942633361558001,452.6,-239.6,-26.225581395348836,9103777.5,2206937.5,3292097.5
BL011,Boric Acid,0.5,1.0,3.0,3.466631962519521,-0.8781884435190005,472.8,-275.0,-24.618390804597702,8462110.0,1372187.5,1649465.0
BL011,Boric Acid,0.5,1.0,4.0,3.553612935826175,-0.9176351692774128,508.4,-300.4,-26.32030651340996,8936115.0,1551307.5,1296917.5
BL011,Boric Acid,0.05,1.0,1.0,3.280272530195107,-0.8789098792195726,414.4,-239.0,-22.41978021978022,8328547.5,1848110.0,3472952.5
BL011,Boric Acid,0.05,1.0,2.0,3.627882489207118,-0.9132357586606297,515.6,-251.4,-25.770114942528735,8937260.0,2213150.0,3293367.5
BL011,Boric Acid,0.05,1.0,3.0,3.4760921202106787,-0.8761747392337086,456.4,-252.0,-24.873563218390803,8696722.5,1519385.0,1650697.5
BL011,Boric Acid,0.05,1.0,4.0,3.4485765838011226,-0.9033680834001604,514.4,-360.4,-25.62375478927203,8751022.5,1484867.5,1399820.0
BL011,Boric Acid,500.0,2.0,1.0,3.0425630349294472,-0.8746241036317373,629.8,-337.2,-27.81838235294118,8935782.5,809267.5,1803342.5
BL011,Boric Acid,500.0,2.0,2.0,3.331745671732063,-0.925757919407273,661.8,-419.2,-32.518490566037734,10954110.0,2411555.0,2885127.5
BL011,Boric Acid,500.0,2.0,3.0,3.270444978953698,-0.9246091401082381,613.2,-521.4,-32.08075471698113,10966415.0,2439317.5,2833730.0
BL011,Boric Acid,500.0,2.0,4.0,3.0424915877611705,-0.8722122231786524,583.8,-298.8,-27.187591240875914,8649022.5,994390.0,1872142.5
BL011,Boric Acid,50.0,2.0,1.0,2.5738255033557045,-0.7425110492715665,475.2,-311.8,-21.52167300380228,7758057.5,1346527.5,2934285.0
BL011,Boric Acid,50.0,2.0,2.0,2.6920792079207922,-0.8782178217821782,422.6,-323.2,-23.689733840304182,7777465.0,1122002.5,1865672.5
BL011,Boric Acid,50.0,2.0,3.0,3.037398761314912,-0.9183738288073686,469.0,-348.6,-28.52490421455939,9726477.5,2601235.0,3378442.5
BL011,Boric Acid,50.0,2.0,4.0,2.7177578972369565,-0.9227297917821233,446.6,-297.8,-25.459541984732823,8468675.0,1398560.0,1530127.5
BL011,Boric Acid,5.0,2.0,1.0,2.6349991614958914,-0.8993795069595841,381.4,-266.8,-23.072519083969464,7870175.0,1953505.0,3665415.0
BL011,Boric Acid,5.0,2.0,2.0,2.6141415798539906,-0.8749897465343286,459.4,-285.4,-22.988636363636363,7836065.0,1275655.0,2077157.5
BL011,Boric Acid,5.0,2.0,3.0,2.5733249051833123,-0.8825853350189633,471.6,-340.8,-22.605090909090908,7889615.0,1154502.5,2001127.5
BL011,Boric Acid,5.0,2.0,4.0,2.775776097796365,-0.8804085571819206,429.8,-302.4,-24.926037735849057,8157930.0,1281377.5,2152010.0
BL011,Boric Acid,0.5,2.0,1.0,2.6734864300626304,-0.9188308977035491,410.4,-280.2,-23.787739463601532,7844867.5,1929682.5,3542142.5
BL011,Boric Acid,0.5,2.0,2.0,2.650135035600295,-0.9072755544643588,463.8,-270.0,-23.945593869731802,8036770.0,2021232.5,3773017.5
BL011,Boric Acid,0.5,2.0,3.0,2.8649583259443165,-0.8730271324702962,373.8,-376.0,-23.48212927756654,7398082.5,1112525.0,2002492.5
BL011,Boric Acid,0.5,2.0,4.0,2.757813778432335,-0.8758795614465718,410.2,-288.4,-24.57175572519084,8161160.0,1379710.0,2267257.5
BL011,Boric Acid,0.05,2.0,1.0,2.649395648670427,-0.9099919419822724,407.6,-324.6,-24.338697318007664,8155020.0,1940070.0,3633137.5
BL011,Boric Acid,0.05,2.0,2.0,2.7000934023944976,-0.8949647618238941,351.0,-237.6,-23.419157088122606,7716950.0,1956185.0,3885625.0
BL011,Boric Acid,0.05,2.0,3.0,2.5013621794871796,-0.8764423076923077,427.0,-245.8,-21.581818181818182,7477950.0,1193780.0,2135205.0
BL011,Boric Acid,0.05,2.0,4.0,2.623779527559055,-0.7267716535433071,471.6,-374.4,-22.787786259541985,8377165.0,1891237.5,3573477.5
BL011,Boric Acid,500.0,3.0,1.0,7.803903516847726,-0.7424047136807218,616.4,-470.0,-31.526153846153846,9828827.5,1873515.0,1876417.5
BL011,Boric Acid,500.0,3.0,2.0,7.661341853035144,-0.7578984735534257,641.8,-520.0,-32.15384615384615,9942092.5,1773995.0,1809987.5
BL011,Boric Acid,500.0,3.0,3.0,7.297320656871219,-0.7687121866897147,658.8,-523.6,-31.443846153846152,9851642.5,1743632.5,1748352.5
BL011,Boric Acid,500.0,3.0,4.0,7.099323543969642,-0.7704999175053622,614.2,-556.8,-32.02923076923077,9981967.5,1823725.0,1843517.5
BL011,Boric Acid,50.0,3.0,1.0,7.7588122605363985,-0.7503831417624521,652.2,-426.8,-30.15230769230769,9257625.0,1617082.5,1700735.0
BL011,Boric Acid,50.0,3.0,2.0,8.120640569395018,-0.7957295373665481,640.0,-456.2,-34.223076923076924,10711405.0,2926892.5,3525762.5
BL011,Boric Acid,50.0,3.0,3.0,8.291290205999276,-0.7865919768702566,708.6,-371.0,-34.386923076923075,10704955.0,2969272.5,3416485.0
BL011,Boric Acid,50.0,3.0,4.0,7.101751459549624,-0.7704753961634696,676.8,-544.6,-31.69153846153846,10125350.0,1906575.0,1862632.5
BL011,Boric Acid,5.0,3.0,1.0,8.115743384732534,-0.7909765848086807,690.4,-413.8,-31.94923076923077,10092177.5,2798297.5,3277237.5
BL011,Boric Acid,5.0,3.0,2.0,8.159082500924898,-0.8079911209766926,672.0,-383.8,-33.13076923076923,10430527.5,2962907.5,3440320.0
BL011,Boric Acid,5.0,3.0,3.0,7.8587113030957525,-0.7849172066234701,654.8,-370.6,-32.667692307692306,10635212.5,3091457.5,3645237.5
BL011,Boric Acid,5.0,3.0,4.0,7.156606581776087,-0.7745989746981975,611.4,-512.8,-32.24076923076923,10061127.5,1865765.0,1849227.5
BL011,Boric Acid,0.5,3.0,1.0,7.880921658986175,-0.8171428571428572,664.2,-420.2,-32.12461538461538,9952232.5,2690017.5,3183157.5
BL011,Boric Acid,0.5,3.0,2.0,7.9344291907514455,-0.7707731213872833,692.4,-468.8,-32.81230769230769,10417020.0,2875632.5,3433530.0
BL011,Boric Acid,0.5,3.0,3.0,7.86448275862069,-0.8353448275862069,604.8,-431.8,-34.35307692307693,10817820.0,2921180.0,3429627.5
BL011,Boric Acid,0.5,3.0,4.0,7.05825885468388,-0.7709367759020191,633.8,-443.8,-31.74,10142942.5,1903040.0,1870642.5
BL011,Boric Acid,0.05,3.0,1.0,7.724747010119596,-0.8333026678932842,644.4,-381.2,-31.59846153846154,10042877.5,2716942.5,3131547.5
BL011,Boric Acid,0.05,3.0,2.0,7.629696859684153,-0.7656561989471773,663.0,-365.0,-31.33923076923077,10098927.5,2841422.5,3434910.0
BL011,Boric Acid,0.05,3.0,3.0,7.578092959671907,-0.7978468899521531,619.2,-375.8,-33.20307692307692,10660350.0,2898552.5,3436335.0
BL011,Boric Acid,0.05,3.0,4.0,6.882323568575233,-0.7879494007989347,634.4,-447.4,-30.826923076923077,9823350.0,1797442.5,1796422.5
BL011,Boric Acid,500.0,4.0,1.0,1.8230962164469822,-0.9149367629009019,292.0,-447.2,-24.767300380228136,7397820.0,1074102.5,1882130.0
BL011,Boric Acid,500.0,4.0,2.0,1.7669912366114897,-0.9202044790652386,393.4,-473.6,-26.35361216730038,8628915.0,2230487.5,4124315.0
BL011,Boric Acid,500.0,4.0,3.0,1.9947950881803023,-0.914396887159533,413.0,-437.6,-28.730798479087454,8976517.5,2367465.0,3715455.0
BL011,Boric Acid,500.0,4.0,4.0,1.5650335508778381,-0.9250390660906334,407.4,-350.8,-24.46867924528302,7803905.0,1090807.5,1904825.0
BL011,Boric Acid,50.0,4.0,1.0,1.8302610548748002,-0.9187533297815663,319.2,-444.0,-24.965019011406845,7407535.0,1051312.5,1792305.0
BL011,Boric Acid,50.0,4.0,2.0,1.707681144397222,-0.9161915621436716,289.8,-325.4,-23.73560606060606,7295877.5,1018987.5,1747217.5
BL011,Boric Acid,50.0,4.0,3.0,1.7348865539820313,-0.9183290188315314,302.6,-372.8,-24.674242424242426,7604002.5,1052600.0,1847777.5
BL011,Boric Acid,50.0,4.0,4.0,1.5630593228157579,-0.9249008211089584,391.6,-421.6,-24.344150943396226,7812492.5,1060337.5,1840490.0
BL011,Boric Acid,5.0,4.0,1.0,1.8894935119296776,-0.9231372959397237,372.8,-433.2,-26.34448669201521,8194752.5,2047500.0,3787265.0
BL011,Boric Acid,5.0,4.0,2.0,1.5448730098559516,-0.9216736163760425,288.4,-278.8,-23.5361216730038,7590755.0,1064580.0,1824887.5
BL011,Boric Acid,5.0,4.0,3.0,1.657760372775492,-0.9181579338720072,297.2,-245.2,-24.175665399239545,7622312.5,1052567.5,1836315.0
BL011,Boric Acid,5.0,4.0,4.0,1.445484386089425,-0.9281848828956707,441.2,-297.2,-23.372075471698114,7804232.5,1052322.5,1860167.5
BL011,Boric Acid,0.5,4.0,1.0,1.9111801242236024,-0.9194616977225673,376.8,-481.6,-26.895817490494295,8470362.5,2088595.0,3625392.5
BL011,Boric Acid,0.5,4.0,2.0,1.72566963138142,-0.9093619865302555,260.2,-373.4,-24.184790874524715,7729265.0,1248047.5,2157842.5
BL011,Boric Acid,0.5,4.0,3.0,1.5980642625528152,-0.9173626805541908,284.4,-228.2,-23.456273764258555,7514737.5,1081312.5,1917385.0
BL011,Boric Acid,0.5,4.0,4.0,1.4532560550372255,-0.9222033738573179,390.6,-349.8,-22.030188679245285,7362910.0,1053537.5,1844965.0
BL011,Boric Acid,0.05,4.0,1.0,1.7090659744330705,-0.9234951266101777,313.4,-465.8,-25.64,8202810.0,1981257.5,3804575.0
BL011,Boric Acid,0.05,4.0,2.0,1.6272618190544756,-0.9303095752339813,337.0,-286.0,-24.584848484848486,8122002.5,2053447.5,3811737.5
BL011,Boric Acid,0.05,4.0,3.0,1.5296986247927435,-0.9192919145615918,280.8,-247.8,-22.595437262357414,7274557.5,1060815.0,1858795.0
BL011,Boric Acid,0.05,4.0,4.0,1.5141331369118867,-0.9119786391676641,413.4,-371.4,-23.557414448669203,7941760.0,1212457.5,2201787.5
BL011,Boric Acid,500.0,5.0,1.0,5.564602960969045,-0.8150740242261104,568.4,-389.8,-30.62911877394636,9053600.0,1633585.0,1788815.0
BL011,Boric Acid,500.0,5.0,2.0,5.201364731067701,-0.8227187583623227,559.0,-377.4,-28.773946360153257,8760132.5,1684170.0,1782610.0
BL011,Boric Acid,500.0,5.0,3.0,5.135698337881419,-0.834408335400645,564.8,-452.4,-30.704214559386973,9218865.0,1671687.5,1787630.0
BL011,Boric Acid,500.0,5.0,4.0,5.185243139142995,-0.8249879634087627,598.4,-596.0,-31.896551724137932,9469555.0,1709002.5,1855147.5
BL011,Boric Acid,50.0,5.0,1.0,5.506415739948674,-0.8038209295694325,521.6,-348.4,-28.540996168582375,8482007.5,1629450.0,1803722.5
BL011,Boric Acid,50.0,5.0,2.0,5.335371406270326,-0.8173539742422271,562.8,-431.0,-30.351724137931033,9094045.0,1708397.5,1783435.0
BL011,Boric Acid,50.0,5.0,3.0,6.123447401774398,-0.8596958174904943,563.0,-444.8,-36.17394636015326,11204435.0,3312470.0,3073082.5
BL011,Boric Acid,50.0,5.0,4.0,5.24643078833023,-0.8247051520794537,575.2,-590.2,-31.301149425287356,9346835.0,1711317.5,1918985.0
BL011,Boric Acid,5.0,5.0,1.0,5.742656925600119,-0.8480691814522141,538.2,-335.6,-28.733333333333334,8706440.0,2758577.5,3340827.5
BL011,Boric Acid,5.0,5.0,2.0,5.997265006477616,-0.8622426946883547,543.4,-325.8,-31.192337164750956,9371427.5,2959802.5,3465230.0
BL011,Boric Acid,5.0,5.0,3.0,5.920456125712697,-0.8728966764010568,579.0,-404.2,-31.92337164750958,9697430.0,3060942.5,3478325.0
BL011,Boric Acid,5.0,5.0,4.0,5.264069264069264,-0.809261445625082,558.6,-467.0,-29.635249042145595,9019735.0,1746015.0,1965987.5
BL011,Boric Acid,0.5,5.0,1.0,5.987986684035317,-0.8633666232450427,585.4,-311.6,-30.97854406130268,9223957.5,2720410.0,3216135.0
BL011,Boric Acid,0.5,5.0,2.0,6.007602926409411,-0.8680246736479702,591.8,-353.8,-31.386206896551723,9349925.0,2845082.5,3326325.0
BL011,Boric Acid,0.5,5.0,3.0,5.9061147186147185,-0.8770292207792207,563.0,-426.6,-32.75785440613027,9755922.5,2879685.0,3503240.0
BL011,Boric Acid,0.5,5.0,4.0,4.987272495863561,-0.8225785923380425,593.2,-388.0,-28.958620689655174,8884480.0,1664007.5,1860200.0
BL011,Boric Acid,0.05,5.0,1.0,5.892733063115228,-0.855819339895773,576.4,-340.4,-30.429885057471264,9090897.5,2710170.0,3329227.5
BL011,Boric Acid,0.05,5.0,2.0,5.878728193584693,-0.8601575689364097,585.4,-327.4,-31.25823754789272,9423565.0,2808040.0,3394740.0
BL011,Boric Acid,0.05,5.0,3.0,5.362658576944291,-0.8138444567015996,534.4,-380.6,-28.766283524904214,8667390.0,1655917.5,1812042.5
BL011,Boric Acid,0.05,5.0,4.0,4.870007631645891,-0.8329941490714831,552.0,-393.8,-28.333333333333332,8815475.0,1658365.0,1850167.5
BL011,DEET,500.0,1.0,1.0,1.3333333333333333,-0.3333333333333333,0.6,-0.6,-0.0021390374331550803,635.0,627.5,1350.0
BL011,DEET,500.0,1.0,2.0,1.0,-0.8,0.6,-0.8,-0.005555555555555556,790.0,625.0,1340.0
BL011,DEET,500.0,1.0,3.0,1.0,-0.7272727272727273,0.8,-1.0,-0.005555555555555556,752.5,670.0,1362.5
BL011,DEET,500.0,1.0,4.0,1.0,-0.9722222222222222,0.8,-2.6,-0.04861111111111111,3835.0,972.5,1657.5
BL011,DEET,50.0,1.0,1.0,1.25,-0.5,0.6,-0.6,-0.0020905923344947735,702.5,665.0,1367.5
BL011,DEET,50.0,1.0,2.0,1.0,-0.9375,1.6,-1.8,-0.010416666666666666,922.5,695.0,1275.0
BL011,DEET,50.0,1.0,3.0,1.0,-0.875,0.8,-1.2,-0.004861111111111111,675.0,612.5,1250.0
BL011,DEET,50.0,1.0,4.0,1.0,-0.963855421686747,4.2,-6.4,-0.1111111111111111,25960.0,8255.0,6275.0
BL011,DEET,5.0,1.0,1.0,1.5,-0.5,0.8,-0.8,-0.00963855421686747,622.5,677.5,1335.0
BL011,DEET,5.0,1.0,2.0,1.3076923076923077,-0.9230769230769231,1.6,-1.8,-0.011149825783972125,845.0,667.5,1422.5
BL011,DEET,5.0,1.0,3.0,1.0,-0.8888888888888888,0.6,-0.6,-0.005555555555555556,822.5,630.0,1312.5
BL011,DEET,5.0,1.0,4.0,1.0,-0.9444444444444444,1.0,-1.8,-0.02361111111111111,1765.0,757.5,1362.5
BL011,DEET,0.5,1.0,1.0,2.4285714285714284,-0.8571428571428571,2.6,-3.2,-0.019393939393939394,687.5,710.0,1347.5
BL011,DEET,0.5,1.0,2.0,1.0,-0.75,0.6,-0.8,-0.004166666666666667,747.5,687.5,1350.0
BL011,DEET,0.5,1.0,3.0,1.0,-0.7272727272727273,0.4,-0.6,-0.005555555555555556,805.0,647.5,1292.5
BL011,DEET,0.5,1.0,4.0,1.0,-0.9666666666666667,1.2,-3.0,-0.06041666666666667,4907.5,920.0,1595.0
BL011,DEET,0.05,1.0,1.0,1.0,-0.6,0.6,-0.6,-0.0020833333333333333,742.5,630.0,1360.0
BL011,DEET,0.05,1.0,2.0,1.0,-0.8181818181818182,0.8,-1.0,-0.00625,937.5,662.5,1377.5
BL011,DEET,0.05,1.0,3.0,1.0,-0.9230769230769231,1.6,-1.8,-0.008333333333333333,955.0,685.0,1395.0
BL011,DEET,0.05,1.0,4.0,1.0,-0.9791666666666666,1.6,-3.2,-0.06527777777777778,5512.5,945.0,1452.5
BL011,DEET,500.0,2.0,1.0,1.6666666666666667,-0.3333333333333333,0.8,-0.6,-0.003260869565217391,680.0,577.5,1280.0
BL011,DEET,500.0,2.0,2.0,1.3333333333333333,-0.6666666666666666,0.4,-0.4,-0.0035294117647058825,612.5,645.0,1192.5
BL011,DEET,500.0,2.0,3.0,3.0,-0.5,1.0,-0.8,-0.005263157894736842,595.0,650.0,1312.5
BL011,DEET,500.0,2.0,4.0,2.5,0.0,0.8,-0.6,-0.0027649769585253456,735.0,660.0,1250.0
BL011,DEET,50.0,2.0,1.0,4.0,-0.5,1.2,-1.4,-0.008,680.0,662.5,1245.0
BL011,DEET,50.0,2.0,2.0,2.6666666666666665,-0.3333333333333333,1.2,-1.2,-0.007547169811320755,607.5,697.5,1377.5
BL011,DEET,50.0,2.0,3.0,3.5,-0.5,1.2,-0.8,-0.005853658536585366,662.5,697.5,1337.5
BL011,DEET,50.0,2.0,4.0,9.5,1.0,3.4,-3.6,-0.014423076923076924,667.5,730.0,1357.5
BL011,DEET,5.0,2.0,1.0,9.0,-0.6666666666666666,5.0,-5.0,-0.022413793103448276,787.5,657.5,1235.0
BL011,DEET,5.0,2.0,2.0,1.6666666666666667,0.0,0.8,-0.6,-0.0016,672.5,590.0,1287.5
BL011,DEET,5.0,2.0,3.0,2.0,-0.3333333333333333,1.0,-0.8,-0.02857142857142857,695.0,610.0,1287.5
BL011,DEET,5.0,2.0,4.0,1.3333333333333333,-0.3333333333333333,0.6,-0.6,-0.0016,715.0,652.5,1215.0
BL011,DEET,0.5,2.0,1.0,1.3333333333333333,-0.6666666666666666,0.8,-0.6,-0.002307692307692308,667.5,652.5,1235.0
BL011,DEET,0.5,2.0,2.0,3.0,-0.5,0.8,-0.8,-0.0035714285714285713,672.5,627.5,1277.5
BL011,DEET,0.5,2.0,3.0,6.0,2.0,1.0,-1.0,-0.04285714285714286,692.5,620.0,1327.5
BL011,DEET,0.5,2.0,4.0,2.0,-0.6666666666666666,0.8,-0.6,-0.003703703703703704,912.5,692.5,1330.0
BL011,DEET,0.05,2.0,1.0,8.0,0.0,2.8,-2.6,-0.014736842105263158,712.5,692.5,1230.0
BL011,DEET,0.05,2.0,2.0,7.0,-0.5,2.4,-2.4,-0.009059233449477353,715.0,642.5,1345.0
BL011,DEET,0.05,2.0,3.0,16.0,0.0,3.0,-2.8,-0.0189873417721519,792.5,705.0,1337.5
BL011,DEET,0.05,2.0,4.0,2.75,-0.5,1.8,-1.8,-0.06428571428571428,1340.0,865.0,1920.0
BL011,DEET,500.0,3.0,1.0,9.25,-0.5,7.0,-7.0,-0.043478260869565216,607.5,847.5,1230.0
BL011,DEET,500.0,3.0,2.0,2.0,0.0,0.6,-0.4,-0.0016,627.5,592.5,1190.0
BL011,DEET,500.0,3.0,3.0,1.0,-0.6666666666666666,0.4,-0.4,-0.001388888888888889,585.0,610.0,1125.0
BL011,DEET,500.0,3.0,4.0,1.0,-0.8571428571428571,0.4,-0.8,-0.004166666666666667,655.0,535.0,1160.0
BL011,DEET,50.0,3.0,1.0,1.0,-0.8,0.6,-0.6,-0.002777777777777778,587.5,572.5,1150.0
BL011,DEET,50.0,3.0,2.0,2.5,-0.5,0.8,-0.8,-0.005517241379310344,572.5,585.0,1220.0
BL011,DEET,50.0,3.0,3.0,2.0,-0.3333333333333333,0.8,-0.8,-0.007207207207207207,612.5,557.5,1172.5
BL011,DEET,50.0,3.0,4.0,1.4,-0.8,1.0,-1.2,-0.004181184668989547,797.5,560.0,1142.5
BL011,DEET,5.0,3.0,1.0,1.3333333333333333,-0.6666666666666666,0.4,-0.6,-0.002843601895734597,575.0,565.0,1165.0
BL011,DEET,5.0,3.0,2.0,3.5,0.0,1.2,-1.0,-0.004048582995951417,602.5,605.0,1217.5
BL011,DEET,5.0,3.0,3.0,3.0,-0.6666666666666666,1.2,-1.6,-0.008121827411167513,695.0,670.0,1195.0
BL011,DEET,5.0,3.0,4.0,1.3333333333333333,-0.8333333333333334,0.8,-0.8,-0.0048951048951048955,925.0,572.5,1270.0
BL011,DEET,0.5,3.0,1.0,2.0,-0.5,0.6,-0.6,-0.0022471910112359553,602.5,530.0,1200.0
BL011,DEET,0.5,3.0,2.0,9.333333333333334,-0.6666666666666666,5.4,-5.2,-0.029508196721311476,632.5,717.5,1175.0
BL011,DEET,0.5,3.0,3.0,1.5,-0.5,0.8,-0.8,-0.003076923076923077,750.0,552.5,1132.5
BL011,DEET,0.5,3.0,4.0,1.3333333333333333,-0.7777777777777778,1.2,-1.0,-0.006968641114982578,1197.5,662.5,1292.5
BL011,DEET,0.05,3.0,1.0,4.25,-0.5,3.2,-3.0,-0.3,657.5,492.5,1300.0
BL011,DEET,0.05,3.0,2.0,1.25,-0.75,0.6,-0.6,-0.006015037593984963,682.5,562.5,1177.5
BL011,DEET,0.05,3.0,3.0,1.25,-0.75,0.8,-0.8,-0.0033472803347280333,815.0,575.0,1242.5
BL011,DEET,0.05,3.0,4.0,1.8,-0.6,0.8,-0.8,-0.005283018867924529,1735.0,722.5,1345.0
BL011,DEET,500.0,4.0,1.0,1.25,-0.75,1.0,-0.8,-0.0028268551236749115,480.0,487.5,960.0
BL011,DEET,500.0,4.0,2.0,1.0,-1.0,1.2,-1.0,-0.010416666666666666,650.0,480.0,917.5
BL011,DEET,500.0,4.0,3.0,1.0,-0.9090909090909091,1.0,-1.6,-0.006944444444444444,582.5,495.0,937.5
BL011,DEET,500.0,4.0,4.0,1.5,-0.9285714285714286,2.6,-3.2,-0.013986013986013986,720.0,467.5,935.0
BL011,DEET,50.0,4.0,1.0,1.3333333333333333,-0.6666666666666666,0.8,-0.6,-0.002105263157894737,460.0,472.5,982.5
BL011,DEET,50.0,4.0,2.0,1.0,-0.8333333333333334,0.6,-0.6,-0.003472222222222222,587.5,470.0,875.0
BL011,DEET,50.0,4.0,3.0,1.0,-0.8,0.6,-0.6,-0.002777777777777778,517.5,515.0,937.5
BL011,DEET,50.0,4.0,4.0,1.0,-0.9699248120300752,1.4,-7.8,-0.17916666666666667,15192.5,1115.0,3337.5
BL011,DEET,5.0,4.0,1.0,2.5,-0.75,1.6,-2.0,-0.00932642487046632,477.5,535.0,955.0
BL011,DEET,5.0,4.0,2.0,1.6666666666666667,-0.6666666666666666,0.8,-0.6,-0.008888888888888889,557.5,500.0,927.5
BL011,DEET,5.0,4.0,3.0,1.0,-0.4,0.6,-0.6,-0.001388888888888889,597.5,512.5,965.0
BL011,DEET,5.0,4.0,4.0,1.0,-0.9818731117824774,3.0,-6.4,-0.22569444444444445,16297.5,1312.5,3477.5
BL011,DEET,0.5,4.0,1.0,15.0,0.0,2.8,-2.6,-0.020437956204379562,537.5,435.0,972.5
BL011,DEET,0.5,4.0,2.0,1.0,-0.8571428571428571,0.8,-0.6,-0.004166666666666667,595.0,495.0,925.0
BL011,DEET,0.5,4.0,3.0,1.0,-0.7142857142857143,0.6,-0.6,-0.003472222222222222,687.5,462.5,962.5
BL011,DEET,0.5,4.0,4.0,1.0,-0.9912280701754386,0.6,-4.0,-0.07847222222222222,4315.0,592.5,1045.0
BL011,DEET,0.05,4.0,1.0,1.6666666666666667,-1.0,0.8,-0.8,-0.00398406374501992,535.0,515.0,897.5
BL011,DEET,0.05,4.0,2.0,1.0,-0.6,0.6,-0.6,-0.0020833333333333333,715.0,602.5,1030.0
BL011,DEET,0.05,4.0,3.0,1.1428571428571428,-0.21428571428571427,1.2,-1.6,-0.2,915.0,647.5,2470.0
BL011,DEET,0.05,4.0,4.0,1.0,-0.9864864864864865,1.0,-3.4,-0.10138888888888889,6575.0,785.0,1255.0
BL011,DEET,500.0,5.0,1.0,4.0,-0.5,1.2,-1.4,-0.012727272727272728,607.5,605.0,1275.0
BL011,DEET,500.0,5.0,2.0,1.3333333333333333,-0.6666666666666666,0.6,-0.6,-0.002803738317757009,637.5,602.5,1160.0
BL011,DEET,500.0,5.0,3.0,4.0,-0.6666666666666666,2.0,-2.0,-0.010377358490566037,640.0,690.0,1250.0
BL011,DEET,500.0,5.0,4.0,3.0,-0.5,1.0,-0.8,-0.0136986301369863,582.5,602.5,1227.5
BL011,DEET,50.0,5.0,1.0,1.0,-1.0,0.6,-0.6,-0.002777777777777778,602.5,575.0,1177.5
BL011,DEET,50.0,5.0,2.0,9.0,-0.5,3.4,-3.2,-0.02312925170068027,620.0,710.0,1212.5
BL011,DEET,50.0,5.0,3.0,4.0,-0.5,1.4,-1.4,-0.008333333333333333,585.0,622.5,1165.0
BL011,DEET,50.0,5.0,4.0,1.3333333333333333,-0.3333333333333333,0.6,-0.6,-0.0013937282229965157,622.5,612.5,1262.5
BL011,DEET,5.0,5.0,1.0,1.5,-0.25,0.8,-0.8,-0.007594936708860759,587.5,572.5,1197.5
BL011,DEET,5.0,5.0,2.0,3.5,0.0,1.0,-1.2,-0.004878048780487805,615.0,645.0,1170.0
BL011,DEET,5.0,5.0,3.0,1.6666666666666667,-0.3333333333333333,0.6,-0.8,-0.003125,627.5,547.5,1132.5
BL011,DEET,5.0,5.0,4.0,3.0,-0.5,0.8,-0.8,-0.004424778761061947,762.5,632.5,1187.5
BL011,DEET,0.5,5.0,1.0,1.6666666666666667,-0.6666666666666666,0.8,-0.8,-0.004324324324324324,555.0,602.5,1202.5
BL011,DEET,0.5,5.0,2.0,4.0,0.0,1.0,-1.2,-0.0064516129032258064,600.0,617.5,1297.5
BL011,DEET,0.5,5.0,3.0,2.0,0.0,0.6,-0.4,-0.0017167381974248926,657.5,612.5,1180.0
BL011,DEET,0.5,5.0,4.0,1.5,-0.75,0.8,-0.8,-0.005076142131979695,785.0,667.5,1250.0
BL011,DEET,0.05,5.0,1.0,15.0,0.0,5.6,-5.6,-0.031638418079096044,577.5,710.0,1197.5
BL011,DEET,0.05,5.0,2.0,4.0,1.0,0.6,-0.6,-0.005333333333333333,640.0,547.5,1260.0
BL011,DEET,0.05,5.0,3.0,4.0,0.0,0.6,-0.6,-0.002158273381294964,657.5,645.0,1202.5
BL011,DEET,0.05,5.0,4.0,1.4285714285714286,-0.5714285714285714,0.8,-0.6,-0.005090909090909091,1472.5,680.0,1262.5
BL011,Propoxur,500.0,1.0,1.0,1.0,-0.9629629629629629,0.6,-8.2,-0.05416666666666667,1187.5,680.0,1327.5
BL011,Propoxur,500.0,1.0,2.0,1.0,-0.5714285714285714,1.0,-0.8,-0.002777777777777778,792.5,630.0,1407.5
BL011,Propoxur,500.0,1.0,3.0,1.0,-0.9851301115241635,5.0,-18.0,-0.1840277777777778,6505.0,1095.0,2157.5
BL011,Propoxur,500.0,1.0,4.0,2.9884090484202654,-0.7215367358384744,471.4,-314.6,-22.386872586872588,6319505.0,1417135.0,3919522.5
BL011,Propoxur,50.0,1.0,1.0,1.2,-0.8,0.8,-0.8,-0.01098901098901099,720.0,660.0,1320.0
BL011,Propoxur,50.0,1.0,2.0,1.0,-0.9891891891891892,0.6,-11.6,-0.12708333333333333,3287.5,747.5,1542.5
BL011,Propoxur,50.0,1.0,3.0,1.0,-0.9699248120300752,1.0,-10.6,-0.08958333333333333,3775.0,1037.5,2500.0
BL011,Propoxur,50.0,1.0,4.0,2.6655157894736843,-0.7546105263157895,373.0,-308.0,-22.192277992277994,6449337.5,1053642.5,2946197.5
BL011,Propoxur,5.0,1.0,1.0,1.0,-0.9428571428571428,1.0,-5.2,-0.04583333333333333,1317.5,717.5,1995.0
BL011,Propoxur,5.0,1.0,2.0,1.0,-0.9310344827586207,0.8,-3.0,-0.01875,945.0,697.5,1325.0
BL011,Propoxur,5.0,1.0,3.0,1.0,-0.9938650306748467,1.4,-19.4,-0.225,5635.0,820.0,1445.0
BL011,Propoxur,5.0,1.0,4.0,1.0,-0.9487643158529234,12.8,-44.2,-1.0930555555555554,336707.5,85135.0,102582.5
BL011,Propoxur,0.5,1.0,1.0,1.0,-0.9714285714285714,0.6,-5.6,-0.04722222222222222,1407.5,700.0,1357.5
BL011,Propoxur,0.5,1.0,2.0,1.0,-0.85,1.0,-1.8,-0.011805555555555555,1062.5,702.5,1437.5
BL011,Propoxur,0.5,1.0,3.0,1.0,-0.958904109589041,1.4,-5.2,-0.04861111111111111,1912.5,765.0,1647.5
BL011,Propoxur,0.5,1.0,4.0,1.9068342016549187,-0.8237817958933497,70.0,-65.2,-4.499601593625498,1427445.0,352475.0,740525.0
BL011,Propoxur,0.05,1.0,1.0,1.0,-0.8421052631578947,1.4,-5.8,-0.03333333333333333,2722.5,915.0,4362.5
BL011,Propoxur,0.05,1.0,2.0,1.0,-0.9917355371900827,1.2,-15.4,-0.16666666666666666,5495.0,977.5,1707.5
BL011,Propoxur,0.05,1.0,3.0,1.0,-0.9959349593495935,1.0,-16.0,-0.1701388888888889,5335.0,1062.5,2195.0
BL011,Propoxur,0.05,1.0,4.0,2.1365019901662374,-0.806836806368532,120.4,-75.2,-6.535433070866142,1994255.0,404830.0,1049580.0
BL011,Propoxur,500.0,2.0,1.0,1.0,-0.9649122807017544,1.6,-6.8,-0.03819444444444445,1032.5,632.5,1327.5
BL011,Propoxur,500.0,2.0,2.0,1.0,-0.8875,0.6,-9.2,-0.049305555555555554,1280.0,722.5,2075.0
BL011,Propoxur,500.0,2.0,3.0,1.0,-0.9883720930232558,0.8,-9.6,-0.059027777777777776,1885.0,760.0,1442.5
BL011,Propoxur,500.0,2.0,4.0,2.661708751297129,-0.6229678312002768,154.8,-86.8,-4.768953068592058,1662170.0,376862.5,659510.0
BL011,Propoxur,50.0,2.0,1.0,1.0,-0.9826086956521739,0.6,-12.0,-0.07847222222222222,1462.5,630.0,1285.0
BL011,Propoxur,50.0,2.0,2.0,1.0,-0.5,2.2,-5.8,-0.02361111111111111,1375.0,715.0,7205.0
BL011,Propoxur,50.0,2.0,3.0,1.0,-0.918918918918919,0.8,-3.8,-0.02361111111111111,2160.0,740.0,1895.0
BL011,Propoxur,50.0,2.0,4.0,3.136262175324675,-0.7575081168831169,746.8,-224.4,-20.592779783393503,6152247.5,588800.0,2135182.5
BL011,Propoxur,5.0,2.0,1.0,1.0,-0.9047619047619048,0.8,-2.2,-0.013194444444444444,747.5,697.5,1352.5
BL011,Propoxur,5.0,2.0,2.0,1.0,-0.992619926199262,0.6,-25.8,-0.18680555555555556,3777.5,680.0,1390.0
BL011,Propoxur,5.0,2.0,3.0,1.0,-0.7,1.0,-1.0,-0.004861111111111111,1655.0,790.0,1607.5
BL011,Propoxur,5.0,2.0,4.0,2.8850507416081186,-0.7016003122560499,342.0,-109.0,-9.501075268817205,3069047.5,488510.0,1116335.0
BL011,Propoxur,0.5,2.0,1.0,1.0,-0.84,0.8,-2.2,-0.014583333333333334,1092.5,722.5,1497.5
BL011,Propoxur,0.5,2.0,2.0,1.0,-0.9917355371900827,0.6,-8.8,-0.08333333333333333,2442.5,732.5,1395.0
BL011,Propoxur,0.5,2.0,3.0,1.0,-0.8333333333333334,0.8,-1.0,-0.006944444444444444,1907.5,895.0,1837.5
BL011,Propoxur,0.5,2.0,4.0,2.8517097581317765,-0.7382819015846539,462.2,-123.0,-11.130465949820788,3595340.0,582142.5,1389952.5
BL011,Propoxur,0.05,2.0,1.0,1.0,-0.9015151515151515,4.2,-29.2,-0.16527777777777777,4792.5,1632.5,8325.0
BL011,Propoxur,0.05,2.0,2.0,2.111111111111111,-0.6666666666666666,1.6,-1.8,-0.012549019607843137,2860.0,1377.5,3097.5
BL011,Propoxur,0.05,2.0,3.0,1.0,-0.9761904761904762,1.4,-7.2,-0.05694444444444444,4435.0,1370.0,3300.0
BL011,Propoxur,0.05,2.0,4.0,2.9821797240030423,-0.7742040638922091,640.2,-240.8,-18.119285714285713,5477247.5,569285.0,1996310.0
BL011,Propoxur,500.0,3.0,1.0,1.0,-0.9473684210526315,0.6,-4.8,-0.025,772.5,590.0,1127.5
BL011,Propoxur,500.0,3.0,2.0,1.0,-0.9523809523809523,0.6,-2.4,-0.027777777777777776,1110.0,620.0,1160.0
BL011,Propoxur,500.0,3.0,3.0,1.0,-0.99079754601227,0.8,-26.0,-0.22430555555555556,5977.5,852.5,1622.5
BL011,Propoxur,500.0,3.0,4.0,2.7048071387449624,-0.5713874496257916,531.2,-179.2,-11.336917562724015,4552490.0,1427812.5,2557642.5
BL011,Propoxur,50.0,3.0,1.0,1.0,-0.875,1.6,-2.2,-0.009722222222222222,697.5,620.0,1302.5
BL011,Propoxur,50.0,3.0,2.0,1.0,-0.9636363636363636,1.4,-3.2,-0.03680555555555556,1375.0,585.0,1172.5
BL011,Propoxur,50.0,3.0,3.0,1.0,-0.9855072463768116,0.8,-3.0,-0.04722222222222222,2502.5,800.0,1377.5
BL011,Propoxur,50.0,3.0,4.0,2.305630936227951,-0.8870420624151968,376.4,-126.0,-9.300719424460432,3125742.5,762240.0,501367.5
BL011,Propoxur,5.0,3.0,1.0,1.0,-0.9285714285714286,1.2,-1.4,-0.009027777777777777,842.5,697.5,1302.5
BL011,Propoxur,5.0,3.0,2.0,1.0,-0.9230769230769231,1.2,-5.8,-0.058333333333333334,2255.0,710.0,3065.0
BL011,Propoxur,5.0,3.0,3.0,1.0,-0.9907407407407407,0.6,-6.0,-0.07430555555555556,3092.5,770.0,1415.0
BL011,Propoxur,5.0,3.0,4.0,2.5614982284460943,-0.6853382824363085,429.8,-149.8,-9.546236559139786,3225587.5,833995.0,992442.5
BL011,Propoxur,0.5,3.0,1.0,1.0,-0.9310344827586207,1.2,-3.8,-0.01875,1377.5,705.0,1355.0
BL011,Propoxur,0.5,3.0,2.0,1.0,-0.9962546816479401,2.4,-8.0,-0.18472222222222223,10270.0,747.5,1497.5
BL011,Propoxur,0.5,3.0,3.0,1.0,-0.9743589743589743,1.0,-4.4,-0.07916666666666666,4095.0,727.5,1387.5
BL011,Propoxur,0.5,3.0,4.0,1.2855879752431476,-0.9133510167992926,26.8,-30.4,-0.958303886925795,164622.5,41160.0,93800.0
BL011,Propoxur,0.05,3.0,1.0,1.0454545454545454,-0.7272727272727273,1.8,-1.6,-0.011846689895470384,5277.5,955.0,2142.5
BL011,Propoxur,0.05,3.0,2.0,1.0,-0.912,2.6,-5.2,-0.07916666666666666,8460.0,1392.5,5407.5
BL011,Propoxur,0.05,3.0,3.0,1.0,-0.975,1.6,-3.2,-0.05416666666666667,6955.0,1772.5,3157.5
BL011,Propoxur,0.05,3.0,4.0,2.3832843052431216,-0.8840629866758954,371.4,-145.6,-9.392831541218637,3009862.5,728477.5,489502.5
BL011,Propoxur,500.0,4.0,1.0,1.2857142857142858,-0.9285714285714286,3.4,-3.4,-0.04358974358974359,612.5,485.0,1015.0
BL011,Propoxur,500.0,4.0,2.0,1.0,-0.8571428571428571,0.8,-1.4,-0.008333333333333333,655.0,520.0,1010.0
BL011,Propoxur,500.0,4.0,3.0,1.0,-0.9924242424242424,0.8,-8.4,-0.09097222222222222,3287.5,720.0,1150.0
BL011,Propoxur,500.0,4.0,4.0,1.2451923076923077,-0.9201505016722408,82.2,-54.0,-3.9539007092198584,1671945.0,582722.5,456097.5
BL011,Propoxur,50.0,4.0,1.0,1.0,-0.8888888888888888,0.6,-0.8,-0.005555555555555556,587.5,515.0,942.5
BL011,Propoxur,50.0,4.0,2.0,1.0,-1.0,0.6,-3.4,-0.022222222222222223,747.5,565.0,967.5
BL011,Propoxur,50.0,4.0,3.0,1.0,-0.975,1.2,-4.0,-0.027083333333333334,1415.0,670.0,1217.5
BL011,Propoxur,50.0,4.0,4.0,1.2534536747098912,-0.9198747467305213,67.4,-46.6,-4.566308243727598,1905265.0,672690.0,570360.0
BL011,Propoxur,5.0,4.0,1.0,1.0,-0.8,0.8,-0.8,-0.002777777777777778,620.0,485.0,1050.0
BL011,Propoxur,5.0,4.0,2.0,1.0,-0.9459459459459459,0.6,-2.4,-0.024305555555555556,1155.0,550.0,1142.5
BL011,Propoxur,5.0,4.0,3.0,1.0,-0.9907407407407407,0.6,-5.8,-0.07430555555555556,2602.5,732.5,1272.5
BL011,Propoxur,5.0,4.0,4.0,1.4253835425383543,-0.8947001394700139,127.2,-67.2,-6.760714285714286,2722922.5,804417.5,675182.5
BL011,Propoxur,0.5,4.0,1.0,1.0,-0.96,0.6,-2.4,-0.016666666666666666,1105.0,597.5,1042.5
BL011,Propoxur,0.5,4.0,2.0,1.0,-0.990521327014218,1.0,-10.6,-0.1451388888888889,5147.5,770.0,1640.0
BL011,Propoxur,0.5,4.0,3.0,1.0,-0.8461538461538461,0.6,-1.2,-0.007638888888888889,1125.0,710.0,1207.5
BL011,Propoxur,0.5,4.0,4.0,1.1339966130397967,-0.9337425910245555,40.6,-62.2,-3.6028571428571428,1316542.5,505862.5,402952.5
BL011,Propoxur,0.05,4.0,1.0,1.3571428571428572,0.35714285714285715,1.8,-1.4,0.0,3652.5,1045.0,7035.0
BL011,Propoxur,0.05,4.0,2.0,1.0,-0.9605263157894737,1.4,-4.0,-0.050694444444444445,5055.0,1225.0,2172.5
BL011,Propoxur,0.05,4.0,3.0,1.0,-0.9402985074626866,1.4,-4.0,-0.04375,4272.5,1525.0,3080.0
BL011,Propoxur,0.05,4.0,4.0,1.0182926829268293,-0.9192799070847851,39.4,-68.0,-2.298220640569395,754825.0,355245.0,298115.0
BL011,Propoxur,500.0,5.0,1.0,2.0,0.5,0.6,-0.4,-0.002777777777777778,622.5,552.5,1172.5
BL011,Propoxur,500.0,5.0,2.0,5.0,0.0,0.6,-0.8,-0.2,632.5,622.5,1160.0
BL011,Propoxur,500.0,5.0,3.0,1.0,-0.9803921568627451,1.0,-2.6,-0.034722222222222224,3082.5,827.5,1425.0
BL011,Propoxur,500.0,5.0,4.0,1.8587524045067325,-0.9736191261335532,207.8,-152.4,-9.69890909090909,2373922.5,610080.0,257322.5
BL011,Propoxur,50.0,5.0,1.0,2.0,-0.5,0.6,-0.6,-0.005454545454545455,590.0,587.5,1205.0
BL011,Propoxur,50.0,5.0,2.0,5.333333333333333,-0.3333333333333333,3.0,-3.0,-0.1076923076923077,715.0,657.5,1240.0
BL011,Propoxur,50.0,5.0,3.0,1.0,-0.8181818181818182,0.8,-1.4,-0.00625,1260.0,712.5,1235.0
BL011,Propoxur,50.0,5.0,4.0,1.7730761252852105,-0.9734494918066791,161.8,-96.6,-6.057553956834532,1698017.5,577885.0,295675.0
BL011,Propoxur,5.0,5.0,1.0,1.0,-0.7142857142857143,1.0,-1.2,-0.003472222222222222,767.5,527.5,1207.5
BL011,Propoxur,5.0,5.0,2.0,2.0,0.0,0.6,-0.6,-0.0014184397163120568,745.0,630.0,1255.0
BL011,Propoxur,5.0,5.0,3.0,1.0,-0.7857142857142857,0.8,-1.0,-0.007638888888888889,1637.5,815.0,1360.0
BL011,Propoxur,5.0,5.0,4.0,2.095599393019727,-0.9645630634651433,408.4,-278.4,-16.60431654676259,3279472.5,561750.0,235762.5
BL011,Propoxur,0.5,5.0,1.0,1.6666666666666667,-0.3333333333333333,0.6,-0.6,-0.002150537634408602,752.5,565.0,1220.0
BL011,Propoxur,0.5,5.0,2.0,1.5714285714285714,-0.7142857142857143,1.8,-1.8,-0.010112359550561797,942.5,625.0,1240.0
BL011,Propoxur,0.5,5.0,3.0,1.5,-0.8,1.6,-1.2,-0.00935251798561151,1607.5,780.0,1347.5
BL011,Propoxur,0.5,5.0,4.0,2.110238469227474,-0.9828644866485792,261.6,-168.2,-10.545323741007195,2338065.0,546397.5,220045.0
BL011,Propoxur,0.05,5.0,1.0,2.3076923076923075,1.3076923076923077,1.4,-1.2,0.0,1697.5,700.0,6200.0
BL011,Propoxur,0.05,5.0,2.0,1.4545454545454546,-0.7272727272727273,2.2,-2.0,-0.00948905109489051,1935.0,657.5,1677.5
BL011,Propoxur,0.05,5.0,3.0,1.0,-0.88,1.0,-1.4,-0.015277777777777777,2905.0,827.5,1702.5
BL011,Propoxur,0.05,5.0,4.0,1.903044315992293,-0.9483622350674373,473.0,-287.2,-17.220071684587815,3406357.5,607437.5,280037.5
BL011,Diazinon,500.0,1.0,1.0,1.0,-0.8333333333333334,0.6,-0.8,-0.003472222222222222,407.5,385.0,790.0
BL011,Diazinon,500.0,1.0,2.0,1.0160427807486632,-0.9946524064171123,1.6,-6.4,-0.13170731707317074,11520.0,437.5,817.5
BL011,Diazinon,500.0,1.0,3.0,1.0,-0.9814814814814815,3.6,-3.6,-0.03680555555555556,2312.5,480.0,880.0
BL011,Diazinon,500.0,1.0,4.0,1.0625757943245209,-0.9966044142614601,64.2,-77.2,-3.899107142857143,911445.0,345025.0,157692.5
BL011,Diazinon,50.0,1.0,1.0,1.0,-1.0,0.8,-2.2,-0.016666666666666666,652.5,455.0,757.5
BL011,Diazinon,50.0,1.0,2.0,1.0,-0.9791666666666666,1.6,-4.0,-0.03263888888888889,1587.5,337.5,837.5
BL011,Diazinon,50.0,1.0,3.0,1.0,-0.999054820415879,1.0,-14.2,-0.7340277777777777,67677.5,620.0,1895.0
BL011,Diazinon,50.0,1.0,4.0,1.0,-0.9986976340351639,47.0,-71.6,-3.1951388888888888,823757.5,192735.0,54700.0
BL011,Diazinon,5.0,1.0,1.0,5.5,-1.0,2.2,-2.0,-0.44,407.5,395.0,822.5
BL011,Diazinon,5.0,1.0,2.0,1.0,-0.9966329966329966,1.2,-12.4,-0.20555555555555555,11222.5,447.5,730.0
BL011,Diazinon,5.0,1.0,3.0,1.0,-0.9952830188679245,0.6,-10.2,-0.14652777777777778,6185.0,417.5,845.0
BL011,Diazinon,5.0,1.0,4.0,1.3935002195871762,-0.9995608256477821,128.2,-96.2,-5.540611353711791,1026800.0,272722.5,26522.5
BL011,Diazinon,0.5,1.0,1.0,1.3333333333333333,-0.6666666666666666,0.6,-0.6,-0.0022304832713754648,395.0,335.0,745.0
BL011,Diazinon,0.5,1.0,2.0,1.0,-1.0,1.2,-3.2,-0.05,2247.5,415.0,767.5
BL011,Diazinon,0.5,1.0,3.0,1.0,-0.9983660130718954,1.2,-18.6,-0.42430555555555555,27612.5,477.5,1487.5
BL011,Diazinon,0.5,1.0,4.0,1.0,-0.9995450409463148,36.2,-80.2,-3.051388888888889,506707.5,58842.5,2065.0
BL011,Diazinon,0.05,1.0,1.0,1.0,-0.8,0.6,-0.8,-0.002777777777777778,467.5,380.0,767.5
BL011,Diazinon,0.05,1.0,2.0,1.0,-0.9871794871794872,1.2,-4.6,-0.05347222222222222,2797.5,430.0,820.0
BL011,Diazinon,0.05,1.0,3.0,1.0,-1.0,0.6,-33.8,-0.6923611111111111,40980.0,607.5,1165.0
BL011,Diazinon,0.05,1.0,4.0,1.4439909297052154,-0.9997732426303855,147.2,-110.8,-5.5606986899563315,1007552.5,261835.0,24455.0
BL011,Diazinon,500.0,2.0,1.0,1.6666666666666667,-0.6666666666666666,1.6,-1.8,-0.014953271028037384,717.5,607.5,1385.0
BL011,Diazinon,500.0,2.0,2.0,1.6666666666666667,-0.6666666666666666,0.6,-0.6,-0.0030075187969924814,682.5,655.0,1252.5
BL011,Diazinon,500.0,2.0,3.0,8.0,-0.75,6.0,-6.0,-0.026271186440677965,1112.5,672.5,1347.5
BL011,Diazinon,500.0,2.0,4.0,11.941176470588236,-0.7058823529411765,20.0,-35.2,-1.1478260869565218,88685.0,201095.0,88145.0
BL011,Diazinon,50.0,2.0,1.0,2.0,-0.3333333333333333,0.6,-1.0,-0.0031007751937984496,690.0,642.5,1240.0
BL011,Diazinon,50.0,2.0,2.0,1.0,-0.25,0.6,-0.6,-0.0006944444444444445,660.0,605.0,1287.5
BL011,Diazinon,50.0,2.0,3.0,1.4,-0.7,2.4,-1.8,-0.012290502793296089,1270.0,942.5,1545.0
BL011,Diazinon,50.0,2.0,4.0,17.756756756756758,0.972972972972973,36.4,-64.4,-2.92,165452.5,585530.0,163092.5
BL011,Diazinon,5.0,2.0,1.0,2.3333333333333335,-0.3333333333333333,1.2,-1.2,-0.011111111111111112,632.5,642.5,1217.5
BL011,Diazinon,5.0,2.0,2.0,4.333333333333333,-0.3333333333333333,2.0,-2.4,-0.009016393442622951,742.5,637.5,1277.5
BL011,Diazinon,5.0,2.0,3.0,1.25,-0.875,1.0,-0.8,-0.006338028169014085,992.5,737.5,1397.5
BL011,Diazinon,5.0,2.0,4.0,18.51412429378531,0.711864406779661,35.6,-48.0,-2.9592039800995025,175130.0,555492.5,190437.5
BL011,Diazinon,0.5,2.0,1.0,1.0,-0.5,0.4,-0.6,-0.001388888888888889,680.0,610.0,1225.0
BL011,Diazinon,0.5,2.0,2.0,2.0,-0.5,0.8,-1.4,-0.004285714285714286,735.0,657.5,1217.5
BL011,Diazinon,0.5,2.0,3.0,1.3333333333333333,-0.3333333333333333,0.4,-0.6,-0.00145985401459854,692.5,725.0,1270.0
BL011,Diazinon,0.5,2.0,4.0,9.335766423357665,-0.7007299270072993,17.6,-33.4,-1.1961352657004831,91055.0,212030.0,88465.0
BL011,Diazinon,0.05,2.0,1.0,1.6666666666666667,0.3333333333333333,1.0,-0.8,-0.0009478672985781991,682.5,737.5,1237.5
BL011,Diazinon,0.05,2.0,2.0,1.6666666666666667,-0.6666666666666666,0.8,-0.8,-0.004020100502512563,677.5,837.5,1265.0
BL011,Diazinon,0.05,2.0,3.0,9.333333333333334,0.0,5.4,-5.2,-0.06097560975609756,775.0,847.5,1427.5
BL011,Diazinon,0.05,2.0,4.0,12.9125,0.23125,33.6,-43.8,-1.771563981042654,117882.5,293552.5,119157.5
BL011,Diazinon,500.0,3.0,1.0,4.0,1.0,0.6,-0.4,-0.008888888888888889,552.5,512.5,1012.5
BL011,Diazinon,500.0,3.0,2.0,1.2,-0.8,1.0,-1.0,-0.009615384615384616,537.5,502.5,1075.0
BL011,Diazinon,500.0,3.0,3.0,1.3333333333333333,-0.6666666666666666,1.4,-1.4,-0.05217391304347826,590.0,495.0,1060.0
BL011,Diazinon,500.0,3.0,4.0,1.0,-0.9473684210526315,1.0,-1.4,-0.0125,1907.5,552.5,1095.0
BL011,Diazinon,50.0,3.0,1.0,1.3333333333333333,-0.6666666666666666,0.6,-0.6,-0.0026905829596412557,540.0,570.0,1070.0
BL011,Diazinon,50.0,3.0,2.0,1.6666666666666667,-0.3333333333333333,0.6,-0.6,-0.0075,547.5,530.0,1045.0
BL011,Diazinon,50.0,3.0,3.0,2.3333333333333335,-0.6666666666666666,1.2,-1.2,-0.00909090909090909,535.0,510.0,1045.0
BL011,Diazinon,50.0,3.0,4.0,1.0,-0.9473684210526315,1.4,-1.4,-0.0125,2122.5,595.0,1122.5
BL011,Diazinon,5.0,3.0,1.0,6.0,1.0,0.6,-1.0,-0.007079646017699115,500.0,480.0,1127.5
BL011,Diazinon,5.0,3.0,2.0,4.0,1.0,0.6,-0.6,-0.0024390243902439024,537.5,555.0,1040.0
BL011,Diazinon,5.0,3.0,3.0,1.3333333333333333,-0.6666666666666666,0.6,-0.6,-0.0023715415019762848,555.0,520.0,1100.0
BL011,Diazinon,5.0,3.0,4.0,1.3103448275862069,-0.896551724137931,1.8,-1.4,-0.025179856115107913,5145.0,1460.0,2800.0
BL011,Diazinon,0.5,3.0,1.0,1.0,-0.8,0.6,-0.4,-0.002777777777777778,520.0,525.0,1010.0
BL011,Diazinon,0.5,3.0,2.0,1.0,-0.75,0.6,-0.4,-0.0020833333333333333,547.5,515.0,1030.0
BL011,Diazinon,0.5,3.0,3.0,1.3333333333333333,-0.6666666666666666,0.6,-0.6,-0.0020905923344947735,635.0,530.0,1060.0
BL011,Diazinon,0.5,3.0,4.0,1.1666666666666667,-0.8333333333333334,0.8,-1.0,-0.004181184668989547,765.0,747.5,1255.0
BL011,Diazinon,0.05,3.0,1.0,1.0,-0.5,0.6,-0.6,-0.001388888888888889,542.5,652.5,960.0
BL011,Diazinon,0.05,3.0,2.0,3.0,0.0,1.0,-0.8,-0.005594405594405594,530.0,672.5,1097.5
BL011,Diazinon,0.05,3.0,3.0,2.1666666666666665,-0.6666666666666666,2.4,-2.0,-0.024719101123595506,677.5,917.5,1280.0
BL011,Diazinon,0.05,3.0,4.0,1.0,-0.9473684210526315,1.2,-1.2,-0.0125,2445.0,1290.0,1660.0
BL011,Diazinon,500.0,4.0,1.0,1.0,-0.6,0.6,-0.6,-0.0020833333333333333,615.0,612.5,1150.0
BL011,Diazinon,500.0,4.0,2.0,1.0,-0.6666666666666666,0.6,-0.8,-0.002777777777777778,600.0,617.5,1232.5
BL011,Diazinon,500.0,4.0,3.0,1.0,-0.9565217391304348,1.6,-2.2,-0.015277777777777777,1085.0,712.5,1252.5
BL011,Diazinon,500.0,4.0,4.0,27.613095238095237,-0.11904761904761904,95.4,-81.4,-4.177674418604651,670955.0,525612.5,263092.5
BL011,Diazinon,50.0,4.0,1.0,2.0,-0.6666666666666666,0.8,-0.8,-0.01098901098901099,620.0,587.5,1217.5
BL011,Diazinon,50.0,4.0,2.0,1.0,-0.8571428571428571,1.0,-1.6,-0.008333333333333333,680.0,597.5,1212.5
BL011,Diazinon,50.0,4.0,3.0,1.0,-0.967741935483871,0.6,-1.8,-0.020833333333333332,1332.5,792.5,1300.0
BL011,Diazinon,50.0,4.0,4.0,31.853503184713375,-0.044585987261146494,108.2,-96.2,-4.111016949152543,708470.0,517720.0,248397.5
BL011,Diazinon,5.0,4.0,1.0,4.0,0.0,1.4,-1.2,-0.009836065573770493,610.0,560.0,1260.0
BL011,Diazinon,5.0,4.0,2.0,1.0,-0.9285714285714286,1.4,-1.4,-0.009027777777777777,760.0,612.5,1210.0
BL011,Diazinon,5.0,4.0,3.0,1.0,-0.9901960784313726,2.6,-5.8,-0.07013888888888889,12485.0,8502.5,7660.0
BL011,Diazinon,5.0,4.0,4.0,34.04761904761905,-0.9880952380952381,98.8,-118.0,-5.221917808219178,737170.0,437802.5,69997.5
BL011,Diazinon,0.5,4.0,1.0,2.0,-0.6666666666666666,0.8,-1.0,-0.004424778761061947,600.0,592.5,1202.5
BL011,Diazinon,0.5,4.0,2.0,1.0,-0.9,0.6,-1.0,-0.00625,730.0,625.0,1177.5
BL011,Diazinon,0.5,4.0,3.0,1.096774193548387,-0.7096774193548387,2.2,-3.2,-0.04950495049504951,1490.0,3600.0,14055.0
BL011,Diazinon,0.5,4.0,4.0,41.71341463414634,-0.975609756097561,115.4,-106.2,-6.272477064220183,814600.0,615932.5,113052.5
BL011,Diazinon,0.05,4.0,1.0,2.0,-0.5,0.6,-0.6,-0.002575107296137339,692.5,647.5,1237.5
BL011,Diazinon,0.05,4.0,2.0,1.5333333333333334,-0.9333333333333333,3.6,-3.8,-0.01611721611721612,1102.5,812.5,1310.0
BL011,Diazinon,0.05,4.0,3.0,1.0,-0.9375,1.0,-1.4,-0.010416666666666666,1242.5,875.0,1370.0
BL011,Diazinon,0.05,4.0,4.0,6.984210526315789,-0.9894736842105263,34.2,-31.0,-1.1228813559322033,235282.5,84960.0,9557.5
BL011,Diazinon,500.0,5.0,1.0,1.0,-0.5,0.6,-0.6,-0.001388888888888889,552.5,512.5,1035.0
BL011,Diazinon,500.0,5.0,2.0,1.0,-0.875,1.4,-1.4,-0.004861111111111111,685.0,540.0,1012.5
BL011,Diazinon,500.0,5.0,3.0,1.25,-0.9166666666666666,2.6,-2.8,-0.04516129032258064,887.5,677.5,1272.5
BL011,Diazinon,500.0,5.0,4.0,9.695530726256983,-0.12011173184357542,37.4,-49.0,-3.5661016949152544,122860.0,776070.0,613302.5
BL011,Diazinon,50.0,5.0,1.0,1.3333333333333333,-0.3333333333333333,0.6,-0.6,-0.001568627450980392,555.0,475.0,1077.5
BL011,Diazinon,50.0,5.0,2.0,1.0,-0.5,0.6,-0.8,-0.001388888888888889,557.5,535.0,1082.5
BL011,Diazinon,50.0,5.0,3.0,1.0103092783505154,-0.9484536082474226,3.0,-3.4,-0.06714801444043321,12557.5,4085.0,11027.5
BL011,Diazinon,50.0,5.0,4.0,9.014124293785311,-0.3248587570621469,34.0,-41.8,-3.31685393258427,131677.5,727510.0,526130.0
BL011,Diazinon,5.0,5.0,1.0,1.0,-0.8,0.6,-0.8,-0.002777777777777778,507.5,527.5,1025.0
BL011,Diazinon,5.0,5.0,2.0,1.0,-0.8333333333333334,1.0,-0.8,-0.003472222222222222,677.5,507.5,1117.5
BL011,Diazinon,5.0,5.0,3.0,1.0,-0.95,1.4,-1.4,-0.013194444444444444,1902.5,742.5,1212.5
BL011,Diazinon,5.0,5.0,4.0,13.9291553133515,-0.5667574931880109,45.8,-74.2,-5.503333333333333,135842.5,1021742.5,416000.0
BL011,Diazinon,0.5,5.0,1.0,1.0,-0.75,0.6,-0.8,-0.0020833333333333333,552.5,510.0,1025.0
BL011,Diazinon,0.5,5.0,2.0,3.3333333333333335,-0.6666666666666666,3.6,-3.8,-0.04390243902439024,652.5,565.0,1187.5
BL011,Diazinon,0.5,5.0,3.0,1.0,-0.9836065573770492,1.2,-2.4,-0.041666666666666664,6457.5,1042.5,1820.0
BL011,Diazinon,0.5,5.0,4.0,1.1237113402061856,-0.9587628865979382,2.6,-2.2,-0.07636363636363637,12677.5,6755.0,12840.0
BL011,Diazinon,0.05,5.0,1.0,1.0,-0.75,0.6,-0.6,-0.0020833333333333333,590.0,677.5,1115.0
BL011,Diazinon,0.05,5.0,2.0,2.0,-0.5,1.0,-1.2,-0.010434782608695653,715.0,772.5,1142.5
BL011,Diazinon,0.05,5.0,3.0,1.75,-0.9404761904761905,5.6,-4.4,-0.3594936708860759,12322.5,18840.0,61445.0
BL011,Diazinon,0.05,5.0,4.0,1.5380434782608696,-0.9918478260869565,13.8,-11.8,-0.5895287958115183,91307.5,145025.0,55195.0
BL011,Trimethoprim,500.0,1.0,1.0,1.0,-0.9523809523809523,1.0,-2.0,-0.013888888888888888,980.0,430.0,865.0
BL011,Trimethoprim,500.0,1.0,2.0,1.0,-0.9938650306748467,4.8,-8.6,-0.225,25812.5,1130.0,3202.5
BL011,Trimethoprim,500.0,1.0,3.0,1.0757575757575757,-0.9848484848484849,1.0,-2.6,-0.04878048780487805,4610.0,540.0,982.5
BL011,Trimethoprim,500.0,1.0,4.0,1.315582395461616,-0.9967975112087107,276.4,-119.6,-10.136395759717315,2381820.0,572377.5,958037.5
BL011,Trimethoprim,50.0,1.0,1.0,1.0,-0.625,0.8,-0.6,-0.003472222222222222,677.5,510.0,775.0
BL011,Trimethoprim,50.0,1.0,2.0,1.0,-0.9819819819819819,1.0,-4.4,-0.07569444444444444,6985.0,360.0,717.5
BL011,Trimethoprim,50.0,1.0,3.0,1.0,-0.9927536231884058,3.6,-4.4,-0.09513888888888888,10350.0,557.5,1020.0
BL011,Trimethoprim,50.0,1.0,4.0,1.3464155868369534,-0.9954320872564557,268.4,-144.6,-10.17243816254417,2207580.0,468642.5,858687.5
BL011,Trimethoprim,5.0,1.0,1.0,1.0,-0.9375,0.6,-1.8,-0.010416666666666666,860.0,462.5,810.0
BL011,Trimethoprim,5.0,1.0,2.0,1.0,-0.9872611464968153,1.8,-3.2,-0.1076388888888889,10582.5,440.0,810.0
BL011,Trimethoprim,5.0,1.0,3.0,1.0642201834862386,-1.0,2.0,-3.0,-0.08169014084507042,8540.0,477.5,1065.0
BL011,Trimethoprim,5.0,1.0,4.0,1.345185324908045,-0.9950957276242572,304.2,-140.0,-10.043109540636042,2236055.0,452190.0,803607.5
BL011,Trimethoprim,0.5,1.0,1.0,8.0,4.333333333333333,1.8,-2.4,-0.02077922077922078,732.5,457.5,7587.5
BL011,Trimethoprim,0.5,1.0,2.0,1.0134228187919463,-0.9865771812080537,3.2,-5.8,-0.10492957746478873,9820.0,445.0,787.5
BL011,Trimethoprim,0.5,1.0,3.0,1.0,-0.9968152866242038,4.4,-9.0,-0.21736111111111112,24305.0,680.0,1232.5
BL011,Trimethoprim,0.5,1.0,4.0,1.376206098031648,-0.9958510227711308,267.6,-167.0,-10.085106382978724,2269940.0,590185.0,1085787.5
BL011,Trimethoprim,0.05,1.0,1.0,2.4166666666666665,0.3333333333333333,1.8,-1.8,-0.06666666666666667,1327.5,567.5,9560.0
BL011,Trimethoprim,0.05,1.0,2.0,1.0126582278481013,-0.9493670886075949,2.4,-4.2,-0.05333333333333334,5642.5,602.5,1677.5
BL011,Trimethoprim,0.05,1.0,3.0,1.0,-0.9943502824858758,5.2,-9.6,-0.36666666666666664,44382.5,1517.5,2520.0
BL011,Trimethoprim,0.05,1.0,4.0,1.3562393807815745,-0.8227298470832547,251.4,-149.8,-8.826855123674912,2384645.0,716577.5,1384782.5
BL011,Trimethoprim,500.0,2.0,1.0,1.25,-0.75,0.8,-0.6,-0.0027874564459930314,1100.0,912.5,1485.0
BL011,Trimethoprim,500.0,2.0,2.0,1.0833333333333333,-0.8333333333333334,1.0,-1.0,-0.00805860805860806,2242.5,940.0,1712.5
BL011,Trimethoprim,500.0,2.0,3.0,98.08333333333333,93.33333333333333,20.4,-13.6,-3.0,5542.5,29755.0,637627.5
BL011,Trimethoprim,500.0,2.0,4.0,3.2651502843216895,-0.865800162469537,431.8,-497.8,-14.327881040892194,2829415.0,3334422.5,6146255.0
BL011,Trimethoprim,50.0,2.0,1.0,1.0,-0.7142857142857143,0.6,-0.8,-0.003472222222222222,1312.5,942.5,1457.5
BL011,Trimethoprim,50.0,2.0,2.0,1.3636363636363635,-0.9090909090909091,1.0,-1.0,-0.01003584229390681,2387.5,970.0,1732.5
BL011,Trimethoprim,50.0,2.0,3.0,1.1111111111111112,-0.8148148148148148,2.0,-2.0,-0.01845018450184502,5222.5,2222.5,4105.0
BL011,Trimethoprim,50.0,2.0,4.0,3.5676955454226587,-0.9051210101718695,426.6,-743.0,-14.72267657992565,2750392.5,3354687.5,5225477.5
BL011,Trimethoprim,5.0,2.0,1.0,2.0,-0.5,1.0,-1.2,-0.005042016806722689,1337.5,1065.0,1717.5
BL011,Trimethoprim,5.0,2.0,2.0,1.6,-0.4,0.8,-0.8,-0.003703703703703704,1485.0,967.5,1602.5
BL011,Trimethoprim,5.0,2.0,3.0,1.05,-0.85,1.0,-1.8,-0.012543554006968641,4005.0,1935.0,4082.5
BL011,Trimethoprim,5.0,2.0,4.0,2.3445571331981068,-0.8231237322515212,321.6,-302.8,-33.05154639175258,2683847.5,2976280.0,8815590.0
BL011,Trimethoprim,0.5,2.0,1.0,1.5,-0.5,0.8,-0.8,-0.002952029520295203,1285.0,1175.0,1895.0
BL011,Trimethoprim,0.5,2.0,2.0,4.0,-0.8461538461538461,9.8,-9.8,-0.20833333333333334,2087.5,1145.0,2125.0
BL011,Trimethoprim,0.5,2.0,3.0,1.2222222222222223,-0.8333333333333334,1.6,-1.4,-0.013669064748201438,3555.0,2175.0,4262.5
BL011,Trimethoprim,0.5,2.0,4.0,2.841675330461904,-0.8529630179711867,375.2,-513.2,-13.489219330855018,2795127.5,3460992.5,8520952.5
BL011,Trimethoprim,0.05,2.0,1.0,147.71428571428572,143.71428571428572,13.4,-15.2,-4.2,2340.0,3597.5,375232.5
BL011,Trimethoprim,0.05,2.0,2.0,1.5,-0.2,1.4,-1.2,-0.005128205128205128,2882.5,3500.0,3882.5
BL011,Trimethoprim,0.05,2.0,3.0,6.595238095238095,2.4603174603174605,12.8,-13.6,-1.082191780821918,163085.0,149527.5,455237.5
BL011,Trimethoprim,0.05,2.0,4.0,4.100641773628938,0.8639148191365228,347.6,-194.8,-21.447552447552447,2918577.5,5745110.0,11645080.0
BL011,Trimethoprim,500.0,3.0,1.0,2.0,0.0,0.6,-0.6,-0.0032520325203252032,502.5,482.5,1005.0
BL011,Trimethoprim,500.0,3.0,2.0,6.0,-0.6666666666666666,3.4,-3.4,-0.017708333333333333,655.0,695.0,1160.0
BL011,Trimethoprim,500.0,3.0,3.0,4.0,-0.3333333333333333,1.4,-1.0,-0.0078125,1640.0,1585.0,2447.5
BL011,Trimethoprim,500.0,3.0,4.0,79.4140350877193,24.57894736842105,240.0,-250.6,-12.323694779116465,5650952.5,5300280.0,6839485.0
BL011,Trimethoprim,50.0,3.0,1.0,16.5,-0.5,6.4,-6.4,-0.05333333333333334,570.0,527.5,1285.0
BL011,Trimethoprim,50.0,3.0,2.0,3.0,-0.5,0.6,-1.0,-0.006666666666666667,717.5,727.5,1317.5
BL011,Trimethoprim,50.0,3.0,3.0,6.5,0.0,2.2,-2.2,-0.007885304659498209,1172.5,1330.0,2022.5
BL011,Trimethoprim,50.0,3.0,4.0,69.63970588235294,14.426470588235293,70.6,-61.2,-7.562051282051282,1335447.5,2629940.0,3127267.5
BL011,Trimethoprim,5.0,3.0,1.0,1.6666666666666667,-0.3333333333333333,0.6,-0.6,-0.003947368421052632,577.5,577.5,1127.5
BL011,Trimethoprim,5.0,3.0,2.0,1.0,-0.8181818181818182,0.8,-1.2,-0.00625,937.5,895.0,1530.0
BL011,Trimethoprim,5.0,3.0,3.0,1.4,-0.2,0.6,-1.0,-0.0026905829596412557,972.5,1032.5,1772.5
BL011,Trimethoprim,5.0,3.0,4.0,61.5,8.96938775510204,40.6,-36.4,-5.401069518716578,662032.5,1754197.5,1823637.5
BL011,Trimethoprim,0.5,3.0,1.0,2.5,0.5,0.6,-0.6,-0.0017316017316017316,787.5,907.5,1522.5
BL011,Trimethoprim,0.5,3.0,2.0,1.4,-0.4,1.2,-1.0,-0.004395604395604396,1027.5,992.5,1570.0
BL011,Trimethoprim,0.5,3.0,3.0,9.5,1.0,3.4,-3.4,-0.01048951048951049,1097.5,1320.0,2192.5
BL011,Trimethoprim,0.5,3.0,4.0,74.51824817518248,16.883211678832115,55.8,-73.0,-7.797989949748744,1484110.0,2796055.0,3428217.5
BL011,Trimethoprim,0.05,3.0,1.0,8.0,-0.3333333333333333,1.6,-1.8,-0.02085308056872038,2602.5,3110.0,4015.0
BL011,Trimethoprim,0.05,3.0,2.0,3.1666666666666665,-0.6666666666666666,2.8,-3.0,-0.015384615384615385,2805.0,3122.5,3702.5
BL011,Trimethoprim,0.05,3.0,3.0,2.6666666666666665,0.0,1.2,-1.2,-0.017699115044247787,1692.5,1760.0,4672.5
BL011,Trimethoprim,0.05,3.0,4.0,33.80882352941177,5.911764705882353,21.0,-27.2,-2.3908496732026143,212790.0,639700.0,731985.0
BL011,Trimethoprim,500.0,4.0,1.0,1.0,-0.7142857142857143,0.8,-0.8,-0.003472222222222222,1422.5,887.5,1407.5
BL011,Trimethoprim,500.0,4.0,2.0,35.88235294117647,34.0,12.2,-7.8,-0.6,14135.0,29052.5,299942.5
BL011,Trimethoprim,500.0,4.0,3.0,42.0,41.0,8.8,-6.8,0.0,4960.0,9967.5,213695.0
BL011,Trimethoprim,500.0,4.0,4.0,38.29940119760479,28.494011976047904,111.2,-109.4,-6.839534883720931,1192092.5,1081337.5,6164112.5
BL011,Trimethoprim,50.0,4.0,1.0,2.25,-0.75,1.0,-1.2,-0.014035087719298246,1087.5,882.5,1397.5
BL011,Trimethoprim,50.0,4.0,2.0,1.1111111111111112,-0.8888888888888888,1.2,-1.0,-0.006382978723404255,1832.5,917.5,1765.0
BL011,Trimethoprim,50.0,4.0,3.0,41.77777777777778,39.0,17.8,-14.2,-1.92,37600.0,77562.5,597065.0
BL011,Trimethoprim,50.0,4.0,4.0,26.0078125,14.893229166666666,102.8,-140.2,-6.874336283185841,1220522.5,1116007.5,5640962.5
BL011,Trimethoprim,5.0,4.0,1.0,2.0,-0.75,1.0,-1.0,-0.006603773584905661,1140.0,992.5,1465.0
BL011,Trimethoprim,5.0,4.0,2.0,1.0,-0.7692307692307693,0.8,-0.8,-0.006944444444444444,1977.5,940.0,1537.5
BL011,Trimethoprim,5.0,4.0,3.0,1.4,-0.5,1.6,-1.6,-0.0062717770034843206,2420.0,1205.0,3397.5
BL011,Trimethoprim,5.0,4.0,4.0,32.639810426540286,31.639810426540283,140.0,-104.6,0.0,1230140.0,1196322.5,7215137.5
BL011,Trimethoprim,0.5,4.0,1.0,37.0,-0.3333333333333333,21.6,-22.0,-0.1744,1092.5,997.5,2172.5
BL011,Trimethoprim,0.5,4.0,2.0,1.0,-0.8181818181818182,1.0,-1.0,-0.00625,1902.5,910.0,1600.0
BL011,Trimethoprim,0.5,4.0,3.0,1.12,-0.8,2.4,-1.8,-0.017424242424242425,6547.5,1967.5,4485.0
BL011,Trimethoprim,0.5,4.0,4.0,25.297229219143578,16.256926952141058,109.6,-107.8,-5.32,1184635.0,1043607.5,5835137.5
BL011,Trimethoprim,0.05,4.0,1.0,427.5,418.0,11.2,-10.2,-3.4,1670.0,13737.5,405127.5
BL011,Trimethoprim,0.05,4.0,2.0,1.8571428571428572,-0.5714285714285714,2.0,-1.4,-0.009009009009009009,1837.5,1687.5,2670.0
BL011,Trimethoprim,0.05,4.0,3.0,4.166666666666667,0.3888888888888889,5.2,-5.2,-0.1171875,49265.0,23192.5,64620.0
BL011,Trimethoprim,0.05,4.0,4.0,34.67892156862745,15.821078431372548,111.6,-128.0,-11.6576,1304700.0,2076280.0,7794782.5
BL011,Trimethoprim,500.0,5.0,1.0,6.0,0.0,0.8,-1.0,-0.007751937984496124,580.0,682.5,1232.5
BL011,Trimethoprim,500.0,5.0,2.0,8.094594594594595,2.2027027027027026,11.2,-7.2,-1.3660377358490565,15097.5,60577.5,302282.5
BL011,Trimethoprim,500.0,5.0,3.0,3.3205741626794256,0.09569377990430622,12.6,-13.8,-0.5961538461538461,117757.5,181237.5,299945.0
BL011,Trimethoprim,500.0,5.0,4.0,1.9093724531377343,-0.4666666666666667,106.6,-119.0,-16.08,1992935.0,1472180.0,6016327.5
BL011,Trimethoprim,50.0,5.0,1.0,1.6666666666666667,-0.6666666666666666,0.8,-0.8,-0.0048484848484848485,695.0,732.5,1167.5
BL011,Trimethoprim,50.0,5.0,2.0,1.0689655172413792,-0.9310344827586207,1.4,-2.2,-0.020209059233449476,2590.0,897.5,1625.0
BL011,Trimethoprim,50.0,5.0,3.0,2.4365079365079363,-0.7103174603174603,7.6,-13.0,-0.43453815261044176,148025.0,88400.0,109897.5
BL011,Trimethoprim,50.0,5.0,4.0,1.0409731113956466,-0.37019846350832264,83.2,-89.2,-1.7902439024390244,1812947.5,791090.0,3629905.0
BL011,Trimethoprim,5.0,5.0,1.0,2.5,1.0,0.8,-0.8,-0.0008547008547008547,722.5,865.0,1367.5
BL011,Trimethoprim,5.0,5.0,2.0,1.0476190476190477,-0.9365079365079365,1.4,-2.4,-0.04320557491289199,5482.5,1292.5,2857.5
BL011,Trimethoprim,5.0,5.0,3.0,3.0468354430379745,0.06329113924050633,33.0,-28.0,-1.2147286821705425,625157.5,553405.0,1137042.5
BL011,Trimethoprim,5.0,5.0,4.0,1.045995496944355,-0.33965905435831456,65.2,-78.2,-1.6710801393728223,1770310.0,777295.0,3578570.0
BL011,Trimethoprim,0.5,5.0,1.0,10.447368421052632,5.552631578947368,6.4,-8.4,-0.5103448275862069,2487.5,1490.0,159385.0
BL011,Trimethoprim,0.5,5.0,2.0,1.0,-0.782051282051282,3.4,-3.6,-0.04236111111111111,7282.5,4320.0,34860.0
BL011,Trimethoprim,0.5,5.0,3.0,1.1249786580160492,-0.39815605258664843,69.8,-84.6,-10.750877192982456,1661530.0,864062.5,3661757.5
BL011,Trimethoprim,0.5,5.0,4.0,1.4158661808545876,-0.39301093077177873,72.8,-110.0,-12.523076923076923,1785605.0,1080365.0,4774307.5
BL011,Trimethoprim,0.05,5.0,1.0,94.75,90.75,8.0,-4.4,-0.17142857142857143,1385.0,1365.0,94762.5
BL011,Trimethoprim,0.05,5.0,2.0,3.0074626865671643,0.07462686567164178,7.4,-7.6,-0.3984615384615385,23035.0,50460.0,208920.0
BL011,Trimethoprim,0.05,5.0,3.0,2.1561181434599157,-0.7552742616033755,8.2,-11.0,-0.3595238095238095,126430.0,76030.0,86292.5
BL011,Trimethoprim,0.05,5.0,4.0,1.6235143536295484,-0.2161272627537027,56.6,-100.8,-9.8752688172043,1664617.5,975255.0,5018372.5
BL027,Metaldehyde,500.0,1.0,1.0,6.333333333333333,0.3333333333333333,1.2,-1.4,-0.012396694214876033,2505.0,712.5,2815.0
BL027,Metaldehyde,500.0,1.0,2.0,3.0,-0.6666666666666666,1.4,-1.2,-0.012955465587044534,2390.0,597.5,807.5
BL027,Metaldehyde,500.0,1.0,3.0,4.2,-0.4,2.2,-2.4,-0.014754098360655738,3365.0,787.5,2592.5
BL027,Metaldehyde,500.0,1.0,4.0,4.0,-0.6666666666666666,5.0,-4.8,-0.03397683397683398,7440.0,1840.0,3835.0
BL027,Metaldehyde,50.0,1.0,1.0,6.0,-0.8333333333333334,7.0,-7.2,-0.875,2465.0,557.5,1005.0
BL027,Metaldehyde,50.0,1.0,2.0,4.75,-0.5,1.2,-1.2,-0.013765182186234818,2982.5,520.0,832.5
BL027,Metaldehyde,50.0,1.0,3.0,2.8333333333333335,-0.5,0.8,-1.2,-0.011428571428571429,2940.0,807.5,1610.0
BL027,Metaldehyde,50.0,1.0,4.0,3.4,-0.4,2.0,-1.8,-0.022310756972111555,7927.5,1797.5,3990.0
BL027,Metaldehyde,5.0,1.0,1.0,3.8,-1.0,2.0,-1.4,-0.015637860082304528,2447.5,490.0,765.0
BL027,Metaldehyde,5.0,1.0,2.0,4.666666666666667,-0.8333333333333334,3.2,-3.6,-0.02288135593220339,2810.0,507.5,855.0
BL027,Metaldehyde,5.0,1.0,3.0,3.6,-0.6,0.8,-1.0,-0.01285140562248996,3252.5,770.0,1770.0
BL027,Metaldehyde,5.0,1.0,4.0,3.6,-0.9,1.6,-1.8,-0.028688524590163935,7522.5,1647.5,3627.5
BL027,Metaldehyde,0.5,1.0,1.0,4.75,-0.75,1.8,-2.0,-0.014342629482071713,2500.0,457.5,710.0
BL027,Metaldehyde,0.5,1.0,2.0,2.5,-1.0,1.6,-1.2,-0.016129032258064516,2765.0,557.5,772.5
BL027,Metaldehyde,0.5,1.0,3.0,5.6,-0.8,2.4,-2.4,-0.021686746987951807,3917.5,655.0,1012.5
BL027,Metaldehyde,0.5,1.0,4.0,2.466666666666667,-0.8,1.8,-2.8,-0.027983539094650206,6502.5,1435.0,2042.5
BL027,Metaldehyde,0.05,1.0,1.0,4.5,-0.5,1.2,-1.0,-0.012955465587044534,2415.0,407.5,707.5
BL027,Metaldehyde,0.05,1.0,2.0,6.0,-1.0,1.6,-2.0,-0.01951219512195122,2515.0,462.5,817.5
BL027,Metaldehyde,0.05,1.0,3.0,5.8,-0.6,1.6,-2.0,-0.022040816326530613,3132.5,552.5,762.5
BL027,Metaldehyde,0.05,1.0,4.0,4.0,-0.75,1.8,-1.6,-0.023715415019762844,5672.5,920.0,1732.5
BL027,Metaldehyde,500.0,2.0,1.0,1.6666666666666667,-0.6666666666666666,1.2,-1.6,-0.012955465587044534,3327.5,747.5,2710.0
BL027,Metaldehyde,500.0,2.0,2.0,3.25,-0.625,1.2,-2.2,-0.01818181818181818,3562.5,795.0,2015.0
BL027,Metaldehyde,500.0,2.0,3.0,2.0714285714285716,-0.8571428571428571,4.2,-3.2,-0.022040816326530613,4635.0,947.5,1997.5
BL027,Metaldehyde,500.0,2.0,4.0,2.4,-0.85,2.8,-3.6,-0.0371900826446281,8577.5,1670.0,3745.0
BL027,Metaldehyde,50.0,2.0,1.0,2.2,-0.8,2.8,-2.4,-0.015873015873015872,3247.5,647.5,1160.0
BL027,Metaldehyde,50.0,2.0,2.0,2.3,-0.7,1.4,-1.8,-0.016260162601626018,3670.0,837.5,2035.0
BL027,Metaldehyde,50.0,2.0,3.0,2.3846153846153846,-0.8461538461538461,2.2,-1.6,-0.023107569721115537,4790.0,905.0,2017.5
BL027,Metaldehyde,50.0,2.0,4.0,4.166666666666667,-0.8333333333333334,2.2,-2.8,-0.03779527559055118,8782.5,1815.0,3942.5
BL027,Metaldehyde,5.0,2.0,1.0,1.6666666666666667,-0.9333333333333333,1.4,-1.2,-0.01875,3637.5,580.0,1067.5
BL027,Metaldehyde,5.0,2.0,2.0,1.8571428571428572,-0.7142857142857143,1.4,-1.6,-0.017254901960784313,3780.0,690.0,1320.0
BL027,Metaldehyde,5.0,2.0,3.0,2.3076923076923075,-0.6923076923076923,1.6,-1.6,-0.020967741935483872,4917.5,1007.5,2172.5
BL027,Metaldehyde,5.0,2.0,4.0,2.3333333333333335,-0.8888888888888888,1.6,-1.8,-0.03292181069958848,8197.5,1710.0,3587.5
BL027,Metaldehyde,0.5,2.0,1.0,2.7,-0.8,2.2,-2.0,-0.0196078431372549,3817.5,560.0,1147.5
BL027,Metaldehyde,0.5,2.0,2.0,2.3846153846153846,-0.7692307692307693,1.8,-1.4,-0.02178988326848249,4280.0,615.0,1115.0
BL027,Metaldehyde,0.5,2.0,3.0,2.8461538461538463,-0.6923076923076923,2.2,-1.6,-0.02588235294117647,5285.0,895.0,2672.5
BL027,Metaldehyde,0.5,2.0,4.0,2.764705882352941,-0.5882352941176471,2.8,-2.0,-0.03125,7887.5,1395.0,3172.5
BL027,Metaldehyde,0.05,2.0,1.0,2.4545454545454546,-0.8181818181818182,1.4,-1.8,-0.0196078431372549,3780.0,590.0,1112.5
BL027,Metaldehyde,0.05,2.0,2.0,2.0833333333333335,-0.75,4.2,-3.8,-0.017670682730923693,3605.0,592.5,1195.0
BL027,Metaldehyde,0.05,2.0,3.0,6.714285714285714,-0.8571428571428571,2.8,-2.6,-0.03607843137254902,5312.5,742.5,1185.0
BL027,Metaldehyde,0.05,2.0,4.0,3.769230769230769,-0.9230769230769231,2.0,-2.2,-0.0375,7290.0,1012.5,1797.5
BL027,Metaldehyde,500.0,3.0,1.0,38.5,0.5,3.2,-2.6,-0.05849802371541502,8647.5,920.0,2410.0
BL027,Metaldehyde,500.0,3.0,2.0,30.0,0.6666666666666666,4.2,-4.2,-0.06827309236947791,9950.0,960.0,2770.0
BL027,Metaldehyde,500.0,3.0,3.0,54.0,0.5,2.8,-3.6,-0.08333333333333333,12447.5,1325.0,2650.0
BL027,Metaldehyde,500.0,3.0,4.0,20.833333333333332,-0.16666666666666666,3.2,-3.2,-0.09523809523809523,17520.0,2710.0,4202.5
BL027,Metaldehyde,50.0,3.0,1.0,16.2,0.6,3.8,-3.2,-0.05793650793650794,8575.0,890.0,3027.5
BL027,Metaldehyde,50.0,3.0,2.0,44.5,0.0,3.6,-3.2,-0.06904761904761905,8612.5,867.5,1315.0
BL027,Metaldehyde,50.0,3.0,3.0,89.0,3.0,2.8,-3.2,-0.06719367588932806,11005.0,1195.0,2337.5
BL027,Metaldehyde,50.0,3.0,4.0,11.8,-0.5,3.0,-3.2,-0.08932806324110672,16042.5,2310.0,3725.0
BL027,Metaldehyde,5.0,3.0,1.0,94.0,0.0,3.6,-2.8,-0.07410358565737052,8657.5,722.5,1255.0
BL027,Metaldehyde,5.0,3.0,2.0,46.5,0.0,3.6,-5.2,-0.0728,9087.5,810.0,1297.5
BL027,Metaldehyde,5.0,3.0,3.0,29.25,-0.5,4.0,-3.4,-0.09090909090909091,13092.5,1210.0,2372.5
BL027,Metaldehyde,5.0,3.0,4.0,24.8,-0.2,3.2,-4.0,-0.09561752988047809,16315.0,2457.5,3675.0
BL027,Metaldehyde,0.5,3.0,1.0,29.333333333333332,-0.3333333333333333,3.0,-2.6,-0.06825396825396825,8180.0,692.5,1275.0
BL027,Metaldehyde,0.5,3.0,2.0,46.5,-0.5,3.0,-4.6,-0.07330677290836653,9037.5,785.0,1255.0
BL027,Metaldehyde,0.5,3.0,3.0,55.5,0.0,4.0,-3.2,-0.0865079365079365,12120.0,917.5,1387.5
BL027,Metaldehyde,0.5,3.0,4.0,29.5,0.25,4.2,-4.2,-0.0904,15265.0,2077.5,4140.0
BL027,Metaldehyde,0.05,3.0,1.0,21.5,-0.75,3.2,-2.6,-0.06746031746031746,8445.0,680.0,1182.5
BL027,Metaldehyde,0.05,3.0,2.0,29.333333333333332,0.0,3.0,-3.2,-0.06772908366533864,8595.0,702.5,1357.5
BL027,Metaldehyde,0.05,3.0,3.0,39.333333333333336,-0.3333333333333333,4.2,-3.4,-0.09243027888446215,11912.5,832.5,1322.5
BL027,Metaldehyde,0.05,3.0,4.0,20.0,-0.5,3.0,-3.8,-0.09285714285714286,13752.5,1305.0,1825.0
BL027,Metaldehyde,500.0,4.0,1.0,2.6666666666666665,-0.6666666666666666,1.4,-1.4,-0.011111111111111112,510.0,412.5,967.5
BL027,Metaldehyde,500.0,4.0,2.0,3.0,-0.5,1.0,-0.8,-0.00546448087431694,577.5,465.0,990.0
BL027,Metaldehyde,500.0,4.0,3.0,2.5,-0.5,0.6,-0.8,-0.003088803088803089,970.0,580.0,1162.5
BL027,Metaldehyde,500.0,4.0,4.0,1.7692307692307692,-0.8461538461538461,2.0,-1.6,-0.016733067729083666,4370.0,1470.0,2782.5
BL027,Metaldehyde,50.0,4.0,1.0,4.0,0.0,0.6,-0.6,-0.013636363636363636,505.0,465.0,880.0
BL027,Metaldehyde,50.0,4.0,2.0,2.6666666666666665,-0.6666666666666666,1.4,-1.4,-0.025454545454545455,622.5,430.0,1027.5
BL027,Metaldehyde,50.0,4.0,3.0,2.0,-0.75,0.8,-1.4,-0.006965174129353234,1230.0,682.5,1230.0
BL027,Metaldehyde,50.0,4.0,4.0,1.7692307692307692,-0.7692307692307693,1.8,-1.8,-0.015267175572519083,4947.5,1650.0,3287.5
BL027,Metaldehyde,5.0,4.0,1.0,4.0,0.0,0.6,-0.8,-0.002380952380952381,485.0,440.0,865.0
BL027,Metaldehyde,5.0,4.0,2.0,4.5,-0.5,1.2,-1.8,-0.006530612244897959,670.0,427.5,950.0
BL027,Metaldehyde,5.0,4.0,3.0,18.0,-0.5,6.8,-7.0,-0.03571428571428571,1032.5,775.0,1265.0
BL027,Metaldehyde,5.0,4.0,4.0,1.6923076923076923,-0.7692307692307693,2.0,-1.4,-0.014339622641509434,4632.5,1460.0,2992.5
BL027,Metaldehyde,0.5,4.0,1.0,3.0,0.0,0.4,-0.4,-0.001606425702811245,455.0,422.5,862.5
BL027,Metaldehyde,0.5,4.0,2.0,3.0,1.0,0.4,-0.6,-0.0006993006993006993,490.0,445.0,912.5
BL027,Metaldehyde,0.5,4.0,3.0,3.0,0.0,0.8,-0.6,-0.0031007751937984496,850.0,572.5,1067.5
BL027,Metaldehyde,0.5,4.0,4.0,1.75,-0.9166666666666666,1.8,-1.4,-0.01486988847583643,4122.5,1352.5,2532.5
BL027,Metaldehyde,0.05,4.0,1.0,1.5,-1.0,0.6,-0.6,-0.0021201413427561835,417.5,415.0,1057.5
BL027,Metaldehyde,0.05,4.0,2.0,12.0,1.0,1.8,-2.2,-0.08695652173913043,555.0,442.5,1035.0
BL027,Metaldehyde,0.05,4.0,3.0,2.0,0.0,0.8,-0.6,-0.0014814814814814814,617.5,440.0,977.5
BL027,Metaldehyde,0.05,4.0,4.0,1.875,-0.875,1.0,-1.0,-0.010566037735849057,2762.5,780.0,1595.0
BL027,Metaldehyde,500.0,5.0,1.0,42.0,1.5,3.6,-3.2,-0.06610878661087866,10462.5,1292.5,1812.5
BL027,Metaldehyde,500.0,5.0,2.0,33.5,-1.0,3.0,-2.8,-0.056540084388185655,9995.0,1012.5,1177.5
BL027,Metaldehyde,500.0,5.0,3.0,54.5,0.5,2.8,-2.8,-0.08945147679324894,13970.0,1637.5,2245.0
BL027,Metaldehyde,500.0,5.0,4.0,28.75,-0.25,3.6,-3.8,-0.09411764705882353,19060.0,3097.5,3895.0
BL027,Metaldehyde,50.0,5.0,1.0,32.0,3.5,3.4,-2.6,-0.04583333333333333,8897.5,1167.5,2712.5
BL027,Metaldehyde,50.0,5.0,2.0,30.0,-0.5,1.6,-2.8,-0.049789029535864976,9065.0,827.5,1280.0
BL027,Metaldehyde,50.0,5.0,3.0,48.0,0.5,3.4,-3.2,-0.07782426778242678,12832.5,1455.0,2240.0
BL027,Metaldehyde,50.0,5.0,4.0,19.6,-0.4,3.4,-3.2,-0.0794979079497908,15862.5,2732.5,3530.0
BL027,Metaldehyde,5.0,5.0,1.0,24.5,-0.5,2.6,-2.4,-0.04,8155.0,827.5,1235.0
BL027,Metaldehyde,5.0,5.0,2.0,32.0,0.0,3.0,-2.0,-0.05232067510548523,8877.5,845.0,1132.5
BL027,Metaldehyde,5.0,5.0,3.0,85.0,1.0,3.6,-3.2,-0.06974789915966387,11957.5,962.5,1302.5
BL027,Metaldehyde,5.0,5.0,4.0,34.666666666666664,2.3333333333333335,2.8,-4.6,-0.07899159663865546,16810.0,2357.5,4725.0
BL027,Metaldehyde,0.5,5.0,1.0,27.5,0.0,3.0,-2.2,-0.043621399176954734,8807.5,1462.5,2105.0
BL027,Metaldehyde,0.5,5.0,2.0,32.5,0.0,3.2,-2.4,-0.05228215767634855,8780.0,827.5,1092.5
BL027,Metaldehyde,0.5,5.0,3.0,37.0,0.5,3.0,-3.2,-0.06016949152542373,11310.0,920.0,1362.5
BL027,Metaldehyde,0.5,5.0,4.0,17.6,-0.4,3.8,-3.4,-0.06910569105691057,14392.5,1797.5,2040.0
BL027,Metaldehyde,0.05,5.0,1.0,26.0,0.5,2.8,-2.6,-0.03983739837398374,8090.0,757.5,1215.0
BL027,Metaldehyde,0.05,5.0,2.0,26.5,0.0,3.2,-3.6,-0.041463414634146344,8265.0,810.0,1170.0
BL027,Metaldehyde,0.05,5.0,3.0,19.0,-0.25,3.6,-3.2,-0.06134453781512605,11065.0,1072.5,2020.0
BL027,Metaldehyde,0.05,5.0,4.0,13.166666666666666,-1.0,2.8,-3.6,-0.0632,13545.0,1447.5,1752.5
BL027,Boric Acid,500.0,1.0,1.0,3.9970504582323816,-0.6913515221742337,1232.0,-1709.6,-25.372463768115942,9011322.5,1923467.5,4175177.5
BL027,Boric Acid,500.0,1.0,2.0,4.397210300429185,-0.8657725321888412,626.8,-246.6,-29.43037037037037,10223680.0,2430450.0,4091192.5
BL027,Boric Acid,500.0,1.0,3.0,4.100940179770637,-0.747804525260874,609.8,-297.4,-27.696654275092936,9854120.0,2122992.5,4443882.5
BL027,Boric Acid,500.0,1.0,4.0,3.9295081967213115,-0.5952868852459017,598.6,-333.6,-25.388929889298893,9543955.0,2244857.5,4182942.5
BL027,Boric Acid,50.0,1.0,1.0,3.513859500634786,-0.8742065171392298,469.0,-248.8,-23.46080586080586,8482830.0,1881920.0,3524522.5
BL027,Boric Acid,50.0,1.0,2.0,3.4909509362904068,-0.8574118631656031,501.8,-227.8,-23.448351648351647,8565312.5,1889472.5,3601715.0
BL027,Boric Acid,50.0,1.0,3.0,3.4026358806702084,-0.8274417654270535,466.6,-304.4,-23.16190476190476,8659097.5,1883805.0,2175015.0
BL027,Boric Acid,50.0,1.0,4.0,3.287957054593335,-0.8688341942671933,467.8,-288.2,-22.832967032967034,8256707.5,1359287.5,1611590.0
BL027,Boric Acid,5.0,1.0,1.0,3.4078772378516624,-0.8606649616368286,460.4,-259.4,-23.406593406593405,8560125.0,1918662.5,3467135.0
BL027,Boric Acid,5.0,1.0,2.0,3.4053239055838618,-0.8323801601330977,448.2,-265.2,-22.89485294117647,8458485.0,1926617.5,3582470.0
BL027,Boric Acid,5.0,1.0,3.0,3.454217229966904,-0.8885768729315013,478.8,-331.8,-24.418315018315017,8974712.5,2099690.0,3602237.5
BL027,Boric Acid,5.0,1.0,4.0,3.4165316045380876,-0.8793557536466775,519.8,-320.2,-25.22248062015504,8829950.0,2219472.5,3792375.0
BL027,Boric Acid,0.5,1.0,1.0,3.394628524387734,-0.8532619880633875,443.6,-243.4,-23.123076923076923,8584687.5,2067585.0,3178262.5
BL027,Boric Acid,0.5,1.0,2.0,3.485891472868217,-0.9028423772609819,462.6,-264.4,-24.01904761904762,8829500.0,2140667.5,3419060.0
BL027,Boric Acid,0.5,1.0,3.0,3.243629459378435,-0.830918357149995,457.6,-316.4,-22.457664233576644,8724622.5,2173945.0,2422440.0
BL027,Boric Acid,0.5,1.0,4.0,3.236140456786397,-0.8885199718281517,477.8,-456.4,-24.168093385214007,8556422.5,2271575.0,3739985.0
BL027,Boric Acid,0.05,1.0,1.0,3.219065719715915,-0.8762628788636591,427.6,-246.6,-22.66959706959707,7737055.0,1110317.5,1603747.5
BL027,Boric Acid,0.05,1.0,2.0,3.1369360436291522,-0.8672285572632623,427.4,-253.2,-22.114598540145984,7795935.0,1131912.5,1667582.5
BL027,Boric Acid,0.05,1.0,3.0,3.24298141557928,-0.8742586002372479,431.4,-322.0,-23.186764705882354,8074590.0,1218365.0,1639975.0
BL027,Boric Acid,0.05,1.0,4.0,2.870909455932544,-0.8194137723348726,341.4,-322.4,-20.77596899224806,7632290.0,1732042.5,2363170.0
BL027,Boric Acid,500.0,2.0,1.0,3.1833360350137787,-0.8845842113794781,617.4,-276.0,-27.83235294117647,9388897.5,2136670.0,4425417.5
BL027,Boric Acid,500.0,2.0,2.0,3.157908228659318,-0.8384174997863796,478.4,-295.4,-25.783823529411766,8756332.5,2056797.5,4565595.0
BL027,Boric Acid,500.0,2.0,3.0,3.3266322718377515,-0.8390855719622843,484.4,-395.2,-26.859622641509436,8843997.5,1781197.5,2625387.5
BL027,Boric Acid,500.0,2.0,4.0,3.2613725319648603,-0.8356092893798382,494.8,-317.0,-26.084981684981685,9049952.5,2221192.5,4635507.5
BL027,Boric Acid,50.0,2.0,1.0,2.651584084705104,-0.908098271155596,396.0,-273.6,-23.53155893536122,7983545.0,1931490.0,3809650.0
BL027,Boric Acid,50.0,2.0,2.0,2.71133586177834,-0.9000421407501054,388.4,-306.4,-23.651908396946563,7835590.0,1939642.5,3906925.0
BL027,Boric Acid,50.0,2.0,3.0,2.6171701655572623,-0.8819764464925756,372.2,-370.6,-22.185606060606062,7183080.0,1107925.0,1940727.5
BL027,Boric Acid,50.0,2.0,4.0,2.626975313914752,-0.874690356197147,387.0,-309.2,-22.187121212121212,7276875.0,1122662.5,2024517.5
BL027,Boric Acid,5.0,2.0,1.0,2.613332218133155,-0.8931917029106725,317.4,-301.6,-22.963984674329502,7633462.5,1909372.5,3758412.5
BL027,Boric Acid,5.0,2.0,2.0,2.5833607907742997,-0.8886326194398682,347.2,-318.8,-22.99616858237548,7796105.0,1971367.5,3715377.5
BL027,Boric Acid,5.0,2.0,3.0,2.4479615916673447,-0.8859142322402148,355.6,-292.0,-21.088970588235295,7183252.5,1083525.0,1835515.0
BL027,Boric Acid,5.0,2.0,4.0,2.468595450049456,-0.8803165182987142,458.4,-321.6,-20.8007299270073,7241200.0,1124885.0,1952495.0
BL027,Boric Acid,0.5,2.0,1.0,2.3986933249370277,-0.888617758186398,433.2,-286.6,-21.056521739130435,7497682.5,1205865.0,1842985.0
BL027,Boric Acid,0.5,2.0,2.0,2.4102206545812486,-0.8833565745221885,356.4,-257.6,-20.484249084249083,7224512.5,1122930.0,1826570.0
BL027,Boric Acid,0.5,2.0,3.0,2.4995104438642297,-0.8867493472584856,396.2,-316.8,-22.156060606060606,7359345.0,1152677.5,1867862.5
BL027,Boric Acid,0.5,2.0,4.0,2.432462391132225,-0.8904196357878068,419.6,-274.6,-21.259420289855072,7383162.5,1174320.0,1881817.5
BL027,Boric Acid,0.05,2.0,1.0,2.383504008891006,-0.8907676430896245,373.2,-274.0,-21.786311787072243,7345807.5,1067597.5,1800277.5
BL027,Boric Acid,0.05,2.0,2.0,2.4461745644306037,-0.8880565608955475,274.4,-300.6,-21.251340996168583,6911867.5,1047600.0,1829400.0
BL027,Boric Acid,0.05,2.0,3.0,2.3639064821330833,-0.8926421143169911,342.4,-339.2,-21.064963503649636,7195110.0,1061467.5,1806967.5
BL027,Boric Acid,0.05,2.0,4.0,2.381401065137239,-0.8789840229414174,340.6,-289.0,-20.137226277372264,7033555.0,1096172.5,1992752.5
BL027,Boric Acid,500.0,3.0,1.0,8.307398654790038,-0.6080712597709508,859.6,-359.0,-33.494615384615386,11057665.0,2904132.5,3938945.0
BL027,Boric Acid,500.0,3.0,2.0,8.989415235120596,-0.8332465729654693,841.0,-417.0,-39.11153846153846,12891772.5,3430932.5,3740905.0
BL027,Boric Acid,500.0,3.0,3.0,8.160596600763094,-0.5974679153659382,810.2,-359.0,-34.542857142857144,11603200.0,3061607.5,4060335.0
BL027,Boric Acid,500.0,3.0,4.0,7.822475297270139,-0.28521185731033327,806.6,-470.2,-32.646153846153844,11381670.0,2593080.0,3944842.5
BL027,Boric Acid,50.0,3.0,1.0,7.4409263614981,-0.7642482359326941,612.4,-368.8,-30.633076923076924,9681455.0,2717810.0,3437355.0
BL027,Boric Acid,50.0,3.0,2.0,7.39778156996587,-0.7604095563139932,696.2,-441.4,-32.26692307692308,10486877.5,2829400.0,3462987.5
BL027,Boric Acid,50.0,3.0,3.0,7.418900576857822,-0.7865626060400407,736.2,-366.0,-32.668461538461536,10530177.5,2936010.0,3564452.5
BL027,Boric Acid,50.0,3.0,4.0,6.763789961901606,-0.7944343216829551,688.0,-437.0,-30.455384615384617,9868015.0,1807065.0,1885740.0
BL027,Boric Acid,5.0,3.0,1.0,7.1390080659001205,-0.7811910073794406,637.2,-379.4,-31.018461538461537,9958697.5,2776582.5,3309195.0
BL027,Boric Acid,5.0,3.0,2.0,7.234251290877797,-0.7399311531841652,690.0,-350.2,-31.16923076923077,10139172.5,2836662.5,3453212.5
BL027,Boric Acid,5.0,3.0,3.0,7.017600516712418,-0.8028419182948491,642.8,-415.8,-32.61698841698842,10632270.0,2999732.5,3553917.5
BL027,Boric Acid,5.0,3.0,4.0,7.244451592151817,-0.8258282405918301,636.0,-437.6,-33.817692307692305,10848047.5,3132915.0,3674560.0
BL027,Boric Acid,0.5,3.0,1.0,7.055762081784387,-0.6289286921257181,651.4,-391.6,-30.43076923076923,10133965.0,2816992.5,3336797.5
BL027,Boric Acid,0.5,3.0,2.0,7.167748377433849,-0.8086204027292395,718.4,-377.2,-32.246923076923075,10355667.5,2958497.5,3389267.5
BL027,Boric Acid,0.5,3.0,3.0,7.062530692421018,-0.7741037813062694,614.8,-453.4,-32.12692307692308,10219737.5,2139995.0,1891430.0
BL027,Boric Acid,0.5,3.0,4.0,6.877657886385275,-0.6302761028245002,662.8,-415.6,-31.548461538461538,10524742.5,3066895.0,3338162.5
BL027,Boric Acid,0.05,3.0,1.0,6.413999353378597,-0.8170061429033301,652.6,-355.8,-29.65,9317612.5,1582597.5,1569295.0
BL027,Boric Acid,0.05,3.0,2.0,6.651815181518152,-0.7919141914191419,660.2,-404.8,-30.037692307692307,9415417.5,1695042.5,1750417.5
BL027,Boric Acid,0.05,3.0,3.0,6.428189817724702,-0.8115964802011314,621.2,-392.2,-30.546153846153846,9698175.0,1716285.0,1703207.5
BL027,Boric Acid,0.05,3.0,4.0,6.742028985507246,-0.7636070853462158,673.2,-435.8,-31.1969111969112,9992145.0,2831547.5,3721062.5
BL027,Boric Acid,500.0,4.0,1.0,2.053460068396701,-0.9189800844900422,321.2,-426.4,-30.16923076923077,9194305.0,2292010.0,4485702.5
BL027,Boric Acid,500.0,4.0,2.0,1.8425390064354832,-0.9268484652067225,432.4,-403.0,-29.285057471264366,9631107.5,2275647.5,4479592.5
BL027,Boric Acid,500.0,4.0,3.0,1.8566536891974295,-0.9121440968150476,409.6,-370.2,-28.676045627376425,9368595.0,2095600.0,4813210.0
BL027,Boric Acid,500.0,4.0,4.0,1.746730404978804,-0.9195905114097592,455.6,-459.0,-28.098098859315588,9561397.5,2221647.5,4660002.5
BL027,Boric Acid,50.0,4.0,1.0,1.9501233214579337,-0.9103864072348589,289.8,-412.4,-26.111538461538462,7973102.5,2146752.5,3892605.0
BL027,Boric Acid,50.0,4.0,2.0,1.649654715731719,-0.9266389177939646,298.0,-343.8,-25.439694656488548,8467392.5,2073885.0,3928065.0
BL027,Boric Acid,50.0,4.0,3.0,1.6268077060657162,-0.914865348254893,314.2,-233.8,-22.942205323193917,7310907.5,1049600.0,1768530.0
BL027,Boric Acid,50.0,4.0,4.0,1.4585609562497082,-0.9217444086473362,379.8,-371.2,-22.480608365019012,7503280.0,1034375.0,1786567.5
BL027,Boric Acid,5.0,4.0,1.0,1.3155720248743505,-0.9350029815146095,549.2,-399.2,-22.585384615384616,8081395.0,1899055.0,4164885.0
BL027,Boric Acid,5.0,4.0,2.0,1.6520383930338414,-0.9261824658618643,325.8,-443.8,-24.537692307692307,8172775.0,2055730.0,3999425.0
BL027,Boric Acid,5.0,4.0,3.0,1.459472632451138,-0.9146073987425062,353.2,-270.0,-21.438783269961977,7285357.5,1029417.5,1857602.5
BL027,Boric Acid,5.0,4.0,4.0,1.6990597257971318,-0.9166360245837054,307.8,-280.4,-23.390114068441065,7242737.5,1072592.5,1780780.0
BL027,Boric Acid,0.5,4.0,1.0,1.7189612619379762,-0.9183388775619702,371.8,-390.0,-23.473846153846154,7430935.0,2063622.5,3801672.5
BL027,Boric Acid,0.5,4.0,2.0,1.4776256640784635,-0.9091744993870045,282.2,-284.2,-20.566666666666666,6738280.0,1076052.5,1845692.5
BL027,Boric Acid,0.5,4.0,3.0,1.4626562045916884,-0.9158190448513029,294.8,-259.8,-21.6425855513308,7167342.5,1061355.0,1807302.5
BL027,Boric Acid,0.5,4.0,4.0,1.4636282660332542,-0.914241884402217,330.4,-359.8,-21.174144486692015,7084037.5,1037192.5,1823897.5
BL027,Boric Acid,0.05,4.0,1.0,1.601799715834342,-0.9110666736831027,274.8,-372.4,-21.86235741444867,6746492.5,1057292.5,1773577.5
BL027,Boric Acid,0.05,4.0,2.0,1.4792783763467803,-0.9131545978451516,272.6,-274.2,-21.05,6937352.5,957115.0,1704427.5
BL027,Boric Acid,0.05,4.0,3.0,1.5098731658791344,-0.9138522755533449,367.2,-270.8,-21.767300380228136,7117107.5,1013565.0,1739795.0
BL027,Boric Acid,0.05,4.0,4.0,1.5647174447174448,-0.9115970515970516,292.6,-372.8,-22.84638783269962,7446910.0,1030545.0,1837392.5
BL027,Boric Acid,500.0,5.0,1.0,6.346510359869138,-0.8743184296619411,838.2,-391.0,-34.97011494252874,10971167.5,3060870.0,3911815.0
BL027,Boric Acid,500.0,5.0,2.0,6.116072594333464,-0.8284371327849589,808.4,-430.2,-34.88812260536398,11081925.0,3122182.5,4164470.0
BL027,Boric Acid,500.0,5.0,3.0,6.12961284474945,-0.813026026155639,777.4,-416.0,-35.16858237547893,11075462.5,3212467.5,4154127.5
BL027,Boric Acid,500.0,5.0,4.0,5.767901852779168,-0.5983975963945919,740.8,-417.4,-32.84750957854406,10900175.0,3172250.0,4325845.0
BL027,Boric Acid,50.0,5.0,1.0,5.906651276872024,-0.8534122060308758,620.0,-320.2,-30.59233716475096,9324920.0,2757562.5,3427690.0
BL027,Boric Acid,50.0,5.0,2.0,5.607949904710046,-0.8569289409202286,635.8,-304.2,-30.762452107279692,9478915.0,2812797.5,3495470.0
BL027,Boric Acid,50.0,5.0,3.0,5.431022359724371,-0.8145127267613557,589.2,-360.2,-28.583141762452108,8790967.5,1652485.0,1729072.5
BL027,Boric Acid,50.0,5.0,4.0,5.56809229037704,-0.80106921778278,596.2,-454.2,-29.244444444444444,8880625.0,1667502.5,1926352.5
BL027,Boric Acid,5.0,5.0,1.0,5.860978087360325,-0.8686692787694094,594.0,-336.8,-30.255172413793105,9358455.0,2890757.5,3213072.5
BL027,Boric Acid,5.0,5.0,2.0,5.660812139946607,-0.8568216945342139,651.6,-337.4,-30.091187739463603,9416805.0,2893972.5,3381817.5
BL027,Boric Acid,5.0,5.0,3.0,5.795473251028807,-0.8689986282578875,600.0,-351.8,-31.642911877394635,9825532.5,3121635.0,3498650.0
BL027,Boric Acid,5.0,5.0,4.0,5.465522016062033,-0.8267792855164774,585.0,-439.6,-29.288122605363984,8978375.0,1700622.5,1795990.0
BL027,Boric Acid,0.5,5.0,1.0,5.79766479456104,-0.7413538279633461,629.2,-324.2,-28.718007662835248,9162600.0,2700390.0,2255980.0
BL027,Boric Acid,0.5,5.0,2.0,5.770279971284997,-0.8347451543431443,613.8,-338.0,-29.914942528735633,9494940.0,3006235.0,3402185.0
BL027,Boric Acid,0.5,5.0,3.0,5.765503875968992,-0.7783776301218162,621.6,-382.4,-30.68888888888889,9760245.0,2883067.5,2194660.0
BL027,Boric Acid,0.5,5.0,4.0,5.733916909823537,-0.7654578296512435,584.4,-347.0,-30.328735632183907,9625790.0,2921130.0,2345917.5
BL027,Boric Acid,0.05,5.0,1.0,5.316898317483541,-0.8121433796634967,577.4,-391.6,-26.86360153256705,8191757.5,1574475.0,1660845.0
BL027,Boric Acid,0.05,5.0,2.0,5.416872368229998,-0.8234354581094816,609.8,-379.2,-27.655172413793103,8524517.5,1559837.5,1614787.5
BL027,Boric Acid,0.05,5.0,3.0,5.499711898588303,-0.8056755978104293,608.6,-414.8,-28.22222222222222,8589615.0,1634640.0,1788872.5
BL027,Boric Acid,0.05,5.0,4.0,5.550620891161432,-0.8317019722425127,587.4,-349.4,-28.23141762452107,8881665.0,2877040.0,3803372.5
BL027,DEET,500.0,1.0,1.0,2.0,-0.6666666666666666,0.8,-0.8,-0.07692307692307693,732.5,630.0,1402.5
BL027,DEET,500.0,1.0,2.0,1.0,-0.9,0.6,-0.6,-0.00625,842.5,737.5,1342.5
BL027,DEET,500.0,1.0,3.0,1.0,-0.6666666666666666,0.8,-1.0,-0.005555555555555556,997.5,770.0,1792.5
BL027,DEET,500.0,1.0,4.0,1.0879120879120878,-0.9835164835164835,4.0,-8.2,-0.13588850174216027,19462.5,1732.5,1367.5
BL027,DEET,50.0,1.0,1.0,1.0,-0.6666666666666666,0.6,-0.6,-0.002777777777777778,705.0,697.5,1332.5
BL027,DEET,50.0,1.0,2.0,2.5,0.0,0.8,-0.8,-0.0033149171270718232,725.0,665.0,1380.0
BL027,DEET,50.0,1.0,3.0,1.0,-0.7777777777777778,0.6,-1.2,-0.004861111111111111,790.0,627.5,1375.0
BL027,DEET,50.0,1.0,4.0,1.0,-0.9929078014184397,1.4,-6.0,-0.09722222222222222,6892.5,800.0,1312.5
BL027,DEET,5.0,1.0,1.0,1.0,-0.5,0.6,-0.6,-0.001388888888888889,690.0,617.5,1352.5
BL027,DEET,5.0,1.0,2.0,1.2,0.2,1.0,-0.8,0.0,712.5,682.5,1342.5
BL027,DEET,5.0,1.0,3.0,1.0,-0.9473684210526315,0.8,-1.4,-0.0125,920.0,657.5,1322.5
BL027,DEET,5.0,1.0,4.0,1.037037037037037,-0.9814814814814815,3.6,-5.4,-0.11498257839721254,24315.0,4425.0,1667.5
BL027,DEET,0.5,1.0,1.0,1.3333333333333333,-0.3333333333333333,0.4,-0.6,-0.0018018018018018018,707.5,655.0,1390.0
BL027,DEET,0.5,1.0,2.0,1.0,-0.8181818181818182,0.4,-0.8,-0.00625,777.5,647.5,1287.5
BL027,DEET,0.5,1.0,3.0,1.0,-0.8461538461538461,0.6,-1.2,-0.007638888888888889,755.0,677.5,1310.0
BL027,DEET,0.5,1.0,4.0,1.0480769230769231,-0.9615384615384616,2.2,-4.4,-0.07317073170731707,10890.0,3440.0,4690.0
BL027,DEET,0.05,1.0,1.0,1.0,-0.6,0.6,-0.8,-0.0020833333333333333,660.0,637.5,1370.0
BL027,DEET,0.05,1.0,2.0,1.0,-0.9333333333333333,0.6,-1.6,-0.009722222222222222,797.5,722.5,1305.0
BL027,DEET,0.05,1.0,3.0,1.0,-0.8571428571428571,0.6,-1.2,-0.008333333333333333,880.0,657.5,1337.5
BL027,DEET,0.05,1.0,4.0,1.0,-0.9333333333333333,0.6,-1.6,-0.019444444444444445,1890.0,772.5,1357.5
BL027,DEET,500.0,2.0,1.0,1.25,-0.5,0.6,-0.6,-0.002112676056338028,675.0,635.0,1270.0
BL027,DEET,500.0,2.0,2.0,1.25,-0.75,0.6,-0.8,-0.002973977695167286,665.0,627.5,1325.0
BL027,DEET,500.0,2.0,3.0,1.3333333333333333,-0.3333333333333333,0.6,-0.6,-0.0015094339622641509,700.0,635.0,1342.5
BL027,DEET,500.0,2.0,4.0,2.3333333333333335,-0.6666666666666666,0.6,-0.6,-0.004528301886792453,1132.5,812.5,1775.0
BL027,DEET,50.0,2.0,1.0,2.0,-0.6666666666666666,1.0,-0.8,-0.004310344827586207,640.0,625.0,1290.0
BL027,DEET,50.0,2.0,2.0,2.5,0.0,0.8,-0.6,-0.003092783505154639,640.0,605.0,1235.0
BL027,DEET,50.0,2.0,3.0,5.666666666666667,-0.6666666666666666,3.2,-2.8,-0.22857142857142856,745.0,675.0,1355.0
BL027,DEET,50.0,2.0,4.0,1.3333333333333333,-0.8333333333333334,1.0,-1.2,-0.006862745098039216,827.5,720.0,1405.0
BL027,DEET,5.0,2.0,1.0,1.3333333333333333,-0.6666666666666666,0.4,-0.6,-0.006122448979591836,667.5,607.5,1225.0
BL027,DEET,5.0,2.0,2.0,2.5,0.0,0.8,-0.8,-0.004918032786885246,730.0,640.0,1240.0
BL027,DEET,5.0,2.0,3.0,3.0,0.5,0.8,-0.6,-0.002255639097744361,680.0,600.0,1342.5
BL027,DEET,5.0,2.0,4.0,1.6666666666666667,-0.6666666666666666,0.8,-0.6,-0.002888086642599278,727.5,685.0,1317.5
BL027,DEET,0.5,2.0,1.0,1.3333333333333333,-0.3333333333333333,0.6,-0.8,-0.0014084507042253522,682.5,620.0,1255.0
BL027,DEET,0.5,2.0,2.0,1.3333333333333333,-0.3333333333333333,0.6,-0.6,-0.006060606060606061,682.5,635.0,1215.0
BL027,DEET,0.5,2.0,3.0,3.0,-0.5,0.8,-0.6,-0.016666666666666666,700.0,542.5,1265.0
BL027,DEET,0.5,2.0,4.0,2.5,-0.5,0.6,-0.8,-0.0030188679245283017,800.0,595.0,1332.5
BL027,DEET,0.05,2.0,1.0,4.5,-0.25,3.2,-3.4,-0.011320754716981131,760.0,595.0,1317.5
BL027,DEET,0.05,2.0,2.0,2.6666666666666665,-0.3333333333333333,1.4,-1.2,-0.005106382978723404,727.5,655.0,1310.0
BL027,DEET,0.05,2.0,3.0,2.5,0.0,0.8,-0.8,-0.007407407407407408,705.0,600.0,1320.0
BL027,DEET,0.05,2.0,4.0,10.0,-0.6666666666666666,5.8,-5.8,-0.10175438596491228,827.5,642.5,1495.0
BL027,DEET,500.0,3.0,1.0,1.6666666666666667,-0.6666666666666666,0.8,-0.8,-0.00808080808080808,587.5,615.0,1132.5
BL027,DEET,500.0,3.0,2.0,4.5,0.0,1.4,-1.6,-0.0056,737.5,652.5,1140.0
BL027,DEET,500.0,3.0,3.0,1.25,-0.75,0.8,-0.8,-0.0030651340996168583,852.5,582.5,1187.5
BL027,DEET,500.0,3.0,4.0,1.0,-0.7777777777777778,0.8,-0.8,-0.004861111111111111,1765.0,642.5,1285.0
BL027,DEET,50.0,3.0,1.0,2.0,0.5,0.6,-0.6,-0.0007042253521126761,597.5,562.5,1162.5
BL027,DEET,50.0,3.0,2.0,2.3333333333333335,-0.3333333333333333,1.0,-1.2,-0.004901960784313725,625.0,592.5,1175.0
BL027,DEET,50.0,3.0,3.0,3.0,-0.75,2.2,-2.2,-0.06470588235294118,812.5,627.5,1207.5
BL027,DEET,50.0,3.0,4.0,1.0,-0.6666666666666666,0.6,-0.8,-0.002777777777777778,962.5,602.5,1235.0
BL027,DEET,5.0,3.0,1.0,2.0,-0.6666666666666666,1.0,-0.6,-0.0047169811320754715,690.0,590.0,1135.0
BL027,DEET,5.0,3.0,2.0,2.75,-0.75,1.8,-2.0,-0.007434944237918215,642.5,590.0,1120.0
BL027,DEET,5.0,3.0,3.0,1.6666666666666667,-0.6666666666666666,0.6,-0.8,-0.003902439024390244,605.0,587.5,1267.5
BL027,DEET,5.0,3.0,4.0,2.0,-0.3333333333333333,0.6,-0.6,-0.0029304029304029304,762.5,640.0,1190.0
BL027,DEET,0.5,3.0,1.0,2.75,-0.5,2.0,-2.0,-0.024324324324324326,630.0,627.5,1202.5
BL027,DEET,0.5,3.0,2.0,2.3333333333333335,-0.6666666666666666,1.0,-1.0,-0.01875,577.5,562.5,1245.0
BL027,DEET,0.5,3.0,3.0,1.0,-0.75,0.6,-0.6,-0.0020833333333333333,572.5,582.5,1177.5
BL027,DEET,0.5,3.0,4.0,2.5714285714285716,-0.8571428571428571,3.2,-3.4,-0.023287671232876714,797.5,665.0,1197.5
BL027,DEET,0.05,3.0,1.0,1.3333333333333333,-0.3333333333333333,0.6,-0.6,-0.0015037593984962407,620.0,547.5,1160.0
BL027,DEET,0.05,3.0,2.0,2.0,-0.6666666666666666,1.0,-0.6,-0.016666666666666666,605.0,565.0,1280.0
BL027,DEET,0.05,3.0,3.0,1.3333333333333333,-0.6666666666666666,0.6,-0.6,-0.002181818181818182,662.5,557.5,1185.0
BL027,DEET,0.05,3.0,4.0,1.0,-0.6666666666666666,0.6,-0.6,-0.002777777777777778,1105.0,587.5,1247.5
BL027,DEET,500.0,4.0,1.0,1.3333333333333333,-0.6666666666666666,0.6,-0.6,-0.0024,587.5,557.5,985.0
BL027,DEET,500.0,4.0,2.0,2.2,-0.8,1.6,-1.8,-0.009950248756218905,637.5,642.5,985.0
BL027,DEET,500.0,4.0,3.0,1.0,-0.8,0.8,-0.6,-0.005555555555555556,830.0,565.0,1090.0
BL027,DEET,500.0,4.0,4.0,1.0,-0.976303317535545,1.2,-7.8,-0.14305555555555555,8900.0,840.0,2540.0
BL027,DEET,50.0,4.0,1.0,2.0,-0.6666666666666666,1.0,-1.0,-0.004651162790697674,530.0,547.5,962.5
BL027,DEET,50.0,4.0,2.0,7.0,0.0,1.2,-1.0,-0.005607476635514018,520.0,537.5,977.5
BL027,DEET,50.0,4.0,3.0,1.3333333333333333,-0.3333333333333333,0.6,-0.6,-0.0013937282229965157,630.0,510.0,1042.5
BL027,DEET,50.0,4.0,4.0,1.0,-0.989247311827957,1.0,-11.0,-0.19166666666666668,10445.0,552.5,1017.5
BL027,DEET,5.0,4.0,1.0,1.0,0.0,0.6,-0.6,0.0,537.5,527.5,900.0
BL027,DEET,5.0,4.0,2.0,1.0,-0.875,0.8,-0.6,-0.004861111111111111,577.5,465.0,950.0
BL027,DEET,5.0,4.0,3.0,1.0,-0.9166666666666666,0.8,-1.0,-0.007638888888888889,590.0,492.5,860.0
BL027,DEET,5.0,4.0,4.0,1.0,-0.973421926910299,1.8,-11.0,-0.20347222222222222,13957.5,982.5,3167.5
BL027,DEET,0.5,4.0,1.0,1.5,-0.5,0.8,-1.0,-0.004081632653061225,507.5,497.5,950.0
BL027,DEET,0.5,4.0,2.0,1.0,-0.9090909090909091,0.6,-1.4,-0.006944444444444444,557.5,497.5,930.0
BL027,DEET,0.5,4.0,3.0,1.0,-1.0,1.4,-1.4,-0.009722222222222222,652.5,442.5,925.0
BL027,DEET,0.5,4.0,4.0,1.0,-0.9833333333333333,0.8,-5.0,-0.12291666666666666,7350.0,587.5,1145.0
BL027,DEET,0.05,4.0,1.0,2.0,-0.3333333333333333,0.8,-1.2,-0.01568627450980392,535.0,525.0,962.5
BL027,DEET,0.05,4.0,2.0,1.0,-0.875,1.0,-1.0,-0.004861111111111111,625.0,507.5,935.0
BL027,DEET,0.05,4.0,3.0,1.5,0.0,0.6,-0.6,-0.0007042253521126761,575.0,497.5,1032.5
BL027,DEET,0.05,4.0,4.0,1.0,-0.9779411764705882,0.8,-7.8,-0.18472222222222223,12122.5,1112.5,3055.0
BL027,DEET,500.0,5.0,1.0,5.0,2.0,0.8,-1.2,-0.05,647.5,590.0,2147.5
BL027,DEET,500.0,5.0,2.0,1.75,-0.75,1.0,-1.0,-0.021052631578947368,692.5,617.5,1257.5
BL027,DEET,500.0,5.0,3.0,1.0,-0.75,0.6,-0.6,-0.0020833333333333333,692.5,560.0,1205.0
BL027,DEET,500.0,5.0,4.0,1.5,-0.6666666666666666,1.6,-1.4,-0.008284023668639054,1175.0,610.0,1260.0
BL027,DEET,50.0,5.0,1.0,7.0,2.0,1.6,-1.4,-0.025396825396825397,645.0,615.0,4290.0
BL027,DEET,50.0,5.0,2.0,9.666666666666666,-0.6666666666666666,5.4,-5.6,-0.02814070351758794,652.5,717.5,1255.0
BL027,DEET,50.0,5.0,3.0,4.5,-0.5,1.4,-1.4,-0.04,630.0,557.5,1290.0
BL027,DEET,50.0,5.0,4.0,6.0,-0.3333333333333333,3.4,-3.0,-0.4,735.0,655.0,1417.5
BL027,DEET,5.0,5.0,1.0,5.0,-0.5,1.4,-1.8,-0.007792207792207792,730.0,630.0,1202.5
BL027,DEET,5.0,5.0,2.0,3.5,0.0,1.0,-1.0,-0.004149377593360996,627.5,617.5,1190.0
BL027,DEET,5.0,5.0,3.0,1.6666666666666667,-0.3333333333333333,0.6,-0.8,-0.004838709677419355,605.0,550.0,1157.5
BL027,DEET,5.0,5.0,4.0,2.5,0.0,0.8,-0.8,-0.0021201413427561835,792.5,612.5,1165.0
BL027,DEET,0.5,5.0,1.0,2.0,0.5,0.6,-0.6,-0.0006968641114982578,577.5,615.0,1205.0
BL027,DEET,0.5,5.0,2.0,2.5,0.0,0.6,-0.8,-0.03529411764705882,595.0,617.5,1222.5
BL027,DEET,0.5,5.0,3.0,1.6666666666666667,-0.6666666666666666,0.6,-0.6,-0.004597701149425287,645.0,545.0,1250.0
BL027,DEET,0.5,5.0,4.0,4.0,-0.6666666666666666,2.2,-2.2,-0.01476510067114094,707.5,672.5,1200.0
BL027,DEET,0.05,5.0,1.0,2.0,0.0,0.6,-0.6,-0.0014184397163120568,590.0,575.0,1220.0
BL027,DEET,0.05,5.0,2.0,4.0,0.0,1.0,-1.0,-0.005970149253731343,592.5,657.5,1130.0
BL027,DEET,0.05,5.0,3.0,5.0,0.0,1.0,-0.8,-0.00522875816993464,670.0,525.0,1250.0
BL027,DEET,0.05,5.0,4.0,1.2,-1.0,1.0,-0.8,-0.004428044280442804,935.0,642.5,1270.0
BL027,Propoxur,500.0,1.0,1.0,2.0,-0.75,1.4,-1.4,-0.010727969348659003,2497.5,900.0,1525.0
BL027,Propoxur,500.0,1.0,2.0,1.0,-0.9910313901345291,1.2,-15.2,-0.15347222222222223,5175.0,1197.5,2925.0
BL027,Propoxur,500.0,1.0,3.0,1.0,-0.9942028985507246,2.4,-23.2,-0.23819444444444443,6897.5,1197.5,2337.5
BL027,Propoxur,500.0,1.0,4.0,2.2304860088365244,-0.6745213549337261,112.8,-71.0,-6.111023622047244,2036690.0,684782.5,1904502.5
BL027,Propoxur,50.0,1.0,1.0,1.0,-0.9854014598540146,1.6,-13.8,-0.09375,1907.5,750.0,1435.0
BL027,Propoxur,50.0,1.0,2.0,1.0,-0.9864864864864865,1.2,-15.4,-0.15208333333333332,3500.0,752.5,1665.0
BL027,Propoxur,50.0,1.0,3.0,1.0,-0.95,0.8,-3.6,-0.02638888888888889,1462.5,767.5,1660.0
BL027,Propoxur,50.0,1.0,4.0,1.9910202045397856,-0.8318782738837616,85.0,-79.2,-5.754330708661417,1785220.0,393435.0,939662.5
BL027,Propoxur,5.0,1.0,1.0,1.0,-0.9871794871794872,0.6,-14.6,-0.10694444444444444,1975.0,670.0,1340.0
BL027,Propoxur,5.0,1.0,2.0,1.0,-0.9900497512437811,0.6,-29.8,-0.2763888888888889,5630.0,865.0,1740.0
BL027,Propoxur,5.0,1.0,3.0,1.0,-0.9759036144578314,1.2,-8.8,-0.05625,1527.5,770.0,1515.0
BL027,Propoxur,5.0,1.0,4.0,1.0,-0.9286646367986081,17.4,-80.0,-1.4826388888888888,461202.5,128810.0,178825.0
BL027,Propoxur,0.5,1.0,1.0,1.0,-0.96875,0.6,-6.0,-0.043055555555555555,1160.0,702.5,1437.5
BL027,Propoxur,0.5,1.0,2.0,1.0,-0.975609756097561,0.6,-10.2,-0.08333333333333333,1872.5,722.5,1380.0
BL027,Propoxur,0.5,1.0,3.0,1.0,-0.9886363636363636,1.0,-9.4,-0.06041666666666667,1977.5,840.0,1680.0
BL027,Propoxur,0.5,1.0,4.0,2.6657931247109605,-0.7541236318791429,193.2,-185.0,-12.2640625,3402042.5,571715.0,1761057.5
BL027,Propoxur,0.05,1.0,1.0,1.0,-0.994535519125683,0.6,-17.2,-0.12638888888888888,2945.0,917.5,1712.5
BL027,Propoxur,0.05,1.0,2.0,1.0,-0.9845559845559846,1.0,-16.6,-0.17708333333333334,4462.5,1042.5,2047.5
BL027,Propoxur,0.05,1.0,3.0,1.0,-0.9964788732394366,2.4,-26.4,-0.19652777777777777,4357.5,1172.5,2387.5
BL027,Propoxur,0.05,1.0,4.0,1.0,-0.9595180722891566,10.8,-72.8,-1.382638888888889,278945.0,78035.0,89837.5
BL027,Propoxur,500.0,2.0,1.0,1.0,-0.8888888888888888,1.6,-1.4,-0.011111111111111112,2767.5,1382.5,3315.0
BL027,Propoxur,500.0,2.0,2.0,1.0,-0.9837837837837838,2.0,-13.4,-0.12638888888888888,5190.0,1377.5,3267.5
BL027,Propoxur,500.0,2.0,3.0,1.0,-0.9565217391304348,1.4,-4.2,-0.04583333333333333,4235.0,1362.5,3677.5
BL027,Propoxur,500.0,2.0,4.0,3.0388077147866746,-0.46721215663354765,669.0,-213.6,-15.648905109489052,5576192.5,951512.5,4095422.5
BL027,Propoxur,50.0,2.0,1.0,1.0,-0.8571428571428571,0.6,-1.6,-0.0125,1032.5,730.0,1497.5
BL027,Propoxur,50.0,2.0,2.0,1.0,-0.9333333333333333,1.0,-2.8,-0.019444444444444445,1192.5,752.5,1595.0
BL027,Propoxur,50.0,2.0,3.0,1.0,-0.9801980198019802,0.6,-4.6,-0.06875,2717.5,715.0,1730.0
BL027,Propoxur,50.0,2.0,4.0,1.9160876536611438,-0.8369855692143239,76.4,-48.0,-2.342857142857143,641492.5,172975.0,256742.5
BL027,Propoxur,5.0,2.0,1.0,1.0,-0.9622641509433962,0.8,-5.8,-0.035416666666666666,1107.5,675.0,1350.0
BL027,Propoxur,5.0,2.0,2.0,1.0,-0.9,0.8,-0.8,-0.00625,897.5,712.5,1412.5
BL027,Propoxur,5.0,2.0,3.0,1.0,-0.9629629629629629,0.8,-3.4,-0.03611111111111111,2352.5,817.5,1730.0
BL027,Propoxur,5.0,2.0,4.0,3.087104737275185,-0.7627835899847185,671.2,-208.2,-17.37921146953405,5127787.5,567985.0,1896610.0
BL027,Propoxur,0.5,2.0,1.0,1.0,-0.9710144927536232,0.6,-5.0,-0.04652777777777778,1422.5,720.0,1315.0
BL027,Propoxur,0.5,2.0,2.0,1.0,-0.7692307692307693,1.0,-2.2,-0.006944444444444444,885.0,675.0,1470.0
BL027,Propoxur,0.5,2.0,3.0,1.0,-0.9285714285714286,0.8,-2.8,-0.027083333333333334,2135.0,787.5,1655.0
BL027,Propoxur,0.5,2.0,4.0,2.9441514536849223,-0.764841108857336,579.8,-187.6,-14.360573476702509,4366902.5,585022.5,1743585.0
BL027,Propoxur,0.05,2.0,1.0,1.0,-0.9230769230769231,1.0,-1.0,-0.008333333333333333,1827.5,840.0,1652.5
BL027,Propoxur,0.05,2.0,2.0,1.0,-0.971830985915493,1.0,-10.4,-0.09583333333333334,3620.0,837.5,1697.5
BL027,Propoxur,0.05,2.0,3.0,1.0,-0.9917355371900827,1.4,-19.6,-0.16666666666666666,4910.0,942.5,2097.5
BL027,Propoxur,0.05,2.0,4.0,1.6421125781792911,-0.7178596247394023,46.2,-46.0,-1.397857142857143,406650.0,155035.0,299437.5
BL027,Propoxur,500.0,3.0,1.0,1.0,-0.98,1.6,-8.4,-0.06805555555555555,5567.5,957.5,1715.0
BL027,Propoxur,500.0,3.0,2.0,1.0,-0.9181286549707602,1.6,-7.0,-0.10902777777777778,11157.5,1830.0,6375.0
BL027,Propoxur,500.0,3.0,3.0,1.0,-0.9344262295081968,1.6,-3.2,-0.03958333333333333,6937.5,1742.5,3422.5
BL027,Propoxur,500.0,3.0,4.0,2.5342565597667637,-0.6033944189920867,646.8,-175.6,-14.716845878136201,5671007.5,1416850.0,2674250.0
BL027,Propoxur,50.0,3.0,1.0,1.0,-0.9807692307692307,0.8,-4.8,-0.035416666666666666,1532.5,710.0,1335.0
BL027,Propoxur,50.0,3.0,2.0,1.0,-0.9864864864864865,1.4,-9.2,-0.10138888888888889,3507.5,690.0,1267.5
BL027,Propoxur,50.0,3.0,3.0,1.0,-0.9947089947089947,0.8,-7.6,-0.13055555555555556,6145.0,1042.5,1672.5
BL027,Propoxur,50.0,3.0,4.0,2.382102272727273,-0.8787286931818182,394.0,-158.0,-9.127598566308244,3023757.5,865315.0,593050.0
BL027,Propoxur,5.0,3.0,1.0,1.0,-0.9772727272727273,1.4,-6.8,-0.059722222222222225,1577.5,650.0,1207.5
BL027,Propoxur,5.0,3.0,2.0,1.0,-0.9887640449438202,1.6,-10.0,-0.12222222222222222,4325.0,712.5,1507.5
BL027,Propoxur,5.0,3.0,3.0,1.0,-0.9487179487179487,0.8,-3.6,-0.025694444444444443,1390.0,700.0,1282.5
BL027,Propoxur,5.0,3.0,4.0,1.0205686630369026,-0.9491833030852994,26.0,-47.6,-1.1409252669039145,198582.5,49850.0,102665.0
BL027,Propoxur,0.5,3.0,1.0,1.0,-0.9727272727272728,0.8,-8.4,-0.07430555555555556,1900.0,680.0,1152.5
BL027,Propoxur,0.5,3.0,2.0,1.0,-0.9949494949494949,0.8,-23.4,-0.27361111111111114,7412.5,622.5,1485.0
BL027,Propoxur,0.5,3.0,3.0,1.0,-0.9666666666666667,0.8,-2.8,-0.02013888888888889,1462.5,752.5,1372.5
BL027,Propoxur,0.5,3.0,4.0,1.6114942528735632,-0.881992337164751,76.4,-75.6,-2.7842857142857143,793612.5,343027.5,318200.0
BL027,Propoxur,0.05,3.0,1.0,1.0,-0.968944099378882,1.2,-11.6,-0.10833333333333334,4815.0,930.0,1640.0
BL027,Propoxur,0.05,3.0,2.0,1.0,-0.9929577464788732,1.2,-22.8,-0.19583333333333333,6777.5,997.5,1755.0
BL027,Propoxur,0.05,3.0,3.0,1.0,-0.9591836734693877,1.0,-4.4,-0.03263888888888889,3980.0,922.5,1775.0
BL027,Propoxur,0.05,3.0,4.0,1.0,-0.9477413640389726,28.8,-105.6,-1.4861111111111112,248062.5,77670.0,133067.5
BL027,Propoxur,500.0,4.0,1.0,1.0,-0.9285714285714286,1.2,-1.4,-0.018055555555555554,3332.5,855.0,1392.5
BL027,Propoxur,500.0,4.0,2.0,1.0,-0.851063829787234,2.4,-15.8,-0.16666666666666666,11410.0,4227.5,19267.5
BL027,Propoxur,500.0,4.0,3.0,1.0,-0.875,1.6,-2.4,-0.024305555555555556,3855.0,1595.0,2807.5
BL027,Propoxur,500.0,4.0,4.0,1.0,-0.8917931422147274,35.8,-91.0,-2.203472222222222,780565.0,414890.0,387102.5
BL027,Propoxur,50.0,4.0,1.0,1.0,-0.9615384615384616,1.0,-2.8,-0.017361111111111112,1047.5,540.0,1010.0
BL027,Propoxur,50.0,4.0,2.0,1.0,-0.9885057471264368,1.2,-10.8,-0.11944444444444445,3880.0,752.5,1362.5
BL027,Propoxur,50.0,4.0,3.0,1.0,-0.9795918367346939,0.8,-3.4,-0.03333333333333333,1610.0,717.5,1302.5
BL027,Propoxur,50.0,4.0,4.0,1.360543179737565,-0.8921269453768691,119.6,-72.2,-5.885304659498208,2217257.5,726215.0,672715.0
BL027,Propoxur,5.0,4.0,1.0,1.0,-0.9571428571428572,1.6,-8.0,-0.09305555555555556,2477.5,610.0,3022.5
BL027,Propoxur,5.0,4.0,2.0,1.0,-0.8,0.6,-0.6,-0.002777777777777778,780.0,560.0,965.0
BL027,Propoxur,5.0,4.0,3.0,1.0,-0.99,2.8,-5.8,-0.06875,2440.0,752.5,1275.0
BL027,Propoxur,5.0,4.0,4.0,1.3701235596279329,-0.8967097042898792,132.6,-60.6,-6.494661921708185,2373755.0,724302.5,682470.0
BL027,Propoxur,0.5,4.0,1.0,1.0,-0.9636363636363636,1.4,-3.8,-0.03680555555555556,1210.0,570.0,1067.5
BL027,Propoxur,0.5,4.0,2.0,1.5,-0.5,1.0,-1.0,-0.0038461538461538464,875.0,587.5,1047.5
BL027,Propoxur,0.5,4.0,3.0,1.0,-0.9822485207100592,0.8,-9.4,-0.11527777777777778,3332.5,600.0,1167.5
BL027,Propoxur,0.5,4.0,4.0,1.0,-0.9372302863868184,11.4,-68.4,-1.6590277777777778,357565.0,201847.5,182685.0
BL027,Propoxur,0.05,4.0,1.0,1.0,-0.9375,1.4,-1.2,-0.010416666666666666,2285.0,752.5,1350.0
BL027,Propoxur,0.05,4.0,2.0,1.0,-0.9901960784313726,2.0,-6.6,-0.07013888888888889,3507.5,790.0,1635.0
BL027,Propoxur,0.05,4.0,3.0,1.0,-0.9805825242718447,0.8,-7.0,-0.07013888888888889,3782.5,910.0,1690.0
BL027,Propoxur,0.05,4.0,4.0,1.2663940205894797,-0.8988859117190805,110.8,-73.2,-5.881138790035587,2171005.0,671905.0,643605.0
BL027,Propoxur,500.0,5.0,1.0,1.0714285714285714,-0.7142857142857143,1.4,-1.2,-0.0077738515901060075,1730.0,622.5,1467.5
BL027,Propoxur,500.0,5.0,2.0,2.125,-0.5,3.0,-2.8,-0.009122807017543859,2005.0,705.0,1725.0
BL027,Propoxur,500.0,5.0,3.0,1.1363636363636365,-0.9090909090909091,2.6,-2.8,-0.01625441696113074,2927.5,800.0,1827.5
BL027,Propoxur,500.0,5.0,4.0,1.8783396226415094,-0.9544150943396227,446.6,-278.0,-17.407885304659498,3482312.5,619647.5,265645.0
BL027,Propoxur,50.0,5.0,1.0,2.6666666666666665,1.3333333333333333,0.6,-0.8,-0.1,727.5,615.0,1947.5
BL027,Propoxur,50.0,5.0,2.0,1.0,-0.9411764705882353,1.6,-1.8,-0.022222222222222223,1660.0,692.5,1317.5
BL027,Propoxur,50.0,5.0,3.0,1.0,-0.9622641509433962,1.6,-2.8,-0.035416666666666666,3625.0,890.0,1482.5
BL027,Propoxur,50.0,5.0,4.0,1.598188998364514,-0.9238501735210818,639.0,-456.4,-27.351971326164875,4941887.5,614952.5,436985.0
BL027,Propoxur,5.0,5.0,1.0,1.6666666666666667,-0.3333333333333333,0.6,-0.8,-0.002564102564102564,685.0,610.0,1152.5
BL027,Propoxur,5.0,5.0,2.0,1.2,-0.6,0.6,-0.8,-0.0027874564459930314,870.0,562.5,1275.0
BL027,Propoxur,5.0,5.0,3.0,1.6,-0.8,1.0,-1.0,-0.010071942446043165,1850.0,737.5,1322.5
BL027,Propoxur,5.0,5.0,4.0,1.6255052264808363,-0.9659233449477352,381.8,-229.0,-16.4294964028777,3323335.0,646057.5,276800.0
BL027,Propoxur,0.5,5.0,1.0,5.5,-0.5,1.8,-1.8,-0.029850746268656716,767.5,632.5,1237.5
BL027,Propoxur,0.5,5.0,2.0,1.6,-0.6,1.4,-1.4,-0.006417112299465241,885.0,700.0,1207.5
BL027,Propoxur,0.5,5.0,3.0,1.0,-0.9285714285714286,1.4,-1.2,-0.018055555555555554,2675.0,817.5,1487.5
BL027,Propoxur,0.5,5.0,4.0,1.354355921349114,-0.84400275135789,710.8,-757.2,-35.960142348754445,6476180.0,607370.0,1162860.0
BL027,Propoxur,0.05,5.0,1.0,1.7142857142857142,-0.7142857142857143,0.8,-1.2,-0.007194244604316547,1485.0,632.5,1360.0
BL027,Propoxur,0.05,5.0,2.0,1.4,-0.7,1.0,-1.0,-0.008,1632.5,657.5,1427.5
BL027,Propoxur,0.05,5.0,3.0,1.0,-0.8611111111111112,1.4,-1.8,-0.021527777777777778,3215.0,765.0,1467.5
BL027,Propoxur,0.05,5.0,4.0,1.562199105914718,-0.8838118982118295,607.2,-452.6,-24.114695340501793,4549700.0,638760.0,595822.5
BL027,Diazinon,500.0,1.0,1.0,1.3333333333333333,-0.6666666666666666,0.6,-0.6,-0.002097902097902098,460.0,385.0,725.0
BL027,Diazinon,500.0,1.0,2.0,1.0,-0.9565217391304348,1.0,-3.4,-0.030555555555555555,1562.5,480.0,882.5
BL027,Diazinon,500.0,1.0,3.0,1.0,-0.7210982658959537,9.8,-20.8,-0.34652777777777777,55670.0,8190.0,119462.5
BL027,Diazinon,500.0,1.0,4.0,1.0,-0.9663037843442198,13.2,-59.8,-2.588888888888889,249862.5,117280.0,439522.5
BL027,Diazinon,50.0,1.0,1.0,1.0,-0.75,0.8,-0.6,-0.0020833333333333333,447.5,395.0,805.0
BL027,Diazinon,50.0,1.0,2.0,1.0,-0.9824561403508771,1.6,-3.2,-0.03888888888888889,2390.0,410.0,855.0
BL027,Diazinon,50.0,1.0,3.0,12.134831460674157,6.674157303370786,15.8,-11.2,-1.6893617021276597,4182.5,1010.0,424537.5
BL027,Diazinon,50.0,1.0,4.0,1.0071803369235017,-0.9889533278099972,15.2,-65.8,-2.513588850174216,233540.0,161800.0,465272.5
BL027,Diazinon,5.0,1.0,1.0,1.0,-0.75,0.6,-0.6,-0.0020833333333333333,452.5,375.0,820.0
BL027,Diazinon,5.0,1.0,2.0,1.0,-1.0,0.8,-5.2,-0.04652777777777778,2460.0,422.5,810.0
BL027,Diazinon,5.0,1.0,3.0,1.0,-0.9838709677419355,2.8,-4.2,-0.08472222222222223,4592.5,447.5,1000.0
BL027,Diazinon,5.0,1.0,4.0,1.0114122681883024,-0.9997622444127438,12.2,-62.4,-2.9637630662020906,277872.5,72265.0,6010.0
BL027,Diazinon,0.5,1.0,1.0,1.4285714285714286,-0.8571428571428571,2.0,-1.8,-0.01978021978021978,375.0,392.5,792.5
BL027,Diazinon,0.5,1.0,2.0,1.0,-1.0,1.8,-2.8,-0.029861111111111113,1600.0,377.5,785.0
BL027,Diazinon,0.5,1.0,3.0,1.0,-0.9952380952380953,1.0,-13.0,-0.1451388888888889,7562.5,492.5,782.5
BL027,Diazinon,0.5,1.0,4.0,1.655289276204309,-0.9992737835875091,132.2,-154.6,-6.022026431718062,1056017.5,402120.0,87212.5
BL027,Diazinon,0.05,1.0,1.0,1.0,-0.972972972972973,0.6,-4.2,-0.025,782.5,435.0,792.5
BL027,Diazinon,0.05,1.0,2.0,1.0,-0.9978858350951374,2.0,-27.8,-0.3277777777777778,12807.5,410.0,827.5
BL027,Diazinon,0.05,1.0,3.0,1.0,-0.9964664310954063,2.4,-15.8,-0.19583333333333333,10010.0,482.5,857.5
BL027,Diazinon,0.05,1.0,4.0,1.0595594234430241,-0.9994560783247213,43.8,-90.2,-2.713588850174216,361922.5,64007.5,24792.5
BL027,Diazinon,500.0,2.0,1.0,2.0,0.0,0.6,-0.6,-0.00196078431372549,627.5,727.5,1290.0
BL027,Diazinon,500.0,2.0,2.0,1.25,-0.75,0.8,-0.8,-0.0039603960396039604,722.5,802.5,1332.5
BL027,Diazinon,500.0,2.0,3.0,69.33333333333333,68.33333333333333,5.4,-4.4,0.0,817.5,902.5,60007.5
BL027,Diazinon,500.0,2.0,4.0,4.3053892215568865,1.5089820359281436,12.0,-12.2,-0.4878048780487805,14257.5,183837.5,417565.0
BL027,Diazinon,50.0,2.0,1.0,5.0,1.0,0.6,-0.6,-0.003061224489795918,630.0,612.5,1260.0
BL027,Diazinon,50.0,2.0,2.0,5.333333333333333,-0.3333333333333333,2.8,-2.8,-0.02204724409448819,702.5,650.0,1360.0
BL027,Diazinon,50.0,2.0,3.0,27.0,20.8,4.8,-3.8,-0.15294117647058825,927.5,1490.0,57347.5
BL027,Diazinon,50.0,2.0,4.0,1.6428571428571428,-0.9571428571428572,5.4,-5.8,-0.33432835820895523,15347.5,36647.5,65680.0
BL027,Diazinon,5.0,2.0,1.0,2.0,-0.6666666666666666,1.0,-1.0,-0.09090909090909091,607.5,585.0,1242.5
BL027,Diazinon,5.0,2.0,2.0,10.0,0.0,3.8,-3.6,-0.01674418604651163,627.5,687.5,1305.0
BL027,Diazinon,5.0,2.0,3.0,1.0,-0.875,0.6,-0.6,-0.004861111111111111,787.5,727.5,1237.5
BL027,Diazinon,5.0,2.0,4.0,14.33695652173913,-0.9836956521739131,45.8,-69.4,-2.4976303317535544,141112.5,267275.0,31460.0
BL027,Diazinon,0.5,2.0,1.0,2.0,0.0,0.6,-0.6,-0.00202020202020202,595.0,675.0,1215.0
BL027,Diazinon,0.5,2.0,2.0,2.0,-0.3333333333333333,0.8,-1.0,-0.006666666666666667,625.0,622.5,1275.0
BL027,Diazinon,0.5,2.0,3.0,1.6666666666666667,-0.3333333333333333,0.6,-0.6,-0.0028169014084507044,755.0,775.0,1347.5
BL027,Diazinon,0.5,2.0,4.0,18.583815028901736,-0.5028901734104047,44.4,-65.0,-3.098019801980198,156270.0,480037.5,163625.0
BL027,Diazinon,0.05,2.0,1.0,1.3333333333333333,-0.3333333333333333,0.4,-0.6,-0.0015503875968992248,680.0,662.5,1285.0
BL027,Diazinon,0.05,2.0,2.0,2.0,-0.3333333333333333,0.8,-0.8,-0.003755868544600939,737.5,770.0,1410.0
BL027,Diazinon,0.05,2.0,3.0,1.0,-0.7692307692307693,0.8,-1.2,-0.006944444444444444,1165.0,1005.0,1575.0
BL027,Diazinon,0.05,2.0,4.0,21.790697674418606,2.0930232558139537,34.0,-62.4,-3.2,175302.5,634457.5,175755.0
BL027,Diazinon,500.0,3.0,1.0,2.0,-0.5,0.4,-0.6,-0.0034482758620689655,537.5,622.5,1087.5
BL027,Diazinon,500.0,3.0,2.0,5.0,-1.0,2.6,-2.8,-0.012396694214876033,582.5,702.5,1137.5
BL027,Diazinon,500.0,3.0,3.0,11.5,-0.75,9.2,-8.8,-0.13636363636363635,660.0,825.0,1327.5
BL027,Diazinon,500.0,3.0,4.0,1.0454545454545454,-0.8636363636363636,1.0,-1.4,-0.013937282229965157,2282.5,1190.0,1445.0
BL027,Diazinon,50.0,3.0,1.0,2.5,-1.0,0.8,-0.6,-0.029411764705882353,572.5,520.0,1032.5
BL027,Diazinon,50.0,3.0,2.0,4.5,0.0,1.4,-1.4,-0.006008583690987125,552.5,517.5,1040.0
BL027,Diazinon,50.0,3.0,3.0,2.0,-0.3333333333333333,0.8,-1.0,-0.004419889502762431,520.0,620.0,1152.5
BL027,Diazinon,50.0,3.0,4.0,1.0,-0.9629629629629629,2.0,-1.8,-0.018055555555555554,2967.5,665.0,1217.5
BL027,Diazinon,5.0,3.0,1.0,2.5,-0.5,0.8,-0.6,-0.013333333333333334,527.5,520.0,1040.0
BL027,Diazinon,5.0,3.0,2.0,2.5,0.0,0.8,-0.8,-0.004918032786885246,447.5,492.5,1130.0
BL027,Diazinon,5.0,3.0,3.0,7.0,1.0,1.2,-1.0,-0.022222222222222223,557.5,515.0,1055.0
BL027,Diazinon,5.0,3.0,4.0,1.032258064516129,-0.967741935483871,1.4,-1.8,-0.022627737226277374,3925.0,712.5,1247.5
BL027,Diazinon,0.5,3.0,1.0,1.25,-0.75,0.8,-0.8,-0.0027874564459930314,647.5,542.5,1032.5
BL027,Diazinon,0.5,3.0,2.0,1.3333333333333333,-0.3333333333333333,0.6,-0.8,-0.002185792349726776,552.5,540.0,1070.0
BL027,Diazinon,0.5,3.0,3.0,2.2,-0.6,1.8,-1.8,-0.008450704225352112,570.0,545.0,1067.5
BL027,Diazinon,0.5,3.0,4.0,1.4827586206896552,-0.8275862068965517,2.0,-2.0,-0.02724014336917563,6005.0,2107.5,4927.5
BL027,Diazinon,0.05,3.0,1.0,2.0,-0.5,0.8,-0.4,-0.003389830508474576,517.5,642.5,1047.5
BL027,Diazinon,0.05,3.0,2.0,2.3333333333333335,-0.3333333333333333,1.0,-1.2,-0.006493506493506494,520.0,695.0,1072.5
BL027,Diazinon,0.05,3.0,3.0,1.0,-0.6666666666666666,0.6,-0.8,-0.002777777777777778,550.0,682.5,1107.5
BL027,Diazinon,0.05,3.0,4.0,1.0,-0.8947368421052632,1.0,-1.4,-0.011805555555555555,1467.5,832.5,1722.5
BL027,Diazinon,500.0,4.0,1.0,5.0,1.0,0.6,-0.8,-0.00234375,730.0,687.5,1170.0
BL027,Diazinon,500.0,4.0,2.0,2.0833333333333335,0.5833333333333334,1.6,-1.4,-0.24,942.5,750.0,4730.0
BL027,Diazinon,500.0,4.0,3.0,78.38461538461539,71.61538461538461,11.6,-11.0,-0.234375,1072.5,29325.0,586040.0
BL027,Diazinon,500.0,4.0,4.0,9.272108843537415,7.863945578231292,14.2,-10.4,-4.0,9800.0,95205.0,794830.0
BL027,Diazinon,50.0,4.0,1.0,2.0,-0.5,0.6,-0.6,-0.002654867256637168,647.5,602.5,1202.5
BL027,Diazinon,50.0,4.0,2.0,1.0,-0.8333333333333334,1.0,-1.4,-0.006944444444444444,715.0,657.5,1462.5
BL027,Diazinon,50.0,4.0,3.0,3.210526315789474,1.2894736842105263,8.4,-6.6,-0.15217391304347827,8167.5,80490.0,190560.0
BL027,Diazinon,50.0,4.0,4.0,9.556962025316455,-0.9873417721518988,31.2,-31.6,-1.283404255319149,238145.0,58525.0,4600.0
BL027,Diazinon,5.0,4.0,1.0,1.0,-0.75,0.6,-0.6,-0.0020833333333333333,685.0,667.5,1240.0
BL027,Diazinon,5.0,4.0,2.0,1.0,-0.8181818181818182,0.6,-1.2,-0.00625,777.5,565.0,1330.0
BL027,Diazinon,5.0,4.0,3.0,1.0,-0.7777777777777778,1.8,-3.2,-0.014583333333333334,1455.0,1567.5,4265.0
BL027,Diazinon,5.0,4.0,4.0,17.60126582278481,-0.9683544303797469,46.8,-77.2,-2.546788990825688,420875.0,161052.5,9895.0
BL027,Diazinon,0.5,4.0,1.0,4.0,-0.5,1.2,-1.2,-0.0065116279069767444,635.0,672.5,1200.0
BL027,Diazinon,0.5,4.0,2.0,1.0,-0.9615384615384616,1.0,-2.4,-0.017361111111111112,905.0,577.5,1260.0
BL027,Diazinon,0.5,4.0,3.0,1.1111111111111112,-0.6666666666666666,1.4,-1.4,-0.004878048780487805,947.5,685.0,1287.5
BL027,Diazinon,0.5,4.0,4.0,33.391891891891895,-0.060810810810810814,84.2,-103.0,-4.467906976744186,651432.5,561015.0,230970.0
BL027,Diazinon,0.05,4.0,1.0,2.5,-0.5,0.8,-0.8,-0.0033333333333333335,717.5,712.5,1222.5
BL027,Diazinon,0.05,4.0,2.0,1.0,-0.9,0.6,-0.8,-0.00625,795.0,690.0,1217.5
BL027,Diazinon,0.05,4.0,3.0,1.0,-0.9259259259259259,1.4,-2.8,-0.017361111111111112,1155.0,742.5,1300.0
BL027,Diazinon,0.05,4.0,4.0,1.0,-0.875,1.0,-1.8,-0.009722222222222222,1045.0,852.5,1497.5
BL027,Diazinon,500.0,5.0,1.0,1.75,-0.5,0.8,-1.2,-0.004405286343612335,620.0,700.0,1160.0
BL027,Diazinon,500.0,5.0,2.0,2.7142857142857144,-0.7142857142857143,3.4,-3.6,-0.014912280701754385,752.5,810.0,1435.0
BL027,Diazinon,500.0,5.0,3.0,22.5,13.328947368421053,20.2,-15.6,-3.3567567567567567,14817.5,21235.0,784565.0
BL027,Diazinon,500.0,5.0,4.0,1.6920415224913494,-0.29411764705882354,9.0,-7.2,-1.0,44172.5,32572.5,256397.5
BL027,Diazinon,50.0,5.0,1.0,1.5,-0.6666666666666666,1.6,-1.2,-0.03783783783783784,580.0,532.5,1057.5
BL027,Diazinon,50.0,5.0,2.0,1.0625,-0.9375,3.2,-3.0,-0.05517241379310345,917.5,650.0,1160.0
BL027,Diazinon,50.0,5.0,3.0,13.1,8.3,5.4,-3.6,-0.2814814814814815,1027.5,800.0,49320.0
BL027,Diazinon,50.0,5.0,4.0,1.0,-0.9638157894736842,3.6,-6.0,-0.20347222222222222,38195.0,7220.0,23242.5
BL027,Diazinon,5.0,5.0,1.0,2.0,-0.5,1.4,-1.4,-0.00631578947368421,542.5,557.5,1065.0
BL027,Diazinon,5.0,5.0,2.0,2.2857142857142856,-0.8571428571428571,6.2,-6.0,-0.02531645569620253,960.0,505.0,1005.0
BL027,Diazinon,5.0,5.0,3.0,1.0,-0.9,0.6,-1.6,-0.0125,967.5,562.5,1170.0
BL027,Diazinon,5.0,5.0,4.0,1.0,-0.9945054945054945,3.8,-6.0,-0.2513888888888889,34165.0,11942.5,12587.5
BL027,Diazinon,0.5,5.0,1.0,3.0,-0.5,0.8,-1.0,-0.006211180124223602,605.0,570.0,1032.5
BL027,Diazinon,0.5,5.0,2.0,1.0,-0.9473684210526315,1.2,-2.2,-0.0125,885.0,570.0,1035.0
BL027,Diazinon,0.5,5.0,3.0,1.0,-0.9333333333333333,1.0,-1.4,-0.019444444444444445,2305.0,880.0,1145.0
BL027,Diazinon,0.5,5.0,4.0,13.546666666666667,-0.9093333333333333,50.4,-83.0,-5.484782608695652,133660.0,937087.5,329055.0
BL027,Diazinon,0.05,5.0,1.0,2.0,-0.6666666666666666,0.8,-0.8,-0.008928571428571428,580.0,650.0,1140.0
BL027,Diazinon,0.05,5.0,2.0,1.0,-1.0,0.6,-1.2,-0.008333333333333333,677.5,710.0,1232.5
BL027,Diazinon,0.05,5.0,3.0,1.0,-0.9444444444444444,2.2,-1.8,-0.035416666666666666,5030.0,1170.0,1482.5
BL027,Diazinon,0.05,5.0,4.0,8.624352331606218,-0.17098445595854922,42.6,-41.8,-3.4586206896551723,124597.5,764265.0,607602.5
BL027,Trimethoprim,500.0,1.0,1.0,47.0,11.416666666666666,10.6,-10.0,-1.3833333333333333,1097.5,655.0,198372.5
BL027,Trimethoprim,500.0,1.0,2.0,3.3457943925233646,1.588785046728972,8.8,-7.4,-0.3446808510638298,8025.0,37865.0,199960.0
BL027,Trimethoprim,500.0,1.0,3.0,1.0,-0.8175675675675675,5.4,-15.4,-0.2520833333333333,51700.0,45940.0,50427.5
BL027,Trimethoprim,500.0,1.0,4.0,13.03592561284869,5.824704142011834,700.6,-1356.2,-87.08592592592592,18911615.0,38355817.5,70248775.0
BL027,Trimethoprim,50.0,1.0,1.0,1.0,-0.47619047619047616,1.0,-2.0,-0.006944444444444444,880.0,462.5,1702.5
BL027,Trimethoprim,50.0,1.0,2.0,1.0,-0.9931972789115646,2.6,-7.6,-0.10138888888888889,8100.0,635.0,1220.0
BL027,Trimethoprim,50.0,1.0,3.0,1.0,-0.48074921956295524,11.2,-32.2,-0.32083333333333336,144295.0,140775.0,276730.0
BL027,Trimethoprim,50.0,1.0,4.0,1.3344498079006994,-0.9960595015269431,186.6,-168.4,-9.578723404255319,2986887.5,366660.0,319535.0
BL027,Trimethoprim,5.0,1.0,1.0,1.0,-0.9696969696969697,0.4,-3.2,-0.022222222222222223,1015.0,457.5,887.5
BL027,Trimethoprim,5.0,1.0,2.0,1.0,-0.9923076923076923,2.8,-11.6,-0.17916666666666667,11180.0,550.0,950.0
BL027,Trimethoprim,5.0,1.0,3.0,1.0,-1.0,3.6,-10.6,-0.24861111111111112,18732.5,697.5,1395.0
BL027,Trimethoprim,5.0,1.0,4.0,1.3119402985074626,-0.9968283582089552,267.6,-154.2,-9.880281690140846,2140050.0,401302.5,731802.5
BL027,Trimethoprim,0.5,1.0,1.0,1.0,-0.9875,2.0,-6.6,-0.05486111111111111,2377.5,555.0,830.0
BL027,Trimethoprim,0.5,1.0,2.0,1.0,-1.0,2.0,-6.4,-0.08819444444444445,4585.0,502.5,975.0
BL027,Trimethoprim,0.5,1.0,3.0,1.0,-0.9974554707379135,1.4,-21.6,-0.2722222222222222,15505.0,605.0,1185.0
BL027,Trimethoprim,0.5,1.0,4.0,1.3577754499571468,-0.995714693838682,225.0,-158.2,-10.04452296819788,2147102.5,579847.5,716460.0
BL027,Trimethoprim,0.05,1.0,1.0,1.0,-0.8333333333333334,1.0,-0.8,-0.006944444444444444,972.5,485.0,992.5
BL027,Trimethoprim,0.05,1.0,2.0,1.0,-0.9983136593591906,1.6,-33.4,-0.4111111111111111,18582.5,620.0,997.5
BL027,Trimethoprim,0.05,1.0,3.0,1.0,-0.997716894977169,1.0,-16.8,-0.3034722222222222,18690.0,765.0,1172.5
BL027,Trimethoprim,0.05,1.0,4.0,1.3008816357156257,-0.9969048958919527,237.0,-169.2,-9.744366197183098,2091220.0,372720.0,748307.5
BL027,Trimethoprim,500.0,2.0,1.0,128.33333333333334,127.33333333333333,13.6,-5.6,0.0,2390.0,4885.0,287425.0
BL027,Trimethoprim,500.0,2.0,2.0,708.4285714285714,707.4285714285714,52.6,-16.6,0.0,3050.0,41495.0,2934830.0
BL027,Trimethoprim,500.0,2.0,3.0,5.607142857142857,1.4642857142857142,5.8,-4.2,-0.11891891891891893,9347.5,36850.0,73965.0
BL027,Trimethoprim,500.0,2.0,4.0,11.91601360343043,3.131450539701316,442.8,-190.8,-63.050299401197606,12220285.0,27607720.0,37868855.0
BL027,Trimethoprim,50.0,2.0,1.0,3.5,0.0,1.0,-0.8,-0.009345794392523364,1092.5,1122.5,2245.0
BL027,Trimethoprim,50.0,2.0,2.0,1.75,-0.5,0.8,-1.0,-0.003484320557491289,1510.0,1342.5,2517.5
BL027,Trimethoprim,50.0,2.0,3.0,3.9224806201550386,1.2945736434108528,8.4,-7.8,-0.25301204819277107,103970.0,154100.0,238792.5
BL027,Trimethoprim,50.0,2.0,4.0,6.662878206112732,-0.5343265243434189,575.2,-439.6,-30.801526717557252,8950170.0,3883410.0,7608532.5
BL027,Trimethoprim,5.0,2.0,1.0,1.0,-0.6666666666666666,0.6,-0.6,-0.002777777777777778,1017.5,935.0,1512.5
BL027,Trimethoprim,5.0,2.0,2.0,1.4545454545454546,-0.8181818181818182,2.2,-2.2,-0.011428571428571429,1812.5,1122.5,1807.5
BL027,Trimethoprim,5.0,2.0,3.0,1.0,-0.631578947368421,2.2,-2.8,-0.016666666666666666,7760.0,4955.0,11760.0
BL027,Trimethoprim,5.0,2.0,4.0,4.00349533954727,-0.8526964047936085,392.4,-661.8,-28.780124223602485,2885915.0,5725515.0,10142532.5
BL027,Trimethoprim,0.5,2.0,1.0,2.0,0.0,1.0,-0.8,-0.002181818181818182,930.0,947.5,1967.5
BL027,Trimethoprim,0.5,2.0,2.0,1.1111111111111112,-0.7777777777777778,1.4,-1.2,-0.012030075187969926,1687.5,1112.5,1982.5
BL027,Trimethoprim,0.5,2.0,3.0,6.224390243902439,2.0195121951219512,21.2,-16.6,-1.752,255217.5,240092.5,709465.0
BL027,Trimethoprim,0.5,2.0,4.0,4.135003915426782,-0.5913860610806578,382.2,-253.6,-27.192,3083257.5,6651222.5,6449710.0
BL027,Trimethoprim,0.05,2.0,1.0,1.5,-0.625,1.2,-1.0,-0.006716417910447761,1690.0,1507.5,3185.0
BL027,Trimethoprim,0.05,2.0,2.0,1.2380952380952381,-0.8571428571428571,3.2,-4.0,-0.017624521072796936,2650.0,1885.0,3350.0
BL027,Trimethoprim,0.05,2.0,3.0,1.0,-0.7368421052631579,1.6,-2.0,-0.009722222222222222,3717.5,3572.5,5050.0
BL027,Trimethoprim,0.05,2.0,4.0,3.277807921866522,-0.8026767950804847,369.0,-458.6,-34.40808080808081,2657892.5,3111127.5,8214910.0
BL027,Trimethoprim,500.0,3.0,1.0,9.0,0.0,1.4,-1.2,-0.015458937198067632,2325.0,2710.0,3360.0
BL027,Trimethoprim,500.0,3.0,2.0,1.9,-0.5,1.6,-1.6,-0.013084112149532711,2772.5,2957.5,3782.5
BL027,Trimethoprim,500.0,3.0,3.0,5.0,1.0,1.2,-1.4,-0.008372093023255815,2525.0,2937.5,6355.0
BL027,Trimethoprim,500.0,3.0,4.0,88.18106995884774,35.76954732510288,172.4,-233.6,-16.769127516778525,4106375.0,5954475.0,10298895.0
BL027,Trimethoprim,50.0,3.0,1.0,3.0,0.0,0.8,-1.0,-0.004790419161676647,640.0,702.5,1362.5
BL027,Trimethoprim,50.0,3.0,2.0,1.0,-0.9230769230769231,0.8,-1.8,-0.008333333333333333,970.0,932.5,1552.5
BL027,Trimethoprim,50.0,3.0,3.0,2.75,-0.25,1.0,-1.2,-0.006201550387596899,2180.0,2000.0,3397.5
BL027,Trimethoprim,50.0,3.0,4.0,83.06987951807228,20.23132530120482,420.8,-278.0,-19.816988416988416,6942237.5,5454657.5,8607310.0
BL027,Trimethoprim,5.0,3.0,1.0,2.0,0.0,0.8,-0.8,-0.003821656050955414,687.5,675.0,1347.5
BL027,Trimethoprim,5.0,3.0,2.0,1.0,-0.7692307692307693,0.6,-0.8,-0.006944444444444444,1007.5,817.5,1700.0
BL027,Trimethoprim,5.0,3.0,3.0,1.0588235294117647,-0.6470588235294118,2.4,-3.0,-0.011320754716981131,2172.5,1835.0,3350.0
BL027,Trimethoprim,5.0,3.0,4.0,84.25079365079365,21.615873015873017,307.2,-161.6,-15.108949416342412,5809605.0,4642875.0,7017012.5
BL027,Trimethoprim,0.5,3.0,1.0,5.0,1.0,0.6,-0.6,-0.0064516129032258064,645.0,645.0,1447.5
BL027,Trimethoprim,0.5,3.0,2.0,2.0,-0.3333333333333333,1.0,-1.0,-0.005442176870748299,857.5,947.5,2042.5
BL027,Trimethoprim,0.5,3.0,3.0,4.0,-0.3333333333333333,1.4,-1.4,-0.014598540145985401,2125.0,1962.5,3965.0
BL027,Trimethoprim,0.5,3.0,4.0,84.46505376344086,21.239247311827956,373.2,-177.6,-17.874903474903476,6632377.5,5190802.5,8068787.5
BL027,Trimethoprim,0.05,3.0,1.0,1.4285714285714286,-0.2857142857142857,1.0,-1.0,-0.015151515151515152,1212.5,1487.5,4135.0
BL027,Trimethoprim,0.05,3.0,2.0,3.25,-0.25,2.0,-1.8,-0.029197080291970802,1502.5,2657.5,8240.0
BL027,Trimethoprim,0.05,3.0,3.0,8.4,2.2,1.8,-2.0,-0.03768115942028986,2885.0,5555.0,17327.5
BL027,Trimethoprim,0.05,3.0,4.0,83.4074074074074,26.037037037037038,112.0,-150.8,-10.195215311004784,3039010.0,4144407.5,5194465.0
BL027,Trimethoprim,500.0,4.0,1.0,111.85714285714286,110.85714285714286,11.8,-5.2,0.0,1832.5,2257.5,175495.0
BL027,Trimethoprim,500.0,4.0,2.0,2268.0,2267.0,41.6,-8.0,0.0,1717.5,9237.5,1818552.5
BL027,Trimethoprim,500.0,4.0,3.0,48.76923076923077,47.76923076923077,17.2,-15.8,0.0,42430.0,407377.5,1238477.5
BL027,Trimethoprim,500.0,4.0,4.0,116.42148760330579,115.3801652892562,223.6,-87.8,-3.0,1692865.0,10001500.0,28328467.5
BL027,Trimethoprim,50.0,4.0,1.0,54.0,53.0,3.2,-1.6,0.0,1160.0,1212.5,11912.5
BL027,Trimethoprim,50.0,4.0,2.0,96.11111111111111,95.11111111111111,15.2,-5.6,0.0,2220.0,3030.0,150535.0
BL027,Trimethoprim,50.0,4.0,3.0,1.263157894736842,-0.6842105263157895,3.6,-3.4,-0.012587412587412588,4185.0,1887.5,3745.0
BL027,Trimethoprim,50.0,4.0,4.0,35.38297872340426,5.789893617021277,180.8,-150.4,-8.921991701244814,2440880.0,1330410.0,3468202.5
BL027,Trimethoprim,5.0,4.0,1.0,59.333333333333336,53.333333333333336,6.6,-3.4,-3.0,932.5,957.5,18320.0
BL027,Trimethoprim,5.0,4.0,2.0,1.0,-0.8125,0.8,-1.2,-0.009027777777777777,1805.0,842.5,1610.0
BL027,Trimethoprim,5.0,4.0,3.0,1.0769230769230769,-0.7307692307692307,1.6,-2.0,-0.014634146341463415,5520.0,1937.5,3510.0
BL027,Trimethoprim,5.0,4.0,4.0,9.0,1.0,1.0,-1.0,-0.010852713178294573,1265.0,1202.5,3285.0
BL027,Trimethoprim,0.5,4.0,1.0,2.3333333333333335,-0.6666666666666666,2.2,-2.4,-2.4,1075.0,882.5,1612.5
BL027,Trimethoprim,0.5,4.0,2.0,1.5833333333333333,-0.8333333333333334,2.2,-2.6,-0.013127413127413128,2032.5,932.5,1530.0
BL027,Trimethoprim,0.5,4.0,3.0,1.0,-0.7368421052631579,1.2,-2.2,-0.009722222222222222,2437.5,1137.5,2700.0
BL027,Trimethoprim,0.5,4.0,4.0,27.850602409638554,26.850602409638554,107.4,-94.4,0.0,1111532.5,1243970.0,6676325.0
BL027,Trimethoprim,0.05,4.0,1.0,3.3333333333333335,0.0,1.6,-1.4,-0.00532319391634981,1042.5,942.5,2380.0
BL027,Trimethoprim,0.05,4.0,2.0,3.297872340425532,0.2127659574468085,6.0,-4.2,-0.08065843621399177,34437.5,13852.5,50915.0
BL027,Trimethoprim,0.05,4.0,3.0,3.0,-0.6666666666666666,1.0,-1.0,-0.010126582278481013,1182.5,1642.5,2955.0
BL027,Trimethoprim,0.05,4.0,4.0,1.0,-0.7222222222222222,1.2,-1.2,-0.009027777777777777,2310.0,1567.5,3525.0
BL027,Trimethoprim,500.0,5.0,1.0,266.0,239.15625,46.0,-41.8,-4.594444444444444,2542.5,60320.0,3583735.0
BL027,Trimethoprim,500.0,5.0,2.0,185.74418604651163,184.74418604651163,44.6,-59.8,0.0,5667.5,166660.0,3994362.5
BL027,Trimethoprim,500.0,5.0,3.0,18.899408284023668,16.78698224852071,26.8,-26.0,-0.5222222222222223,39382.5,308302.5,1930032.5
BL027,Trimethoprim,500.0,5.0,4.0,5.625112592325707,2.9542424788326427,255.0,-97.2,-14.84,1789820.0,8368367.5,20299475.0
BL027,Trimethoprim,50.0,5.0,1.0,48.42857142857143,43.642857142857146,11.0,-8.0,-0.2717948717948718,1370.0,6067.5,267405.0
BL027,Trimethoprim,50.0,5.0,2.0,1.0,-0.19387755102040816,4.0,-3.6,-0.013194444444444444,4912.5,2810.0,36610.0
BL027,Trimethoprim,50.0,5.0,3.0,1.0,-0.9244186046511628,2.8,-4.8,-0.11041666666666666,23932.5,13052.5,16982.5
BL027,Trimethoprim,50.0,5.0,4.0,2.6709931170108163,-0.7073746312684366,242.2,-119.2,-10.036514522821577,3162470.0,2181227.5,4792915.0
BL027,Trimethoprim,5.0,5.0,1.0,36.0,25.0,7.8,-5.6,-0.5555555555555556,1117.5,1095.0,123107.5
BL027,Trimethoprim,5.0,5.0,2.0,1.3362068965517242,-0.4224137931034483,5.0,-4.2,-0.3826086956521739,7667.5,2975.0,69880.0
BL027,Trimethoprim,5.0,5.0,3.0,1.0777777777777777,-0.9444444444444444,1.8,-2.4,-0.06433566433566433,9457.5,2930.0,10450.0
BL027,Trimethoprim,5.0,5.0,4.0,1.1519507186858315,-0.20691833833517612,95.4,-112.0,-8.573584905660377,1800205.0,932497.5,4362937.5
BL027,Trimethoprim,0.5,5.0,1.0,1.2,-0.8,0.8,-1.0,-0.0040650406504065045,900.0,1002.5,1667.5
BL027,Trimethoprim,0.5,5.0,2.0,1.0,-0.7222222222222222,1.0,-1.8,-0.018055555555555554,1830.0,950.0,3940.0
BL027,Trimethoprim,0.5,5.0,3.0,2.181669394435352,-0.6448445171849427,15.4,-18.4,-0.8551724137931035,327377.5,193210.0,297747.5
BL027,Trimethoprim,0.5,5.0,4.0,1.9139849026618991,-0.14700039729837108,67.2,-84.6,-8.411023622047244,1576565.0,1348860.0,5128015.0
BL027,Trimethoprim,0.05,5.0,1.0,8.333333333333334,-0.3333333333333333,4.4,-4.2,-0.028930817610062894,1165.0,1580.0,3647.5
BL027,Trimethoprim,0.05,5.0,2.0,1.0,-0.7727272727272727,2.4,-3.8,-0.02361111111111111,3185.0,1672.5,6667.5
BL027,Trimethoprim,0.05,5.0,3.0,2.693062114057392,-0.11296767163094806,65.4,-62.0,-12.126829268292683,1346867.5,1116370.0,4190420.0
BL027,Trimethoprim,0.05,5.0,4.0,1.079827757535608,-0.3140112620072872,59.6,-117.6,-9.908333333333333,1661930.0,816332.5,3639527.5
BL029,Trimethoprim,50.0,1.0,1.0,6.177900657832015,-0.8728827025137446,1.0299999999999983,-19.240000000000002,-0.07900414937759337,7318.07125,655.0,1197.5
BL029,Trimethoprim,50.0,1.0,2.0,1.0,-0.9872467686500067,1.9054000000000002,-18.16,-0.16127395833333333,19149.59375,1132.5,1980.0
BL029,Trimethoprim,50.0,1.0,3.0,1.0,-0.9784621362200963,19.205599999999983,-44.2838,-0.7887128472222222,158681.47875,24680.0,27982.5
BL029,Trimethoprim,5.0,1.0,1.0,1.0,-0.9148972384153866,0.8,-1.1845,-0.007465625,1258.36875,730.0,1522.5
BL029,Trimethoprim,5.0,1.0,2.0,1.0,-0.9896506579594202,7.2,-13.0879,-0.13281180555555555,9264.805,1017.5,2142.5
BL029,Trimethoprim,5.0,1.0,3.0,1.0,-0.9767942990137874,106.101,-110.98000000000002,-2.280029861111111,461241.31,99537.5,95952.5
BL029,Trimethoprim,0.5,1.0,1.0,1.9814587802635613,0.22586576769843705,1.0,-0.8,-0.002029218106995885,1417.3325,950.0,1782.5
BL029,Trimethoprim,0.5,1.0,2.0,1.7023909395973158,-0.5805369127516778,0.8,-1.0,-0.00451439114391144,1888.615,1187.5,1935.0
BL029,Trimethoprim,0.5,1.0,3.0,1.0,-0.9691740969937038,3.6,-6.7841999999999985,-0.08733402777777778,8239.08,2797.5,3857.5
BL029,Trimethoprim,0.05,1.0,1.0,1.8123393316195375,0.028277634961439646,1.2,-1.2,-0.005238549618320611,3767.51875,2792.5,4385.0
BL029,Trimethoprim,0.05,1.0,2.0,1.0,-0.995368826645919,3.3109000000000037,-40.486000000000004,-0.44776666666666665,32651.125,4477.5,5147.5
BL029,Trimethoprim,0.05,1.0,3.0,2.436306316644517,-0.6294823206531012,3179.2247,-610.6,-25.18942454212454,9507796.6775,5543250.0,7131202.5
BL029,Trimethoprim,0.005,1.0,1.0,5.65524193548387,4.655241935483871,0.0604000000000001,-0.006199999999999939,0.0,1089.6475,0.0,0.0
BL029,Trimethoprim,0.005,1.0,2.0,5.555770470664089,4.555770470664088,0.06440000000000001,0.0062000000000000275,0.0,1114.885,0.0,0.0
BL029,Trimethoprim,0.005,1.0,3.0,5.604325699745547,4.604325699745547,0.06940000000000009,-0.011000000000000032,0.0,1119.445,0.0,0.0
BL029,Metaldehyde,500.0,1.0,1.0,2.9576138147566717,1.6768569776088573,193.4,-149.8,-2.8796610169491523,10477827.5,8556890.0,18461065.0
BL029,Metaldehyde,500.0,1.0,2.0,3.2639876617256447,1.9041213263644932,225.0,-171.6,-3.6206896551724137,10753092.5,8907310.0,19530160.0
BL029,Metaldehyde,500.0,1.0,3.0,3.097088186356073,1.445757071547421,216.4,-146.2,-6.691452991452992,10668410.0,8420110.0,16237065.0
BL029,Metaldehyde,500.0,1.0,4.0,3.1746998745744492,0.7790718509227736,213.0,-1276.8,-13.257872340425532,10163032.5,7301440.0,14932352.5
BL029,Metaldehyde,50.0,1.0,1.0,3.0964904325745897,2.0964904325745897,214.6,-157.2,0.0,9865210.0,8330937.5,19050132.5
BL029,Metaldehyde,50.0,1.0,2.0,2.9550931876606685,1.9185411311053984,212.0,-144.8,-0.3807531380753138,10727492.5,7548277.5,17021560.0
BL029,Metaldehyde,50.0,1.0,3.0,2.952005052099779,1.8395168929586359,251.2,-170.2,-1.1875,10940212.5,7611817.5,17145342.5
BL029,Metaldehyde,50.0,1.0,4.0,3.6962025316455698,1.5818779041820221,262.6,-204.8,-11.737552742616034,12838457.5,9355182.5,19046197.5
BL029,Metaldehyde,5.0,1.0,1.0,2.8401918707397122,1.6433560548682993,205.2,-260.0,-1.9822033898305085,10019915.0,7138167.5,15571082.5
BL029,Metaldehyde,5.0,1.0,2.0,3.1662371134020617,1.921875,224.0,-198.2,-2.5283333333333333,11246167.5,7582752.5,16688760.0
BL029,Metaldehyde,5.0,1.0,3.0,3.377420878601795,1.5755786490316486,256.6,-180.6,-8.63135593220339,12011905.0,9370777.5,18635150.0
BL029,Metaldehyde,5.0,1.0,4.0,3.976310238520201,1.6323219211423008,287.4,-259.6,-14.038983050847458,13445972.5,10082590.0,19318617.5
BL029,Metaldehyde,0.5,1.0,1.0,3.2138910141970585,1.6324066989713508,201.4,-142.6,-5.871244635193133,10915687.5,8640492.5,17247585.0
BL029,Metaldehyde,0.5,1.0,2.0,3.2319104848736013,1.6508910070451719,237.4,-174.6,-5.9914529914529915,11163907.5,8666037.5,17735960.0
BL029,Metaldehyde,0.5,1.0,3.0,3.3577489593339735,1.3231668267691323,243.8,-171.6,-10.952542372881355,11775192.5,8793947.5,16139267.5
BL029,Metaldehyde,0.5,1.0,4.0,3.7692428526547284,1.221646245680176,265.0,-192.8,-16.627848101265823,13200870.0,9444817.5,15994102.5
BL029,Metaldehyde,0.05,1.0,1.0,2.9315194642109668,0.02971954792800335,215.4,-1135.8,-18.930833333333332,10377497.5,7308582.5,13849827.5
BL029,Metaldehyde,0.05,1.0,2.0,3.197615958481998,1.3666882906260136,213.4,-151.6,-8.720851063829787,11283840.0,8570727.5,15979962.5
BL029,Metaldehyde,0.05,1.0,3.0,3.2562589698612663,1.31845000797321,228.6,-141.2,-9.925738396624473,11524890.0,8940177.5,16008962.5
BL029,Metaldehyde,0.05,1.0,4.0,3.239830375373017,1.1767708496937332,213.8,-154.2,-11.37563025210084,11501635.0,8602012.5,15124845.0
BL029,Metaldehyde,500.0,2.0,1.0,19.406374501992033,12.404382470119522,59.0,-124.0,-15.065,193257.5,450555.0,4211870.0
BL029,Metaldehyde,500.0,2.0,2.0,16.68980477223427,10.258134490238612,40.2,-89.8,-9.274074074074074,213122.5,473722.5,3664462.5
BL029,Metaldehyde,500.0,2.0,3.0,15.865877712031558,9.560157790927022,44.0,-108.6,-10.549019607843137,219497.5,475757.5,3774502.5
BL029,Metaldehyde,500.0,2.0,4.0,17.7,9.2,52.2,-166.8,-11.75,229292.5,487007.5,3725855.0
BL029,Metaldehyde,50.0,2.0,1.0,18.229299363057326,10.13163481953291,51.8,-165.8,-11.527586206896551,175202.5,455380.0,3976287.5
BL029,Metaldehyde,50.0,2.0,2.0,21.880361173814897,10.794582392776524,66.8,-190.6,-14.184126984126983,212102.5,535425.0,4263837.5
BL029,Metaldehyde,50.0,2.0,3.0,23.260964912280702,11.717105263157896,57.2,-213.4,-16.298305084745763,238470.0,604905.0,4727452.5
BL029,Metaldehyde,50.0,2.0,4.0,19.668032786885245,18.43032786885246,53.6,-38.4,-5.8,321520.0,903632.5,4198532.5
BL029,Metaldehyde,5.0,2.0,1.0,17.08,11.22,41.6,-83.4,-8.411538461538461,166357.5,426402.5,3704397.5
BL029,Metaldehyde,5.0,2.0,2.0,21.402298850574713,11.216091954022989,61.0,-134.4,-13.545762711864407,224652.5,567347.5,4250862.5
BL029,Metaldehyde,5.0,2.0,3.0,23.905339805825243,22.905339805825243,59.8,-32.8,0.0,289677.5,903847.5,4216702.5
BL029,Metaldehyde,5.0,2.0,4.0,18.414316702819956,17.38177874186551,51.2,-26.4,-1.0,321342.5,900527.5,3847807.5
BL029,Metaldehyde,0.5,2.0,1.0,18.70917225950783,11.093959731543624,55.0,-125.2,-10.023728813559321,175147.5,459860.0,3918085.0
BL029,Metaldehyde,0.5,2.0,2.0,20.869662921348315,19.869662921348315,41.8,-24.8,0.0,267380.0,876725.0,4081660.0
BL029,Metaldehyde,0.5,2.0,3.0,17.426940639269407,16.210045662100455,41.0,-25.2,-1.9,319607.5,913592.5,3660220.0
BL029,Metaldehyde,0.5,2.0,4.0,19.86117136659436,18.86117136659436,41.8,-35.8,0.0,327232.5,924735.0,4089105.0
BL029,Metaldehyde,0.05,2.0,1.0,32.62639821029083,31.626398210290827,61.2,-32.6,0.0,203565.0,672202.5,5378070.0
BL029,Metaldehyde,0.05,2.0,2.0,22.665882352941175,21.581176470588236,45.2,-27.4,-7.2,265307.5,861632.5,4144725.0
BL029,Metaldehyde,0.05,2.0,3.0,21.920481927710842,20.920481927710842,57.2,-46.0,0.0,286785.0,895667.5,4030082.5
BL029,Metaldehyde,0.05,2.0,4.0,17.65924276169265,16.65924276169265,44.4,-34.0,0.0,307077.5,866802.5,3614480.0
BL029,Metaldehyde,500.0,3.0,1.0,112.92307692307692,111.92307692307692,122.6,-41.0,0.0,694187.5,1286990.0,12057005.0
BL029,Metaldehyde,500.0,3.0,2.0,16.753462603878116,5.747922437673131,58.0,-120.8,-6.45,682472.5,1210217.5,3272647.5
BL029,Metaldehyde,500.0,3.0,3.0,17.598885793871865,5.894150417827298,51.8,-118.4,-6.742105263157895,691220.0,1241927.5,3409587.5
BL029,Metaldehyde,500.0,3.0,4.0,19.14092140921409,5.105691056910569,57.2,-138.0,-8.016666666666667,822037.5,1586787.5,3320355.0
BL029,Metaldehyde,50.0,3.0,1.0,13.454545454545455,10.401069518716577,40.0,-31.6,-1.7454545454545454,742422.5,1073077.5,3186455.0
BL029,Metaldehyde,50.0,3.0,2.0,13.421052631578947,10.090225563909774,49.8,-32.8,-2.0217391304347827,769585.0,1128282.5,3376132.5
BL029,Metaldehyde,50.0,3.0,3.0,13.78908188585608,10.11910669975186,45.4,-36.0,-2.1737373737373735,790107.5,1158372.5,3453130.0
BL029,Metaldehyde,50.0,3.0,4.0,13.962216624685139,11.3904282115869,40.4,-41.0,-1.6864864864864866,876055.0,1263602.5,3558972.5
BL029,Metaldehyde,5.0,3.0,1.0,11.82010582010582,10.584656084656086,53.0,-33.4,-0.26176470588235295,719912.5,929282.5,2900302.5
BL029,Metaldehyde,5.0,3.0,2.0,13.196382428940568,11.260981912144702,42.8,-30.2,-1.0342857142857143,767372.5,1083477.5,3325580.0
BL029,Metaldehyde,5.0,3.0,3.0,13.299270072992702,10.284671532846716,55.4,-34.8,-1.903448275862069,792550.0,1141000.0,3441307.5
BL029,Metaldehyde,5.0,3.0,4.0,95.1367088607595,93.7493670886076,184.6,-48.0,-30.6,1056290.0,1856347.5,10196840.0
BL029,Metaldehyde,0.5,3.0,1.0,11.908396946564885,10.908396946564885,46.6,-29.2,0.0,722017.5,925582.5,2859547.5
BL029,Metaldehyde,0.5,3.0,2.0,14.394805194805194,10.083116883116883,49.2,-29.2,-2.865168539325843,771035.0,1137815.0,3385605.0
BL029,Metaldehyde,0.5,3.0,3.0,14.42051282051282,11.23076923076923,39.2,-39.6,-2.5492537313432835,785705.0,1133562.5,3529572.5
BL029,Metaldehyde,0.5,3.0,4.0,97.36436170212765,96.36436170212765,192.2,-39.8,0.0,988497.5,1611685.0,9375355.0
BL029,Metaldehyde,0.05,3.0,1.0,12.546195652173912,11.467391304347826,51.4,-34.4,-2.9,720902.5,929490.0,2892712.5
BL029,Metaldehyde,0.05,3.0,2.0,14.33240997229917,11.905817174515235,46.8,-38.2,-1.537313432835821,739935.0,1051600.0,3290620.0
BL029,Metaldehyde,0.05,3.0,3.0,89.35597826086956,87.77989130434783,195.4,-42.4,-42.4,870852.5,1401640.0,8012840.0
BL029,Metaldehyde,0.05,3.0,4.0,91.64661654135338,90.39348370927318,232.4,-34.8,-20.2,967725.0,1574062.5,9419500.0
BL29,Metaldehyde,500.0,4.0,1.0,36.91958939264328,35.91958939264328,161.0,-28.6,0.0,1212902.5,1498025.0,11918382.5
BL29,Metaldehyde,500.0,4.0,2.0,7.447899159663866,6.447899159663866,67.4,-40.4,0.0,1235317.5,1349012.5,4637462.5
BL29,Metaldehyde,500.0,4.0,3.0,7.122971818958155,6.099914602903501,75.0,-50.6,-5.4,1174062.5,1291025.0,4490270.0
BL29,Metaldehyde,500.0,4.0,4.0,7.295096322241681,6.295096322241681,55.8,-40.4,0.0,1328522.5,1475302.5,4738927.5
BL29,Metaldehyde,50.0,4.0,1.0,2.7945091514143097,-0.4459234608985025,76.8,-42.0,-2.087596899224806,806700.0,243392.5,268712.5
BL29,Metaldehyde,50.0,4.0,2.0,7.099145299145299,6.099145299145299,73.8,-29.0,0.0,1134255.0,1228917.5,3866902.5
BL29,Metaldehyde,50.0,4.0,3.0,6.806273062730627,5.806273062730627,49.8,-34.8,0.0,1088400.0,1220470.0,3610760.0
BL29,Metaldehyde,50.0,4.0,4.0,7.111750205423172,6.111750205423172,59.4,-52.6,0.0,1330080.0,1464290.0,4439650.0
BL29,Metaldehyde,5.0,4.0,1.0,5.301680672268907,4.301680672268907,69.4,-26.0,0.0,1114482.5,1236307.5,3052067.5
BL29,Metaldehyde,5.0,4.0,2.0,5.7771739130434785,4.7771739130434785,74.6,-33.8,0.0,1155740.0,1283090.0,3632597.5
BL29,Metaldehyde,5.0,4.0,3.0,32.95046968403074,31.950469684030743,204.2,-30.0,0.0,1190130.0,1519167.5,8919612.5
BL29,Metaldehyde,5.0,4.0,4.0,40.28744588744589,39.28744588744589,226.2,-40.6,0.0,1417782.5,1834740.0,10679575.0
BL29,Metaldehyde,0.5,4.0,1.0,5.622580645161291,4.622580645161291,92.6,-27.4,0.0,1107697.5,1227435.0,3253032.5
BL29,Metaldehyde,0.5,4.0,2.0,6.63960231980116,-0.061309030654515324,75.4,-90.2,-21.503125,1273680.0,1585352.5,3076467.5
BL29,Metaldehyde,0.5,4.0,3.0,29.39710610932476,28.39710610932476,195.6,-33.0,0.0,1341695.0,1717482.5,8828452.5
BL29,Metaldehyde,0.5,4.0,4.0,30.193861066235865,29.193861066235865,240.4,-40.2,0.0,1359870.0,1643875.0,8447070.0
BL29,Metaldehyde,0.05,4.0,1.0,6.042944785276074,5.042944785276074,70.0,-26.2,0.0,999262.5,1081532.5,2966225.0
BL29,Metaldehyde,0.05,4.0,2.0,5.9064,4.9064,67.2,-28.0,0.0,1100590.0,1186505.0,3484862.5
BL29,Metaldehyde,0.05,4.0,3.0,21.23561811505508,20.23561811505508,224.8,-86.6,0.0,1252817.5,1546647.5,7850222.5
BL29,Metaldehyde,0.05,4.0,4.0,33.258936355710546,32.258936355710546,209.2,-39.2,0.0,1353720.0,1617647.5,8553660.0
BL029,Metaldehyde,500.0,5.0,1.0,15.641421947449768,14.641421947449768,41.8,-28.6,0.0,684525.0,911372.5,4324600.0
BL029,Metaldehyde,500.0,5.0,2.0,15.816109422492401,14.816109422492401,62.0,-35.0,0.0,745645.0,1011365.0,4863052.5
BL029,Metaldehyde,500.0,5.0,3.0,13.117903930131005,3.6695778748180494,44.8,-282.0,-89.29230769230769,805052.5,1178577.5,4652097.5
BL029,Metaldehyde,500.0,5.0,4.0,14.144130757800891,4.279346210995542,47.6,-328.4,-91.78461538461538,939755.0,1329425.0,5173365.0
BL029,Metaldehyde,50.0,5.0,1.0,14.058823529411764,12.93212669683258,52.6,-20.4,-16.8,670725.0,882972.5,3341457.5
BL029,Metaldehyde,50.0,5.0,2.0,14.346504559270517,13.346504559270517,60.6,-38.2,0.0,757622.5,1055182.5,3900305.0
BL029,Metaldehyde,50.0,5.0,3.0,13.737430167597765,12.653631284916202,57.2,-38.2,-12.0,761400.0,1008560.0,4005625.0
BL029,Metaldehyde,50.0,5.0,4.0,14.0,13.0,46.8,-29.8,0.0,865007.5,1159125.0,3986937.5
BL029,Metaldehyde,5.0,5.0,1.0,13.501381215469614,12.501381215469614,58.4,-22.6,0.0,676547.5,892407.5,3363752.5
BL029,Metaldehyde,5.0,5.0,2.0,12.844776119402985,11.798507462686567,49.8,-22.2,-6.2,680695.0,902517.5,3352415.0
BL029,Metaldehyde,5.0,5.0,3.0,15.163461538461538,14.16025641025641,60.8,-28.0,-0.4,735022.5,968680.0,3766562.5
BL029,Metaldehyde,5.0,5.0,4.0,58.08163265306123,57.08163265306123,208.2,-45.2,0.0,919845.0,1463855.0,9188472.5
BL029,Metaldehyde,0.5,5.0,1.0,11.902834008097166,10.902834008097166,53.0,-18.6,0.0,723135.0,1020777.5,3407130.0
BL029,Metaldehyde,0.5,5.0,2.0,10.909090909090908,9.909090909090908,44.4,-31.2,0.0,669602.5,884740.0,3370130.0
BL029,Metaldehyde,0.5,5.0,3.0,51.38109305760709,50.38109305760709,148.2,-92.2,0.0,835202.5,1351937.5,8638085.0
BL029,Metaldehyde,0.5,5.0,4.0,54.80994152046784,53.80994152046784,187.0,-30.6,0.0,948235.0,1574040.0,9573665.0
BL029,Metaldehyde,0.05,5.0,1.0,12.0719131614654,11.0719131614654,78.0,-72.2,0.0,658785.0,879800.0,3255145.0
BL029,Metaldehyde,0.05,5.0,2.0,49.0,48.0,157.0,-25.6,0.0,836277.5,1471545.0,8513997.5
BL029,Metaldehyde,0.05,5.0,3.0,51.796636085626915,50.796636085626915,196.4,-31.8,0.0,878612.5,1474680.0,8471850.0
BL029,Metaldehyde,0.05,5.0,4.0,58.537581699346404,57.537581699346404,188.6,-35.4,0.0,959617.5,1615380.0,9162495.0
BL029,Boric Acid,500.0,1.0,1.0,8.599087105363257,-0.45340433624952453,211.4,-211.2,-17.4238683127572,5506027.5,1643862.5,1281105.0
BL029,Boric Acid,500.0,1.0,2.0,9.951255539143279,-0.2326440177252585,221.8,-250.8,-20.469135802469136,6426480.0,1820387.5,1866362.5
BL029,Boric Acid,500.0,1.0,3.0,9.43210318882121,-0.6804012898602652,249.2,-251.0,-20.932510288065842,6334185.0,1789022.5,1401925.0
BL029,Boric Acid,500.0,1.0,4.0,9.878553878553879,0.20814320814320814,251.6,-243.2,-20.330864197530865,6671335.0,1890370.0,2240937.5
BL029,Boric Acid,50.0,1.0,1.0,8.535863377609108,-0.29601518026565465,220.0,-198.0,-16.985185185185184,5588380.0,1692262.5,1874867.5
BL029,Boric Acid,50.0,1.0,2.0,8.969754977029096,-0.48813169984686067,222.2,-196.2,-18.182716049382716,5824757.5,1660607.5,1512262.5
BL029,Boric Acid,50.0,1.0,3.0,10.077700077700078,0.0003885003885003885,247.6,-263.0,-19.23045267489712,6306080.0,1808277.5,2264270.0
BL029,Boric Acid,50.0,1.0,4.0,10.502463054187192,-0.31754452444107617,239.0,-258.2,-21.417355371900825,6542695.0,1743820.0,1378315.0
BL029,Boric Acid,5.0,1.0,1.0,9.412844036697248,-0.292743953294412,217.8,-208.2,-17.111475409836064,5564525.0,1708742.5,1664552.5
BL029,Boric Acid,5.0,1.0,2.0,10.015873015873016,-0.05860805860805861,222.0,-240.8,-18.426446280991737,6013795.0,1810605.0,1733320.0
BL029,Boric Acid,5.0,1.0,3.0,10.362509992006395,-0.354916067146283,225.6,-219.6,-20.010699588477365,6277580.0,1887100.0,1794290.0
BL029,Boric Acid,5.0,1.0,4.0,10.127215439149271,-0.28830248129184716,256.0,-220.4,-19.675720164609054,6341470.0,1724660.0,1490860.0
BL029,Boric Acid,0.5,1.0,1.0,8.550157977883096,-0.061611374407582936,210.4,-195.6,-15.862551440329218,5256675.0,1704902.5,1853317.5
BL029,Boric Acid,0.5,1.0,2.0,9.055805243445693,0.21647940074906366,241.2,-240.2,-17.15655737704918,5810345.0,1806567.5,2105957.5
BL029,Boric Acid,0.5,1.0,3.0,9.530384615384616,-0.1476923076923077,223.4,-219.2,-18.57037037037037,6112095.0,1873025.0,2090085.0
BL029,Boric Acid,0.5,1.0,4.0,10.021260997067449,-0.5425219941348973,239.8,-242.0,-21.56198347107438,6576195.0,1896892.5,1567532.5
BL029,Boric Acid,0.05,1.0,1.0,9.62713936430318,-0.3964955175224124,202.4,-216.2,-18.300826446280993,5648577.5,1816675.0,1681910.0
BL029,Boric Acid,0.05,1.0,2.0,9.373186985495884,-0.520188161505292,217.4,-200.8,-18.595901639344262,5821905.0,1847122.5,1556350.0
BL029,Boric Acid,0.05,1.0,3.0,10.503959983326386,-0.4681117132138391,209.4,-213.2,-19.771074380165288,6131560.0,1841575.0,1086377.5
BL029,Boric Acid,0.05,1.0,4.0,11.855183541750707,-0.2428398547801533,224.6,-257.0,-22.737190082644627,6955830.0,2133867.5,2181747.5
BL029,Boric Acid,500.0,2.0,1.0,2.016473499153536,-0.9789035030602943,1270.4,-1039.4,-67.10583941605839,14853490.0,5207707.5,3904697.5
BL029,Boric Acid,500.0,2.0,2.0,2.27591099340254,-0.9713637116034902,1423.6,-1046.6,-69.62271062271063,15526522.5,5122925.0,4406192.5
BL029,Boric Acid,500.0,2.0,3.0,1.8239335069096736,-0.9995994392149009,1654.2,-1310.2,-66.45912408759123,14076830.0,4321565.0,220335.0
BL029,Boric Acid,500.0,2.0,4.0,1.8271390074107343,-0.9994198667564937,1599.6,-1699.0,-71.24379562043795,14390782.5,3928772.5,367892.5
BL029,Boric Acid,50.0,2.0,1.0,2.236312552205938,-0.9802566633761106,1164.0,-868.0,-63.91970802919708,15480490.0,4945200.0,2041307.5
BL029,Boric Acid,50.0,2.0,2.0,2.451451638774528,-0.9774367748489547,1348.0,-1028.2,-66.56043956043956,15093940.0,5037042.5,2045452.5
BL029,Boric Acid,50.0,2.0,3.0,2.376173191599689,-0.9806585429089967,1113.6,-1056.4,-66.5956043956044,14886577.5,4951197.5,2033210.0
BL029,Boric Acid,50.0,2.0,4.0,2.134983498349835,-0.9995285242809995,1560.8,-1275.6,-66.0919708029197,13548290.0,4214762.5,178847.5
BL029,Boric Acid,5.0,2.0,1.0,2.1703143550301967,-0.9696742889588603,1331.0,-957.6,-60.74432234432234,14698600.0,5189605.0,2338887.5
BL029,Boric Acid,5.0,2.0,2.0,2.4872763093088164,-0.9701745745088382,1187.6,-988.4,-65.7948717948718,14847440.0,5177402.5,2346462.5
BL029,Boric Acid,5.0,2.0,3.0,2.3646747779660147,-0.9733302530930746,1217.0,-1046.6,-66.72820512820513,14996032.5,5265045.0,2359380.0
BL029,Boric Acid,5.0,2.0,4.0,2.288677304370709,-0.9985407047678285,1666.8,-1115.0,-70.04249084249085,15180562.5,5222312.5,3201265.0
BL029,Boric Acid,0.5,2.0,1.0,2.098343320408883,-0.9621485317643231,1009.8,-812.8,-55.67252747252747,13746905.0,5309017.5,2494485.0
BL029,Boric Acid,0.5,2.0,2.0,2.3164783180026283,-0.9663074901445466,1770.6,-934.2,-63.633699633699635,14813135.0,5460457.5,2513042.5
BL029,Boric Acid,0.5,2.0,3.0,2.452107178648663,-0.9715438577984071,1166.0,-939.8,-67.32600732600733,15149410.0,5351810.0,2351342.5
BL029,Boric Acid,0.5,2.0,4.0,2.335314953803473,-0.9733224344207476,1459.6,-1157.8,-68.27985347985349,14968182.5,5402552.5,3138560.0
BL029,Boric Acid,0.05,2.0,1.0,1.9044655233332428,-0.9646671921289376,1029.8,-702.6,-50.381684981684984,12676225.0,5240640.0,2519052.5
BL029,Boric Acid,0.05,2.0,2.0,2.2836632586469436,-0.9633184685664564,1298.4,-882.8,-60.53846153846154,14086302.5,5468910.0,2612170.0
BL029,Boric Acid,0.05,2.0,3.0,2.306782555501746,-0.9749955394693243,1253.2,-892.0,-65.58315018315018,14684765.0,5514830.0,2942705.0
BL029,Boric Acid,0.05,2.0,4.0,2.2504469287059328,-0.9660572545467547,1417.6,-1101.4,-68.12380952380953,14610227.5,4969095.0,4394995.0
BL029,Boric Acid,500.0,3.0,1.0,10.00070126227209,0.6178120617110799,118.2,-147.6,-11.330805687203792,2623142.5,2123005.0,1488695.0
BL029,Boric Acid,500.0,3.0,2.0,20.275202354672555,0.9006622516556292,178.4,-351.4,-23.557547169811322,4136532.5,2932990.0,892032.5
BL029,Boric Acid,500.0,3.0,3.0,18.63233082706767,1.649624060150376,148.4,-314.8,-19.682407407407407,4022017.5,2457227.5,1061635.0
BL029,Boric Acid,500.0,3.0,4.0,12.246715328467154,1.294890510948905,125.2,-197.4,-12.682790697674418,3086947.5,2328180.0,1834587.5
BL029,Boric Acid,50.0,3.0,1.0,20.423519009725908,1.9876215738284704,165.4,-290.0,-18.25925925925926,3696605.0,2421352.5,1191117.5
BL029,Boric Acid,50.0,3.0,2.0,14.925549915397632,1.895093062605753,126.2,-194.8,-13.607655502392344,3060415.0,2586185.0,1725805.0
BL029,Boric Acid,50.0,3.0,3.0,15.247627264883521,2.0465918895599655,133.4,-175.0,-13.340566037735849,3140625.0,2487280.0,1738665.0
BL029,Boric Acid,50.0,3.0,4.0,15.075794621026894,1.9625101874490627,134.8,-206.4,-14.155238095238095,3297005.0,2584857.5,1818632.5
BL029,Boric Acid,5.0,3.0,1.0,22.823420074349443,2.1013011152416357,166.2,-306.8,-19.92582159624413,3836925.0,2601837.5,1187325.0
BL029,Boric Acid,5.0,3.0,2.0,16.68374558303887,1.7146643109540636,121.0,-209.4,-15.35242718446602,3072192.5,3099680.0,1641200.0
BL029,Boric Acid,5.0,3.0,3.0,16.185281385281385,2.001731601731602,136.2,-191.6,-14.501904761904761,3151282.5,2848082.5,1756790.0
BL029,Boric Acid,5.0,3.0,4.0,15.71356783919598,2.1499162479061975,122.6,-213.2,-14.08544600938967,3324102.5,2596882.5,1830662.5
BL029,Boric Acid,0.5,3.0,1.0,22.82094897045658,1.631154879140555,163.6,-313.4,-21.275471698113208,3909315.0,2762822.5,1143682.5
BL029,Boric Acid,0.5,3.0,2.0,23.797703180212014,1.6413427561837455,207.8,-363.8,-22.70047393364929,4077177.5,2967170.0,1151932.5
BL029,Boric Acid,0.5,3.0,3.0,16.012690355329948,1.9128595600676819,123.2,-194.2,-14.60754716981132,3278150.0,2713127.5,1731865.0
BL029,Boric Acid,0.5,3.0,4.0,16.245860927152318,1.9445364238410596,132.8,-201.0,-15.376076555023923,3368542.5,2852777.5,1750642.5
BL029,Boric Acid,0.05,3.0,1.0,21.856525496974935,1.4822817631806395,182.2,-324.8,-20.755555555555556,4070422.5,2548145.0,1251190.0
BL029,Boric Acid,0.05,3.0,2.0,25.04006968641115,1.3170731707317074,172.4,-381.2,-24.609433962264152,4247442.5,3248837.5,1093460.0
BL029,Boric Acid,0.05,3.0,3.0,16.15936952714536,1.8782837127845884,111.0,-194.6,-14.513875598086125,3116955.0,2838370.0,1653932.5
BL029,Boric Acid,0.05,3.0,4.0,16.444349315068493,2.1909246575342465,162.0,-195.6,-14.813397129186603,3405940.0,2766997.5,1809560.0
BL029,Boric Acid,500.0,4.0,1.0,1688.2368421052631,269.55263157894734,485.8,-678.4,-84.175,163217.5,5497382.5,20147512.5
BL029,Boric Acid,500.0,4.0,2.0,1759.0454545454545,980.0681818181819,647.6,-905.6,-76.06888888888889,161500.0,5028582.5,33573815.0
BL029,Boric Acid,500.0,4.0,3.0,1512.8653846153845,887.2115384615385,595.4,-817.8,-72.18222222222222,157212.5,4705695.0,34898840.0
BL029,Boric Acid,500.0,4.0,4.0,1927.6756756756756,728.8108108108108,528.6,-1006.0,-70.35079365079365,159590.0,4874370.0,27355700.0
BL029,Boric Acid,50.0,4.0,1.0,1713.2727272727273,586.7575757575758,391.6,-708.0,-61.39173553719008,148480.0,3717597.5,21546365.0
BL029,Boric Acid,50.0,4.0,2.0,1950.1707317073171,1367.4634146341464,642.2,-1294.8,-60.379746835443036,143440.0,3504202.5,34901852.5
BL029,Boric Acid,50.0,4.0,3.0,1876.5813953488373,1414.9302325581396,580.8,-1356.2,-50.78974358974359,146465.0,3772600.0,36404735.0
BL029,Boric Acid,50.0,4.0,4.0,2141.3125,661.21875,572.8,-985.2,-79.54789915966387,147640.0,3651482.5,25052290.0
BL029,Boric Acid,5.0,4.0,1.0,2060.625,1584.5,378.8,-1150.0,-38.98461538461538,140975.0,3314315.0,30806130.0
BL029,Boric Acid,5.0,4.0,2.0,1435.425,465.0,389.0,-754.8,-65.17142857142858,155462.5,3772052.5,22113690.0
BL029,Boric Acid,5.0,4.0,3.0,1904.2285714285715,560.9428571428572,495.0,-986.4,-78.95798319327731,157637.5,3773565.0,24643800.0
BL029,Boric Acid,5.0,4.0,4.0,1982.264705882353,637.6764705882352,513.2,-1045.0,-76.7764705882353,150145.0,3591912.5,25169790.0
BL029,Boric Acid,0.5,4.0,1.0,2235.121212121212,1533.5151515151515,510.6,-1290.0,-59.282051282051285,141690.0,3273635.0,33420215.0
BL029,Boric Acid,0.5,4.0,2.0,1697.3170731707316,1203.560975609756,406.4,-1129.2,-51.14683544303797,144742.5,3450217.5,31556315.0
BL029,Boric Acid,0.5,4.0,3.0,1547.3846153846155,501.64102564102564,370.2,-875.2,-68.47899159663865,151670.0,3640295.0,22914980.0
BL029,Boric Acid,0.5,4.0,4.0,1897.25,628.5,520.0,-1013.0,-75.43636363636364,145320.0,3498475.0,25476080.0
BL029,Boric Acid,0.05,4.0,1.0,1713.6410256410256,1323.6153846153845,431.8,-1299.0,-39.92631578947368,139017.5,3143795.0,31177590.0
BL029,Boric Acid,0.05,4.0,2.0,2104.457142857143,1688.5142857142857,452.8,-1341.0,-37.238461538461536,135312.5,3185115.0,33959537.5
BL029,Boric Acid,0.05,4.0,3.0,1273.2916666666667,426.1666666666667,467.8,-800.8,-68.25882352941177,142962.5,3416847.5,23507880.0
BL029,Boric Acid,0.05,4.0,4.0,1902.775,1207.975,702.4,-1292.4,-71.15897435897436,143452.5,3356942.5,31959842.5
BL029,Boric Acid,500.0,5.0,1.0,7.200458481915436,1.0473764645950077,237.6,-180.6,-17.44051724137931,6604782.5,8000807.5,9709055.0
BL029,Boric Acid,500.0,5.0,2.0,11.961365902293121,2.5231804586241275,309.2,-308.2,-40.5437125748503,9110200.0,15052470.0,12257657.5
BL029,Boric Acid,500.0,5.0,3.0,12.137666831438457,2.7607513593672763,330.0,-291.6,-40.59041916167665,9307830.0,15604660.0,13189820.0
BL029,Boric Acid,500.0,5.0,4.0,6.617477519022366,1.2411805395434632,238.4,-212.4,-16.22222222222222,6934290.0,8878455.0,11552732.5
BL029,Boric Acid,50.0,5.0,1.0,8.378010767922925,1.8277132332105412,313.8,-253.0,-16.885344827586206,6834897.5,9036160.0,11836862.5
BL029,Boric Acid,50.0,5.0,2.0,9.458433734939758,2.3659638554216866,266.4,-178.0,-17.665502183406115,7310905.0,9974922.5,13119260.0
BL029,Boric Acid,50.0,5.0,3.0,9.516477107028289,2.077865266841645,231.2,-214.2,-19.198260869565217,7535527.5,10128420.0,12530750.0
BL029,Boric Acid,50.0,5.0,4.0,9.282442748091603,2.366412213740458,241.0,-302.4,-18.195652173913043,7628862.5,10249525.0,13364202.5
BL029,Boric Acid,5.0,5.0,1.0,15.765054879857608,6.130228418866805,377.6,-317.8,-39.87397260273973,8617047.5,16432485.0,21255765.0
BL029,Boric Acid,5.0,5.0,2.0,16.997341996455994,6.215298287064383,363.4,-295.2,-43.29673202614379,9515170.0,18041290.0,21497607.5
BL029,Boric Acid,5.0,5.0,3.0,16.56648936170213,6.161643026004728,319.8,-328.8,-40.28607594936709,9733190.0,17906752.5,20012640.0
BL029,Boric Acid,5.0,5.0,4.0,9.231515843562661,2.3497002569226377,257.6,-293.0,-17.99475982532751,7565040.0,10273747.5,13338220.0
BL029,Boric Acid,0.5,5.0,1.0,15.738210399032647,6.007255139056832,387.6,-312.0,-39.56438356164384,8623585.0,16292375.0,20668440.0
BL029,Boric Acid,0.5,5.0,2.0,15.954397394136809,6.008883624518804,355.8,-318.0,-41.38219178082192,8958380.0,16683577.5,21497622.5
BL029,Boric Acid,0.5,5.0,3.0,9.19935122382778,2.215865526393394,281.0,-203.4,-17.49137931034483,7290570.0,9811142.5,12732512.5
BL029,Boric Acid,0.5,5.0,4.0,8.913944902016473,2.3263277477989206,283.8,-366.0,-17.10782608695652,7350062.5,10078635.0,13470400.0
BL029,Boric Acid,0.05,5.0,1.0,15.558097531607466,6.090909090909091,422.2,-309.6,-38.79724137931034,8895025.0,16317940.0,20578490.0
BL029,Boric Acid,0.05,5.0,2.0,16.188514357053684,6.774656679151061,428.8,-321.2,-35.23921568627451,9281100.0,16415420.0,19748565.0
BL029,Boric Acid,0.05,5.0,3.0,14.549866031557011,6.933611193807681,413.8,-296.8,-30.23673469387755,9150465.0,15758880.0,21241840.0
BL029,Boric Acid,0.05,5.0,4.0,9.240692640692641,2.4727272727272727,242.0,-305.0,-17.455021834061135,7471780.0,9874635.0,13274195.0
BL029,Diazinon,500.0,1.0,1.0,1.3125,-0.8125,1.6,-2.2,-0.02618181818181818,9200.0,3540.0,4305.0
BL029,Diazinon,500.0,1.0,2.0,1.3333333333333333,-0.8333333333333334,1.4,-2.2,-0.015441176470588236,5290.0,2872.5,3210.0
BL029,Diazinon,500.0,1.0,3.0,1.5087719298245614,0.3684210526315789,3.8,-4.2,-0.006130268199233717,22180.0,16575.0,34237.5
BL029,Diazinon,500.0,1.0,4.0,3.3483870967741933,1.7225806451612904,13.2,-31.8,-0.22427745664739884,238850.0,279490.0,367935.0
BL029,Diazinon,50.0,1.0,1.0,1.0625,-0.8125,1.6,-1.4,-0.010144927536231883,3962.5,2352.5,3132.5
BL029,Diazinon,50.0,1.0,2.0,1.4102564102564104,-0.8461538461538461,2.2,-2.2,-0.03525179856115108,10887.5,4467.5,5882.5
BL029,Diazinon,50.0,1.0,3.0,1.3908045977011494,-0.896551724137931,3.6,-3.6,-0.08175182481751825,25082.5,7442.5,10100.0
BL029,Diazinon,50.0,1.0,4.0,4.711656441717792,0.4049079754601227,15.2,-49.4,-1.373248407643312,256170.0,432312.5,141607.5
BL029,Diazinon,5.0,1.0,1.0,1.0869565217391304,-0.9130434782608695,1.4,-1.4,-0.016788321167883213,4742.5,1962.5,2727.5
BL029,Diazinon,5.0,1.0,2.0,1.4411764705882353,-0.8235294117647058,2.4,-2.6,-0.03173431734317343,9975.0,3927.5,5107.5
BL029,Diazinon,5.0,1.0,3.0,1.3333333333333333,-0.8850574712643678,3.4,-4.0,-0.07794117647058824,26802.5,8037.5,10677.5
BL029,Diazinon,5.0,1.0,4.0,10.064724919093852,9.064724919093852,25.4,-15.4,0.0,211452.5,243017.5,1309997.5
BL029,Diazinon,0.5,1.0,1.0,1.0,-0.9047619047619048,2.0,-2.0,-0.013194444444444444,5085.0,2810.0,3287.5
BL029,Diazinon,0.5,1.0,2.0,1.3255813953488371,-0.8837209302325582,2.0,-1.8,-0.03837638376383764,11210.0,4677.5,6742.5
BL029,Diazinon,0.5,1.0,3.0,1.7377049180327868,-0.7868852459016393,2.8,-2.8,-0.06788321167883211,22245.0,8855.0,10900.0
BL029,Diazinon,0.5,1.0,4.0,2.1832298136645965,1.1273291925465838,11.8,-8.2,-3.6,144187.5,109630.0,379885.0
BL029,Diazinon,0.05,1.0,1.0,1.6923076923076923,-0.46153846153846156,1.6,-1.6,-0.010869565217391304,4840.0,2667.5,5007.5
BL029,Diazinon,0.05,1.0,2.0,1.1666666666666667,-0.8095238095238095,2.6,-2.2,-0.030483271375464683,10312.5,4335.0,6717.5
BL029,Diazinon,0.05,1.0,3.0,34.182432432432435,33.182432432432435,25.6,-13.6,0.0,77985.0,116250.0,1870497.5
BL029,Diazinon,0.05,1.0,4.0,5.3153526970954355,4.153526970954357,16.0,-10.4,-7.8,93310.0,87690.0,554502.5
BL029,Diazinon,500.0,2.0,1.0,1.0,-0.8333333333333334,1.6,-2.2,-0.017361111111111112,5182.5,3170.0,4840.0
BL029,Diazinon,500.0,2.0,2.0,1.4339622641509433,-0.8301886792452831,8.2,-3.6,-0.0937062937062937,20012.5,7027.5,15790.0
BL029,Diazinon,500.0,2.0,3.0,1.4864864864864864,-0.7477477477477478,6.0,-6.0,-0.09681978798586573,21267.5,6585.0,16170.0
BL029,Diazinon,500.0,2.0,4.0,4.831632653061225,-0.44642857142857145,24.8,-53.6,-1.9846153846153847,406372.5,542855.0,81280.0
BL029,Diazinon,50.0,2.0,1.0,1.0,-0.9069767441860465,1.8,-2.4,-0.027083333333333334,6167.5,2977.5,3722.5
BL029,Diazinon,50.0,2.0,2.0,1.56,-0.77,4.2,-4.0,-0.09333333333333334,19050.0,6762.5,16155.0
BL029,Diazinon,50.0,2.0,3.0,1.3636363636363635,-0.9037433155080213,10.2,-6.4,-0.16573426573426572,43497.5,15925.0,23925.0
BL029,Diazinon,50.0,2.0,4.0,62.21236559139785,61.21236559139785,76.8,-49.4,0.0,363232.5,736637.5,10882137.5
BL029,Diazinon,5.0,2.0,1.0,1.0,-0.9074074074074074,1.8,-2.0,-0.034027777777777775,9190.0,3217.5,4050.0
BL029,Diazinon,5.0,2.0,2.0,1.5275590551181102,-0.8267716535433071,8.2,-4.8,-0.12070175438596491,21675.0,9510.0,16997.5
BL029,Diazinon,5.0,2.0,3.0,1.6717557251908397,-0.8549618320610687,8.6,-5.4,-0.14035087719298245,28067.5,10642.5,13815.0
BL029,Diazinon,5.0,2.0,4.0,21.817438692098094,20.771117166212534,40.4,-30.8,-3.4,296790.0,518690.0,3993397.5
BL029,Diazinon,0.5,2.0,1.0,1.0,-0.9032258064516129,1.6,-1.4,-0.019444444444444445,4605.0,2410.0,3025.0
BL029,Diazinon,0.5,2.0,2.0,1.2201834862385321,-0.908256880733945,2.4,-5.8,-0.0863157894736842,15945.0,4052.5,6335.0
BL029,Diazinon,0.5,2.0,3.0,28.367588932806324,27.367588932806324,32.0,-21.0,0.0,116192.5,209425.0,2830922.5
BL029,Diazinon,0.5,2.0,4.0,6.802898550724637,-0.4579710144927536,22.8,-70.4,-2.5562130177514795,396235.0,663475.0,100765.0
BL029,Diazinon,0.05,2.0,1.0,1.0,-0.8627450980392157,1.6,-2.0,-0.030555555555555555,7742.5,3410.0,5782.5
BL029,Diazinon,0.05,2.0,2.0,1.202127659574468,-0.8936170212765957,2.8,-3.8,-0.07202797202797202,14785.0,4195.0,7185.0
BL029,Diazinon,0.05,2.0,3.0,1.4144144144144144,-0.11261261261261261,9.0,-7.0,-0.14904458598726114,76125.0,84830.0,179892.5
BL029,Diazinon,0.05,2.0,4.0,48.07598784194529,40.9483282674772,88.0,-57.2,-5.67887323943662,435665.0,1080530.0,8769470.0
BL029,Diazinon,500.0,3.0,1.0,1.0,-0.8518518518518519,2.0,-2.0,-0.01597222222222222,5167.5,2470.0,3370.0
BL029,Diazinon,500.0,3.0,2.0,1.0,-0.8387096774193549,1.8,-2.8,-0.03611111111111111,13855.0,5337.5,6292.5
BL029,Diazinon,500.0,3.0,3.0,1.1612903225806452,-0.8548387096774194,3.6,-4.0,-0.08842105263157894,23507.5,6550.0,13167.5
BL029,Diazinon,500.0,3.0,4.0,2.502958579881657,0.3175542406311637,19.4,-26.0,-0.5778846153846153,383842.5,261857.5,258327.5
BL029,Diazinon,50.0,3.0,1.0,1.0,-0.8333333333333334,1.4,-1.4,-0.024305555555555556,7450.0,3672.5,5200.0
BL029,Diazinon,50.0,3.0,2.0,1.013157894736842,-0.9473684210526315,2.4,-3.8,-0.051590106007067135,15600.0,5167.5,6922.5
BL029,Diazinon,50.0,3.0,3.0,1.3628318584070795,-0.831858407079646,5.0,-5.2,-0.09473684210526316,23750.0,7312.5,14162.5
BL029,Diazinon,50.0,3.0,4.0,4.769076305220883,-0.7088353413654619,31.6,-67.6,-2.3473684210526318,551515.0,634170.0,71412.5
BL029,Diazinon,5.0,3.0,1.0,1.0,-0.8604651162790697,1.6,-1.8,-0.025694444444444443,8490.0,4005.0,5862.5
BL029,Diazinon,5.0,3.0,2.0,1.127906976744186,-0.9302325581395349,2.2,-2.6,-0.06363636363636363,17295.0,5427.5,7117.5
BL029,Diazinon,5.0,3.0,3.0,1.2181818181818183,-0.8636363636363636,3.0,-3.4,-0.08350877192982456,21402.5,6157.5,9957.5
BL029,Diazinon,5.0,3.0,4.0,4.766336633663366,-0.6079207920792079,23.2,-60.4,-2.4820224719101125,560790.0,625295.0,87237.5
BL029,Diazinon,0.5,3.0,1.0,1.0,-0.8936170212765957,2.2,-3.0,-0.029166666666666667,9450.0,4367.5,6332.5
BL029,Diazinon,0.5,3.0,2.0,1.271186440677966,-0.8389830508474576,3.6,-4.4,-0.09192982456140351,22547.5,6607.5,12992.5
BL029,Diazinon,0.5,3.0,3.0,1.2418300653594772,-0.8954248366013072,4.2,-3.8,-0.12167832167832168,30332.5,10250.0,14440.0
BL029,Diazinon,0.5,3.0,4.0,9.763527054108216,8.585170340681362,32.4,-24.4,-4.45,344622.5,435755.0,2520212.5
BL029,Diazinon,0.05,3.0,1.0,1.0,-0.7777777777777778,1.8,-2.6,-0.024305555555555556,6540.0,3460.0,6062.5
BL029,Diazinon,0.05,3.0,2.0,1.1358024691358024,-0.8888888888888888,2.2,-3.2,-0.0578397212543554,15902.5,5542.5,7550.0
BL029,Diazinon,0.05,3.0,3.0,1.267515923566879,0.2356687898089172,5.8,-5.8,-0.0034965034965034965,38372.5,17070.0,42155.0
BL029,Diazinon,0.05,3.0,4.0,7.960824742268041,6.960824742268041,26.6,-18.0,0.0,375047.5,337595.0,1560427.5
BL029,Diazinon,500.0,4.0,1.0,1.0,-0.825,1.8,-1.8,-0.022916666666666665,8240.0,3682.5,5405.0
BL029,Diazinon,500.0,4.0,2.0,1.248,-0.856,4.6,-4.0,-0.09718309859154929,24732.5,6317.5,12032.5
BL029,Diazinon,500.0,4.0,3.0,1.411764705882353,-0.8431372549019608,5.8,-3.0,-0.09078014184397164,23207.5,5865.0,9352.5
BL029,Diazinon,500.0,4.0,4.0,4.097804391217565,-0.654690618762475,33.2,-53.2,-2.1485714285714286,493830.0,615647.5,73342.5
BL029,Diazinon,50.0,4.0,1.0,1.0,-0.9142857142857143,2.0,-2.0,-0.044444444444444446,13815.0,4647.5,5577.5
BL029,Diazinon,50.0,4.0,2.0,1.2117647058823529,-0.9294117647058824,3.2,-4.2,-0.0685512367491166,18572.5,5017.5,6247.5
BL029,Diazinon,50.0,4.0,3.0,1.1870503597122302,-0.8057553956834532,4.4,-3.6,-0.0965034965034965,23167.5,6915.0,15557.5
BL029,Diazinon,50.0,4.0,4.0,4.740816326530612,-0.6040816326530613,26.4,-68.0,-2.7470967741935484,462195.0,731317.5,112987.5
BL029,Diazinon,5.0,4.0,1.0,1.0,-0.9090909090909091,1.6,-2.2,-0.041666666666666664,12500.0,4295.0,5360.0
BL029,Diazinon,5.0,4.0,2.0,1.3103448275862069,-0.8017241379310345,5.6,-4.0,-0.09020979020979021,21787.5,6777.5,14602.5
BL029,Diazinon,5.0,4.0,3.0,1.1428571428571428,-0.8944099378881988,6.0,-5.2,-0.11678321678321678,26557.5,10240.0,17752.5
BL029,Diazinon,5.0,4.0,4.0,4.8221258134490235,3.822125813449024,23.2,-14.6,0.0,249677.5,222275.0,925067.5
BL029,Diazinon,0.5,4.0,1.0,1.0,-0.896551724137931,2.8,-3.0,-0.03611111111111111,11802.5,4450.0,5837.5
BL029,Diazinon,0.5,4.0,2.0,1.2164948453608246,-0.8969072164948454,3.0,-3.0,-0.07578947368421053,20725.0,6512.5,9480.0
BL029,Diazinon,0.5,4.0,3.0,1.2727272727272727,-0.8321678321678322,4.4,-5.4,-0.11205673758865248,33935.0,14175.0,20672.5
BL029,Diazinon,0.5,4.0,4.0,4.0847107438016526,3.084710743801653,21.4,-18.4,0.0,277377.5,217362.5,812242.5
BL029,Diazinon,0.05,4.0,1.0,1.0,-0.8181818181818182,2.6,-2.8,-0.03125,10597.5,4317.5,7567.5
BL029,Diazinon,0.05,4.0,2.0,1.1428571428571428,-0.8027210884353742,2.6,-3.8,-0.0972027972027972,29522.5,9367.5,19795.0
BL029,Diazinon,0.05,4.0,3.0,2.7628205128205128,1.7628205128205128,5.6,-5.6,0.0,48872.5,24220.0,90595.0
BL029,Diazinon,0.05,4.0,4.0,5.181434599156118,4.124472573839663,21.6,-10.8,-2.7,234242.5,199442.5,975502.5
BL029,Diazinon,500.0,5.0,1.0,1.2439024390243902,-0.975609756097561,2.0,-2.2,-0.03484320557491289,6272.5,2000.0,3127.5
BL029,Diazinon,500.0,5.0,2.0,1.0,-0.9672131147540983,2.8,-2.6,-0.04097222222222222,7022.5,2372.5,3082.5
BL029,Diazinon,500.0,5.0,3.0,1.2162162162162162,-0.9594594594594594,2.0,-3.2,-0.06083916083916084,9982.5,3340.0,4860.0
BL029,Diazinon,500.0,5.0,4.0,2.5667655786350148,1.5667655786350148,13.0,-13.6,0.0,63155.0,33200.0,195570.0
BL029,Diazinon,50.0,5.0,1.0,1.3636363636363635,-0.8636363636363636,1.8,-2.6,-0.019148936170212766,4532.5,2307.5,3322.5
BL029,Diazinon,50.0,5.0,2.0,1.1710526315789473,-0.9342105263157895,3.0,-3.6,-0.05894736842105263,9857.5,3555.0,4490.0
BL029,Diazinon,50.0,5.0,3.0,1.2151898734177216,-0.8734177215189873,3.2,-3.6,-0.06013986013986014,11220.0,4372.5,5900.0
BL029,Diazinon,50.0,5.0,4.0,3.5122615803814714,2.5122615803814714,16.0,-15.0,0.0,65072.5,32617.5,303360.0
BL029,Diazinon,5.0,5.0,1.0,1.1290322580645162,-0.8387096774193549,1.8,-1.8,-0.02097902097902098,5112.5,2412.5,3315.0
BL029,Diazinon,5.0,5.0,2.0,1.123076923076923,-0.8615384615384616,2.8,-3.2,-0.0445993031358885,8357.5,3090.0,4237.5
BL029,Diazinon,5.0,5.0,3.0,1.1744186046511629,-0.9186046511627907,2.6,-2.6,-0.06573426573426573,11300.0,4417.5,5815.0
BL029,Diazinon,5.0,5.0,4.0,1.4327272727272726,-0.8654545454545455,6.6,-11.0,-0.25229681978798585,53925.0,25845.0,25450.0
BL029,Diazinon,0.5,5.0,1.0,1.24,-0.72,2.2,-2.2,-0.016724738675958188,4285.0,2182.5,2827.5
BL029,Diazinon,0.5,5.0,2.0,1.2575757575757576,-0.9090909090909091,2.0,-4.4,-0.05403508771929825,9382.5,3300.0,4572.5
BL029,Diazinon,0.5,5.0,3.0,1.3111111111111111,-0.9777777777777777,3.4,-3.8,-0.04070175438596491,7062.5,2477.5,3265.0
BL029,Diazinon,0.5,5.0,4.0,1.458966565349544,-0.723404255319149,10.8,-13.4,-0.273943661971831,64735.0,31290.0,40770.0
BL029,Diazinon,0.05,5.0,1.0,1.105263157894737,-0.8421052631578947,1.6,-2.0,-0.012587412587412588,3402.5,1815.0,2222.5
BL029,Diazinon,0.05,5.0,2.0,1.1917808219178083,-0.9726027397260274,1.8,-4.6,-0.05944055944055944,8670.0,3045.0,3997.5
BL029,Diazinon,0.05,5.0,3.0,1.2625,-0.875,3.2,-3.0,-0.06363636363636363,13785.0,8507.5,12862.5
BL029,Diazinon,0.05,5.0,4.0,1.2083333333333333,-0.8671875,6.4,-13.2,-0.2908450704225352,64025.0,27660.0,28982.5
BL029,Trimethoprim,500.0,1.0,1.0,1.0,-0.8333333333333334,0.6,-0.6,-0.003472222222222222,687.5,560.0,1095.0
BL029,Trimethoprim,500.0,1.0,2.0,1.0,-1.0,1.2,-17.0,-0.17569444444444443,9417.5,762.5,1242.5
BL029,Trimethoprim,500.0,1.0,3.0,1.8571148312843317,-0.9627910018310227,516.0,-332.4,-20.166666666666668,4280122.5,668367.5,739822.5
BL029,Trimethoprim,500.0,1.0,4.0,2.681341578169109,-0.7152507057400188,1147.4,-824.4,-52.05328467153284,14808272.5,4733447.5,8429667.5
BL029,Trimethoprim,50.0,1.0,4.0,2.3239794168096055,-0.9115265866209262,971.8,-610.0,-47.39272727272727,11303512.5,2225042.5,2972562.5
BL029,Trimethoprim,5.0,1.0,4.0,2.5414363024718445,-0.8179610940470967,1263.0,-902.0,-58.872992700729924,16417980.0,4486592.5,5631597.5
BL029,Trimethoprim,0.5,1.0,4.0,2.629279811097993,-0.8451851179123906,1245.0,-818.0,-59.88205128205128,15560457.5,3919295.0,4894795.0
BL029,Trimethoprim,0.05,1.0,4.0,2.505842419873239,-0.779550028536241,1101.4,-682.8,-55.535036496350365,16275635.0,4914750.0,6227730.0
BL029,Trimethoprim,500.0,2.0,1.0,1.0,-0.9411764705882353,0.8,-3.6,-0.022222222222222223,930.0,585.0,1375.0
BL029,Trimethoprim,500.0,2.0,2.0,1.0,-0.9852216748768473,0.8,-11.4,-0.1388888888888889,7222.5,665.0,1397.5
BL029,Trimethoprim,500.0,2.0,3.0,1.005958829902492,-0.8789274106175514,85.4,-113.2,-4.667142857142857,1062047.5,346982.5,454590.0
BL029,Trimethoprim,500.0,2.0,4.0,2.261379857256146,-0.7528945281522601,608.2,-478.8,-27.81021897810219,6668495.0,694832.5,1932765.0
BL029,Trimethoprim,50.0,2.0,1.0,1.0,-0.9851268591426072,15.8,-58.4,-1.5638888888888889,202477.5,28055.0,60667.5
BL029,Trimethoprim,50.0,2.0,2.0,1.0,-0.9975186104218362,1.4,-64.2,-0.8375,56275.0,2857.5,3272.5
BL029,Trimethoprim,50.0,2.0,3.0,1.7802026500389712,-0.775346243779603,464.2,-357.2,-19.077205882352942,4955257.5,727595.0,1889182.5
BL029,Trimethoprim,50.0,2.0,4.0,1.6820839978734716,-0.8365610997189945,262.4,-274.0,-14.595620437956205,3311062.5,601205.0,1032700.0
BL029,Trimethoprim,5.0,2.0,1.0,1.0,-0.95,1.2,-3.8,-0.02638888888888889,1057.5,797.5,2480.0
BL029,Trimethoprim,5.0,2.0,2.0,1.0,-0.9935064935064936,2.0,-15.0,-0.2125,10855.0,685.0,1600.0
BL029,Trimethoprim,5.0,2.0,3.0,1.0,-0.958603560093832,34.2,-115.2,-4.824305555555555,770380.0,215655.0,298872.5
BL029,Trimethoprim,5.0,2.0,4.0,2.3506241607400407,-0.3948376187397424,567.2,-511.2,-25.805882352941175,8279507.5,634125.0,4108970.0
BL029,Trimethoprim,0.5,2.0,1.0,1.0,-0.8857142857142857,1.2,-2.6,-0.021527777777777778,1302.5,910.0,2440.0
BL029,Trimethoprim,0.5,2.0,2.0,1.0,-0.9912280701754386,1.2,-15.4,-0.23541666666666666,12627.5,885.0,1815.0
BL029,Trimethoprim,0.5,2.0,3.0,1.0577351247600768,-0.8807677543186181,80.0,-208.8,-8.578245614035088,2093740.0,494645.0,699545.0
BL029,Trimethoprim,0.5,2.0,4.0,2.465768573439228,-0.08314064542072987,567.6,-626.6,-22.65735294117647,8839297.5,616982.5,5247250.0
BL029,Trimethoprim,0.05,2.0,1.0,1.0,-0.7727272727272727,1.2,-3.0,-0.02361111111111111,2812.5,1080.0,5057.5
BL029,Trimethoprim,0.05,2.0,2.0,1.0,-0.8679653679653679,3.2,-25.2,-0.27847222222222223,20452.5,2242.5,19782.5
BL029,Trimethoprim,0.05,2.0,3.0,1.0,-0.9468754368796309,32.4,-89.2,-4.7034722222222225,865880.0,228927.5,317380.0
BL029,Trimethoprim,0.05,2.0,4.0,2.3539636290565658,-0.2875012559027429,563.0,-586.6,-24.02573529411765,8453200.0,591970.0,4359842.5
BL029,Trimethoprim,500.0,3.0,1.0,1.4285714285714286,-0.8571428571428571,1.6,-1.8,-0.013043478260869565,765.0,690.0,1240.0
BL029,Trimethoprim,500.0,3.0,2.0,1.0,-0.8435374149659864,2.2,-11.6,-0.17222222222222222,12740.0,1302.5,7337.5
BL029,Trimethoprim,500.0,3.0,3.0,1.0,-0.9521082769390942,5.2,-57.0,-1.270138888888889,122810.0,20542.5,93850.0
BL029,Trimethoprim,500.0,3.0,4.0,1.0994347556352106,-0.8144688770938168,343.6,-475.6,-18.673239436619717,8919905.0,4257940.0,5756377.5
BL029,Trimethoprim,50.0,3.0,1.0,1.0,-0.9285714285714286,0.6,-2.2,-0.018055555555555554,1117.5,765.0,1292.5
BL029,Trimethoprim,50.0,3.0,2.0,1.0,-0.9965156794425087,1.0,-10.0,-0.1986111111111111,10675.0,755.0,1295.0
BL029,Trimethoprim,50.0,3.0,3.0,1.0,-0.9876593994241053,3.4,-63.6,-1.667361111111111,162770.0,20017.5,34260.0
BL029,Trimethoprim,50.0,3.0,4.0,1.1804660208160767,-0.7960528685129831,606.0,-438.2,-19.095070422535212,9101905.0,4548090.0,6060970.0
BL029,Trimethoprim,5.0,3.0,1.0,1.0,-0.9,0.8,-2.0,-0.0125,950.0,862.5,1477.5
BL029,Trimethoprim,5.0,3.0,2.0,1.0,-0.9965156794425087,1.0,-10.2,-0.1986111111111111,10565.0,815.0,1465.0
BL029,Trimethoprim,5.0,3.0,3.0,1.0,-0.9808970099667774,5.2,-75.4,-2.4604166666666667,254797.5,48795.0,75095.0
BL029,Trimethoprim,5.0,3.0,4.0,1.2393904459975502,-0.7932487931407162,582.2,-457.2,-24.087394957983193,9530087.5,4715912.5,6302497.5
BL029,Trimethoprim,0.5,3.0,1.0,1.0,-0.9560439560439561,0.8,-4.6,-0.06041666666666667,2745.0,972.5,2250.0
BL029,Trimethoprim,0.5,3.0,2.0,1.0,-0.9926739926739927,1.4,-11.8,-0.18819444444444444,11262.5,1125.0,1910.0
BL029,Trimethoprim,0.5,3.0,3.0,1.0,-0.9575612177365983,14.2,-322.2,-8.038194444444445,1171412.5,389207.5,645997.5
BL029,Trimethoprim,0.5,3.0,4.0,1.3058097232940138,-0.7664351596663359,627.8,-495.2,-24.52016806722689,9626280.0,5085670.0,6993767.5
BL029,Trimethoprim,0.05,3.0,1.0,3.58974358974359,2.58974358974359,4.0,-3.6,0.0,3250.0,2557.5,38920.0
BL029,Trimethoprim,0.05,3.0,2.0,1.0,-0.9288025889967637,2.0,-10.8,-0.19930555555555557,15705.0,2747.5,5420.0
BL029,Trimethoprim,0.05,3.0,3.0,1.0,-0.9919743178170144,3.4,-48.0,-1.2875,99535.0,8402.5,12407.5
BL029,Trimethoprim,0.05,3.0,4.0,1.6656628924757086,0.6618485505500683,516.0,-413.2,-19.0,9012915.0,7335047.5,21104297.5
BL029,Trimethoprim,500.0,4.0,1.0,1.0,-0.8823529411764706,1.0,-2.6,-0.020833333333333332,1157.5,685.0,1252.5
BL029,Trimethoprim,500.0,4.0,2.0,1.0,-0.9963369963369964,2.8,-31.2,-0.5666666666666667,43530.0,1785.0,1420.0
BL029,Trimethoprim,500.0,4.0,3.0,1.0,-0.9954637096774194,3.6,-57.4,-1.3715277777777777,118910.0,7822.5,5860.0
BL029,Trimethoprim,500.0,4.0,4.0,1.1832302552072225,-0.8161299495272624,519.8,-287.2,-19.8,8502575.0,3481800.0,5477422.5
BL029,Trimethoprim,50.0,4.0,1.0,1.0,-0.9787234042553191,1.0,-8.2,-0.09583333333333334,4982.5,812.5,1315.0
BL029,Trimethoprim,50.0,4.0,2.0,1.0,-0.9698581560283688,3.0,-15.8,-0.3798611111111111,32950.0,2165.0,4007.5
BL029,Trimethoprim,50.0,4.0,3.0,1.0,-0.9971014492753624,1.6,-28.6,-0.7166666666666667,60945.0,3835.0,2990.0
BL029,Trimethoprim,50.0,4.0,4.0,1.238949877220858,-0.8127618084645385,632.6,-307.4,-20.582332155477033,9095380.0,3682962.5,5264475.0
BL029,Trimethoprim,5.0,4.0,1.0,1.0,-0.5875,1.6,-5.4,-0.03263888888888889,3092.5,1190.0,6715.0
BL029,Trimethoprim,5.0,4.0,2.0,1.0,-0.6532663316582915,3.8,-12.2,-0.18055555555555555,23437.5,2510.0,26177.5
BL029,Trimethoprim,5.0,4.0,3.0,1.0,-0.9867684478371501,3.0,-44.2,-1.3465277777777778,131492.5,10465.0,14725.0
BL029,Trimethoprim,5.0,4.0,4.0,1.1277426350984998,-0.8206397975781674,234.0,-314.4,-18.67402135231317,8906050.0,3751095.0,5629247.5
BL029,Trimethoprim,0.5,4.0,1.0,1.0,-0.1875,3.0,-3.4,-0.010416666666666666,3435.0,1375.0,12122.5
BL029,Trimethoprim,0.5,4.0,2.0,1.0,-0.850415512465374,3.0,-10.6,-0.21319444444444444,19212.5,1692.5,7687.5
BL029,Trimethoprim,0.5,4.0,3.0,1.0,-0.9451510333863276,3.2,-38.4,-0.8256944444444444,79675.0,6382.5,30405.0
BL029,Trimethoprim,0.5,4.0,4.0,1.1171616548340333,-0.7711779355462216,306.6,-328.0,-17.768773234200744,9256495.0,4288905.0,6730277.5
BL029,Trimethoprim,0.05,4.0,1.0,2.715686274509804,1.0,5.8,-7.2,-0.38421052631578945,7112.5,5040.0,121502.5
BL029,Trimethoprim,0.05,4.0,2.0,1.0,-0.8017492711370262,7.2,-24.0,-0.5729166666666666,80812.5,22180.0,196335.0
BL029,Trimethoprim,0.05,4.0,3.0,1.0,-0.9883675843350136,3.6,-52.0,-1.770138888888889,163345.0,14535.0,29392.5
BL029,Trimethoprim,0.05,4.0,4.0,1.0473125564588979,-0.9671785606744956,227.2,-207.6,-18.848251748251748,6205565.0,1898800.0,1801785.0
BL029,Trimethoprim,500.0,5.0,1.0,1.0,-1.0,2.2,-3.0,-0.01875,855.0,585.0,987.5
BL029,Trimethoprim,500.0,5.0,2.0,1.0,-1.0,2.2,-9.2,-0.16666666666666666,15777.5,760.0,1067.5
BL029,Trimethoprim,500.0,5.0,3.0,1.0,-0.9930555555555556,3.2,-11.6,-0.1986111111111111,22722.5,1637.5,1460.0
BL029,Trimethoprim,500.0,5.0,4.0,12.2910927456382,-0.7237526782981328,995.2,-985.2,-59.47348484848485,15203175.0,4669425.0,3238182.5
BL029,Trimethoprim,50.0,5.0,1.0,1.4444444444444444,-1.0,1.8,-2.6,-0.021311475409836064,460.0,547.5,1130.0
BL029,Trimethoprim,50.0,5.0,2.0,1.0,-1.0,1.6,-6.0,-0.1375,11527.5,775.0,1162.5
BL029,Trimethoprim,50.0,5.0,3.0,1.0,-0.9885057471264368,2.6,-7.0,-0.17916666666666667,21260.0,1387.5,1592.5
BL029,Trimethoprim,50.0,5.0,4.0,9.998729957136053,-0.7599618987140816,881.4,-836.6,-46.56818181818182,11654182.5,2789890.0,2282190.0
BL029,Trimethoprim,5.0,5.0,1.0,1.0,-0.9166666666666666,2.4,-2.0,-0.015277777777777777,1202.5,592.5,1420.0
BL029,Trimethoprim,5.0,5.0,2.0,1.0,-0.9597989949748744,2.0,-8.0,-0.1326388888888889,10612.5,885.0,1955.0
BL029,Trimethoprim,5.0,5.0,3.0,1.0,-0.9117647058823529,2.8,-4.4,-0.043055555555555555,7120.0,1570.0,1855.0
BL029,Trimethoprim,5.0,5.0,4.0,11.689421894218942,-0.790590405904059,950.4,-1222.2,-56.56515151515151,14092910.0,3931020.0,2684015.0
BL029,Trimethoprim,0.5,5.0,1.0,1.0,-0.9017857142857143,1.8,-5.6,-0.07013888888888889,5377.5,972.5,2717.5
BL029,Trimethoprim,0.5,5.0,2.0,1.0,-0.9754901960784313,2.6,-11.0,-0.13819444444444445,10912.5,932.5,1437.5
BL029,Trimethoprim,0.5,5.0,3.0,1.064516129032258,-1.0,2.4,-4.2,-0.022996515679442508,4582.5,1515.0,1880.0
BL029,Trimethoprim,0.5,5.0,4.0,12.305411535968892,-0.7616655865197667,973.4,-853.0,-56.42272727272727,14088855.0,3942240.0,2787927.5
BL029,Trimethoprim,0.05,5.0,1.0,47.4,46.4,5.4,-6.0,0.0,5650.0,2835.0,87115.0
BL029,Trimethoprim,0.05,5.0,2.0,1.0,-0.3924731182795699,4.2,-8.2,-0.050694444444444445,16915.0,4060.0,27017.5
BL029,Trimethoprim,0.05,5.0,3.0,1.0,-0.9873417721518988,6.4,-9.6,-0.2708333333333333,43042.5,5025.0,5432.5
BL029,Trimethoprim,0.05,5.0,4.0,8.900157232704403,-0.6863207547169812,673.6,-772.4,-33.096969696969694,8377277.5,1867195.0,1708782.5
BL029,DEET,500.0,1.0,1.0,3.5374149659863945,1.1519274376417235,63.8,-25.6,-0.44761904761904764,248850.0,32282.5,259332.5
BL029,DEET,500.0,1.0,2.0,4.363636363636363,1.0376940133037693,65.4,-33.4,-0.7741697416974169,284475.0,31447.5,258592.5
BL029,DEET,500.0,1.0,3.0,4.443181818181818,1.6022727272727273,57.2,-32.0,-0.5955882352941176,280987.5,29600.0,343820.0
BL029,DEET,500.0,1.0,4.0,5.383196721311475,1.0676229508196722,58.4,-42.4,-1.1897058823529412,346020.0,36190.0,288167.5
BL029,DEET,50.0,1.0,1.0,3.5770114942528735,1.4068965517241379,60.6,-28.2,-0.3715328467153285,256417.5,29907.5,292670.0
BL029,DEET,50.0,1.0,2.0,4.527649769585254,1.3410138248847927,57.4,-27.8,-0.6977941176470588,286160.0,29745.0,265425.0
BL029,DEET,50.0,1.0,3.0,4.596949891067538,1.6122004357298474,59.8,-36.6,-0.6698529411764705,301910.0,38300.0,314685.0
BL029,DEET,50.0,1.0,4.0,5.406813627254509,1.214428857715431,56.4,-48.4,-1.167032967032967,355157.5,33267.5,289260.0
BL029,DEET,5.0,1.0,1.0,3.664383561643836,1.4908675799086757,57.2,-26.6,-0.37655677655677655,257857.5,28280.0,295245.0
BL029,DEET,5.0,1.0,2.0,4.30751708428246,1.469248291571754,58.2,-30.0,-0.5933823529411765,278680.0,29137.5,284795.0
BL029,DEET,5.0,1.0,3.0,4.728476821192053,1.1721854304635762,60.6,-30.6,-0.8514705882352941,302132.5,30430.0,225100.0
BL029,DEET,5.0,1.0,4.0,5.523613963039014,2.1252566735112937,61.4,-55.2,-0.8651851851851852,354272.5,40477.5,431042.5
BL029,DEET,0.5,1.0,1.0,3.5739910313901344,1.4215246636771302,59.8,-33.0,-0.37518248175182484,260275.0,30317.5,278697.5
BL029,DEET,0.5,1.0,2.0,4.6393034825870645,1.808457711442786,60.0,-27.0,-0.5411764705882353,275507.5,34397.5,330007.5
BL029,DEET,0.5,1.0,3.0,4.903587443946188,1.6076233183856503,63.2,-33.8,-0.7529411764705882,305875.0,32362.5,366710.0
BL029,DEET,0.5,1.0,4.0,5.6645569620253164,2.6202531645569622,58.2,-47.4,-0.7151291512915129,352907.5,41187.5,440470.0
BL029,DEET,0.05,1.0,1.0,3.977777777777778,1.7604938271604937,58.2,-28.6,-0.36117216117216117,257487.5,39132.5,353677.5
BL029,DEET,0.05,1.0,2.0,4.279545454545454,1.4022727272727273,61.8,-26.8,-0.6095940959409594,283607.5,31950.0,353955.0
BL029,DEET,0.05,1.0,3.0,4.988713318284424,2.9029345372460496,57.4,-34.0,-0.3536764705882353,300127.5,38000.0,481337.5
BL029,DEET,0.05,1.0,4.0,5.422594142259414,1.50836820083682,54.0,-43.4,-1.0280442804428045,345905.0,40875.0,320312.5
BL029,DEET,500.0,2.0,1.0,2.0146396396396398,-0.3997747747747748,25.8,-25.0,-1.0170040485829959,467530.0,164285.0,159052.5
BL029,DEET,500.0,2.0,2.0,2.6356673960612693,-0.5787746170678337,40.6,-25.0,-1.6866666666666668,700722.5,301720.0,285350.0
BL029,DEET,500.0,2.0,3.0,2.294816414686825,-0.2937365010799136,26.8,-25.2,-1.1628458498023715,515347.5,120985.0,188882.5
BL029,DEET,500.0,2.0,4.0,3.0835189309576836,-0.21714922048997773,60.6,-31.8,-1.7074380165289256,739007.5,183252.5,206297.5
BL029,DEET,50.0,2.0,1.0,2.3229166666666665,-0.8402777777777778,32.2,-27.2,-1.5906382978723403,590122.5,599382.5,267180.0
BL029,DEET,50.0,2.0,2.0,2.8115468409586057,-0.8311546840958606,34.6,-25.8,-2.0301255230125523,740870.0,721360.0,287447.5
BL029,DEET,50.0,2.0,3.0,3.0,-0.7579185520361991,54.4,-21.4,-2.0316666666666667,775235.0,743512.5,293367.5
BL029,DEET,50.0,2.0,4.0,3.3008849557522124,-0.3329646017699115,57.2,-22.8,-1.951639344262295,882382.5,744277.5,393342.5
BL029,DEET,5.0,2.0,1.0,2.4002347417840375,-0.8075117370892019,27.6,-17.0,-1.6145922746781116,597820.0,614350.0,289585.0
BL029,DEET,5.0,2.0,2.0,2.7615384615384615,-0.7769230769230769,41.4,-24.4,-1.9411764705882353,738962.5,736540.0,305655.0
BL029,DEET,5.0,2.0,3.0,3.1557562076749437,-0.4435665914221219,39.6,-22.4,-1.903305785123967,813120.0,798945.0,399522.5
BL029,DEET,5.0,2.0,4.0,52.69321851453176,51.69321851453176,195.0,-25.0,0.0,1007345.0,1216405.0,13238082.5
BL029,DEET,0.5,2.0,1.0,2.5120772946859904,-0.7910628019323671,34.2,-17.8,-1.6025210084033614,603825.0,632580.0,299267.5
BL029,DEET,0.5,2.0,2.0,2.788716814159292,-0.7665929203539823,34.0,-27.4,-1.9493670886075949,722150.0,753220.0,331097.5
BL029,DEET,0.5,2.0,3.0,56.102652825836216,55.102652825836216,228.6,-27.6,0.0,902482.5,1237262.5,12805365.0
BL029,DEET,0.5,2.0,4.0,54.72813487881981,53.72813487881981,207.6,-24.2,0.0,1015472.5,1236157.5,14147505.0
BL029,DEET,0.05,2.0,1.0,2.349330357142857,-0.8091517857142857,41.0,-20.0,-1.6184100418410041,611302.5,649280.0,297105.0
BL029,DEET,0.05,2.0,2.0,2.897196261682243,-0.735981308411215,32.8,-18.0,-1.8861924686192468,717197.5,738910.0,314067.5
BL029,DEET,0.05,2.0,3.0,51.17824074074074,50.17824074074074,194.2,-24.6,0.0,895957.5,1227092.5,11355810.0
BL029,DEET,0.05,2.0,4.0,55.99781181619256,54.99781181619256,211.6,-28.6,0.0,1021040.0,1249122.5,13859897.5
BL029,DEET,500.0,3.0,1.0,2.0146396396396398,-0.3997747747747748,25.8,-25.0,-1.0170040485829959,467530.0,164285.0,159052.5
BL029,DEET,500.0,3.0,2.0,2.6356673960612693,-0.5787746170678337,40.6,-25.0,-1.6866666666666668,700722.5,301720.0,285350.0
BL029,DEET,500.0,3.0,3.0,2.294816414686825,-0.2937365010799136,26.8,-25.2,-1.1628458498023715,515347.5,120985.0,188882.5
BL029,DEET,500.0,3.0,4.0,3.0835189309576836,-0.21714922048997773,60.6,-31.8,-1.7074380165289256,739007.5,183252.5,206297.5
BL029,DEET,50.0,3.0,1.0,2.3229166666666665,-0.8402777777777778,32.2,-27.2,-1.5906382978723403,590122.5,599382.5,267180.0
BL029,DEET,50.0,3.0,2.0,2.8115468409586057,-0.8311546840958606,34.6,-25.8,-2.0301255230125523,740870.0,721360.0,287447.5
BL029,DEET,50.0,3.0,3.0,3.0,-0.7579185520361991,54.4,-21.4,-2.0316666666666667,775235.0,743512.5,293367.5
BL029,DEET,50.0,3.0,4.0,3.3008849557522124,-0.3329646017699115,57.2,-22.8,-1.951639344262295,882382.5,744277.5,393342.5
BL029,DEET,5.0,3.0,1.0,2.4002347417840375,-0.8075117370892019,27.6,-17.0,-1.6145922746781116,597820.0,614350.0,289585.0
BL029,DEET,5.0,3.0,2.0,2.7615384615384615,-0.7769230769230769,41.4,-24.4,-1.9411764705882353,738962.5,736540.0,305655.0
BL029,DEET,5.0,3.0,3.0,3.1557562076749437,-0.4435665914221219,39.6,-22.4,-1.903305785123967,813120.0,798945.0,399522.5
BL029,DEET,5.0,3.0,4.0,52.69321851453176,51.69321851453176,195.0,-25.0,0.0,1007345.0,1216405.0,13238082.5
BL029,DEET,0.5,3.0,1.0,2.5120772946859904,-0.7910628019323671,34.2,-17.8,-1.6025210084033614,603825.0,632580.0,299267.5
BL029,DEET,0.5,3.0,2.0,2.788716814159292,-0.7665929203539823,34.0,-27.4,-1.9493670886075949,722150.0,753220.0,331097.5
BL029,DEET,0.5,3.0,3.0,56.102652825836216,55.102652825836216,228.6,-27.6,0.0,902482.5,1237262.5,12805365.0
BL029,DEET,0.5,3.0,4.0,54.72813487881981,53.72813487881981,207.6,-24.2,0.0,1015472.5,1236157.5,14147505.0
BL029,DEET,0.05,3.0,1.0,2.349330357142857,-0.8091517857142857,41.0,-20.0,-1.6184100418410041,611302.5,649280.0,297105.0
BL029,DEET,0.05,3.0,2.0,2.897196261682243,-0.735981308411215,32.8,-18.0,-1.8861924686192468,717197.5,738910.0,314067.5
BL029,DEET,0.05,3.0,3.0,51.17824074074074,50.17824074074074,194.2,-24.6,0.0,895957.5,1227092.5,11355810.0
BL029,DEET,0.05,3.0,4.0,55.99781181619256,54.99781181619256,211.6,-28.6,0.0,1021040.0,1249122.5,13859897.5
BL029,DEET,500.0,4.0,1.0,1.25,-0.75,1.0,-0.8,-0.0028268551236749115,480.0,487.5,960.0
BL029,DEET,500.0,4.0,2.0,1.0,-1.0,1.2,-1.0,-0.010416666666666666,650.0,480.0,917.5
BL029,DEET,500.0,4.0,3.0,1.0,-0.9090909090909091,1.0,-1.6,-0.006944444444444444,582.5,495.0,937.5
BL029,DEET,500.0,4.0,4.0,1.5,-0.9285714285714286,2.6,-3.2,-0.013986013986013986,720.0,467.5,935.0
BL029,DEET,50.0,4.0,1.0,1.3333333333333333,-0.6666666666666666,0.8,-0.6,-0.002105263157894737,460.0,472.5,982.5
BL029,DEET,50.0,4.0,2.0,1.0,-0.8333333333333334,0.6,-0.6,-0.003472222222222222,587.5,470.0,875.0
BL029,DEET,50.0,4.0,3.0,1.0,-0.8,0.6,-0.6,-0.002777777777777778,517.5,515.0,937.5
BL029,DEET,50.0,4.0,4.0,1.0,-0.9699248120300752,1.4,-7.8,-0.17916666666666667,15192.5,1115.0,3337.5
BL029,DEET,5.0,4.0,1.0,2.5,-0.75,1.6,-2.0,-0.00932642487046632,477.5,535.0,955.0
BL029,DEET,5.0,4.0,2.0,1.6666666666666667,-0.6666666666666666,0.8,-0.6,-0.008888888888888889,557.5,500.0,927.5
BL029,DEET,5.0,4.0,3.0,1.0,-0.4,0.6,-0.6,-0.001388888888888889,597.5,512.5,965.0
BL029,DEET,5.0,4.0,4.0,1.0,-0.9818731117824774,3.0,-6.4,-0.22569444444444445,16297.5,1312.5,3477.5
BL029,DEET,0.5,4.0,1.0,15.0,0.0,2.8,-2.6,-0.020437956204379562,537.5,435.0,972.5
BL029,DEET,0.5,4.0,2.0,1.0,-0.8571428571428571,0.8,-0.6,-0.004166666666666667,595.0,495.0,925.0
BL029,DEET,0.5,4.0,3.0,1.0,-0.7142857142857143,0.6,-0.6,-0.003472222222222222,687.5,462.5,962.5
BL029,DEET,0.5,4.0,4.0,1.0,-0.9912280701754386,0.6,-4.0,-0.07847222222222222,4315.0,592.5,1045.0
BL029,DEET,0.05,4.0,1.0,1.6666666666666667,-1.0,0.8,-0.8,-0.00398406374501992,535.0,515.0,897.5
BL029,DEET,0.05,4.0,2.0,1.0,-0.6,0.6,-0.6,-0.0020833333333333333,715.0,602.5,1030.0
BL029,DEET,0.05,4.0,3.0,1.1428571428571428,-0.21428571428571427,1.2,-1.6,-0.2,915.0,647.5,2470.0
BL029,DEET,0.05,4.0,4.0,1.0,-0.9864864864864865,1.0,-3.4,-0.10138888888888889,6575.0,785.0,1255.0
BL029,DEET,500.0,5.0,1.0,4.0,-0.5,1.2,-1.4,-0.012727272727272728,607.5,605.0,1275.0
BL029,DEET,500.0,5.0,2.0,1.3333333333333333,-0.6666666666666666,0.6,-0.6,-0.002803738317757009,637.5,602.5,1160.0
BL029,DEET,500.0,5.0,3.0,4.0,-0.6666666666666666,2.0,-2.0,-0.010377358490566037,640.0,690.0,1250.0
BL029,DEET,500.0,5.0,4.0,3.0,-0.5,1.0,-0.8,-0.0136986301369863,582.5,602.5,1227.5
BL029,DEET,50.0,5.0,1.0,1.0,-1.0,0.6,-0.6,-0.002777777777777778,602.5,575.0,1177.5
BL029,DEET,50.0,5.0,2.0,9.0,-0.5,3.4,-3.2,-0.02312925170068027,620.0,710.0,1212.5
BL029,DEET,50.0,5.0,3.0,4.0,-0.5,1.4,-1.4,-0.008333333333333333,585.0,622.5,1165.0
BL029,DEET,50.0,5.0,4.0,1.3333333333333333,-0.3333333333333333,0.6,-0.6,-0.0013937282229965157,622.5,612.5,1262.5
BL029,DEET,5.0,5.0,1.0,1.5,-0.25,0.8,-0.8,-0.007594936708860759,587.5,572.5,1197.5
BL029,DEET,5.0,5.0,2.0,3.5,0.0,1.0,-1.2,-0.004878048780487805,615.0,645.0,1170.0
BL029,DEET,5.0,5.0,3.0,1.6666666666666667,-0.3333333333333333,0.6,-0.8,-0.003125,627.5,547.5,1132.5
BL029,DEET,5.0,5.0,4.0,3.0,-0.5,0.8,-0.8,-0.004424778761061947,762.5,632.5,1187.5
BL029,DEET,0.5,5.0,1.0,1.6666666666666667,-0.6666666666666666,0.8,-0.8,-0.004324324324324324,555.0,602.5,1202.5
BL029,DEET,0.5,5.0,2.0,4.0,0.0,1.0,-1.2,-0.0064516129032258064,600.0,617.5,1297.5
BL029,DEET,0.5,5.0,3.0,2.0,0.0,0.6,-0.4,-0.0017167381974248926,657.5,612.5,1180.0
BL029,DEET,0.5,5.0,4.0,1.5,-0.75,0.8,-0.8,-0.005076142131979695,785.0,667.5,1250.0
BL029,DEET,0.05,5.0,1.0,15.0,0.0,5.6,-5.6,-0.031638418079096044,577.5,710.0,1197.5
BL029,DEET,0.05,5.0,2.0,4.0,1.0,0.6,-0.6,-0.005333333333333333,640.0,547.5,1260.0
BL029,DEET,0.05,5.0,3.0,4.0,0.0,0.6,-0.6,-0.002158273381294964,657.5,645.0,1202.5
BL029,DEET,0.05,5.0,4.0,1.4285714285714286,-0.5714285714285714,0.8,-0.6,-0.005090909090909091,1472.5,680.0,1262.5
BL029,Propoxur,500.0,1.0,1.0,1.998148345974433,-0.8315707011359186,845.8,-518.2,-41.60647773279352,16268462.5,4558842.5,3880322.5
BL029,Propoxur,500.0,1.0,2.0,2.4787416972925587,0.4705485687312452,1023.2,-1152.2,-24.114516129032257,20986022.5,7158710.0,16187992.5
BL029,Propoxur,500.0,1.0,3.0,2.5144028737969366,0.4883760336180019,908.0,-1242.2,-24.416129032258066,21253852.5,7007467.5,16708012.5
BL029,Propoxur,500.0,1.0,4.0,2.3617570215545394,-0.8016655780535598,779.4,-931.2,-52.9952,19647452.5,4946055.0,4740395.0
BL029,Propoxur,50.0,1.0,1.0,2.2944206305309733,-0.8316164269911505,755.4,-785.6,-49.79919028340081,19189912.5,8557092.5,6003877.5
BL029,Propoxur,50.0,1.0,2.0,2.4480302769654223,0.5206261826939618,972.6,-917.2,-21.82591093117409,20132417.5,9853827.5,19016780.0
BL029,Propoxur,50.0,1.0,3.0,2.640892399362572,0.5877156516316774,966.6,-963.8,-24.41847389558233,21129602.5,9445472.5,20322682.5
BL029,Propoxur,50.0,1.0,4.0,2.085674758720643,-0.9008860634408248,1029.0,-615.4,-48.441767068273094,17579695.0,5941270.0,4051070.0
BL029,Propoxur,5.0,1.0,1.0,2.112071971546133,0.41034939675012205,824.2,-945.4,-15.420689655172414,19248820.0,11213105.0,17673385.0
BL029,Propoxur,5.0,1.0,2.0,1.9861830742659758,-0.906329371126689,668.0,-564.0,-40.94065934065934,16505930.0,6094722.5,4229370.0
BL029,Propoxur,5.0,1.0,3.0,2.123628512776952,-0.9061725773341828,798.4,-673.0,-42.014652014652015,17104807.5,6052617.5,4049597.5
BL029,Propoxur,5.0,1.0,4.0,1.9563438376505526,-0.9069130506517077,712.2,-548.8,-41.36703296703297,17034372.5,6170730.0,4110097.5
BL029,Propoxur,0.5,1.0,1.0,2.037134914370045,0.30349727151045064,773.6,-902.8,-18.833480176211452,19052450.0,11291755.0,17356162.5
BL029,Propoxur,0.5,1.0,2.0,2.116014878857947,0.4336986025937469,921.8,-955.6,-16.621224489795917,19976632.5,11464237.5,19394115.0
BL029,Propoxur,0.5,1.0,3.0,1.9389548378539692,-0.9143179255918827,706.4,-549.4,-40.945787545787546,16163625.0,5805112.5,4076122.5
BL029,Propoxur,0.5,1.0,4.0,1.8931540263825144,-0.9179317649324389,645.6,-521.6,-41.33919413919414,16352570.0,5802560.0,3936340.0
BL029,Propoxur,0.05,1.0,1.0,2.11376679731243,0.36859602463605823,691.4,-924.8,-18.761233480176212,19387270.0,11100217.5,18685835.0
BL029,Propoxur,0.05,1.0,2.0,2.163901141216831,0.46772386753483164,661.2,-851.2,-16.16829268292683,19560660.0,11123122.5,20120540.0
BL029,Propoxur,0.05,1.0,3.0,1.97354082953075,-0.7591091738745488,631.4,-704.4,-37.275457875457874,12264755.0,465050.0,2478755.0
BL029,Propoxur,0.05,1.0,4.0,1.9543708911019984,-0.7885178676039836,829.0,-760.0,-43.01365461847389,18573775.0,9557400.0,7297660.0
BL029,Propoxur,500.0,2.0,1.0,1.025690091279006,-0.8915429451226218,761.6,-607.8,-29.060627177700347,8014787.5,1019920.0,2504607.5
BL029,Propoxur,500.0,2.0,2.0,1.0092296427608,-0.7190643184708466,998.8,-855.0,-26.33937282229965,8216792.5,269197.5,4588235.0
BL029,Propoxur,500.0,2.0,3.0,1.1139347734011011,-0.8360864040660737,1083.6,-1238.0,-40.282448979591834,12330247.5,1314300.0,3810802.5
BL029,Propoxur,500.0,2.0,4.0,1.0090326449533376,-0.9313931261946704,1001.6,-889.4,-34.97073170731707,9457295.0,1622400.0,2183502.5
BL029,Propoxur,50.0,2.0,1.0,1.019879402552575,-0.9481388362133254,542.4,-663.4,-31.659930313588852,9430335.0,4804005.0,3271397.5
BL029,Propoxur,50.0,2.0,2.0,1.0260161618604275,-0.9514136589887754,717.8,-871.6,-33.8,9789640.0,4949417.5,3242087.5
BL029,Propoxur,50.0,2.0,3.0,1.0362893770030486,0.006487923082935981,788.8,-1016.6,-1.0627177700348431,12678120.0,9500140.0,25422675.0
BL029,Propoxur,50.0,2.0,4.0,1.019298374102827,-0.9379302768419511,849.6,-1011.0,-36.43205574912892,10771492.5,5296290.0,3561492.5
BL029,Propoxur,5.0,2.0,1.0,1.0502335714435345,-0.8591448980874374,854.4,-979.2,-35.876859504132234,11802260.0,1794090.0,3069517.5
BL029,Propoxur,5.0,2.0,2.0,1.042202308808043,-0.07264201553776153,681.4,-1021.4,-4.02787456445993,12176977.5,10604477.5,23959260.0
BL029,Propoxur,5.0,2.0,3.0,1.0382057260808073,-0.08495470356637744,893.8,-1016.0,-4.490592334494774,12300302.5,10808855.0,24104685.0
BL029,Propoxur,5.0,2.0,4.0,1.0202001309267745,-0.9508650519031142,574.8,-927.4,-36.17979094076655,9933802.5,5128292.5,3258080.0
BL029,Propoxur,0.5,2.0,1.0,1.0436283167874616,-0.1543536959213919,746.6,-944.2,-8.026337448559671,12209832.5,10784355.0,22112770.0
BL029,Propoxur,0.5,2.0,2.0,1.0296699611370854,-0.1334359156457754,904.0,-929.2,-5.761672473867596,12009107.5,10973030.0,22776987.5
BL029,Propoxur,0.5,2.0,3.0,1.0345045900601457,-0.9581552706552706,463.0,-865.4,-34.96376306620209,9404690.0,5070547.5,3005870.0
BL029,Propoxur,0.5,2.0,4.0,1.021746716870236,-0.9556984112407017,507.8,-999.2,-37.085017421602785,9687155.0,5206660.0,3143802.5
BL029,Propoxur,0.05,2.0,1.0,1.0458788521115279,-0.13235773683352356,834.2,-915.4,-7.197530864197531,12184425.0,10809217.5,22229797.5
BL029,Propoxur,0.05,2.0,2.0,1.0482057933419802,-0.12472978815391267,893.6,-941.4,-6.132404181184669,12230220.0,10686702.5,23226245.0
BL029,Propoxur,0.05,2.0,3.0,1.0263641463084392,-0.07460492466005145,615.4,-927.0,-3.637630662020906,11909015.0,10686347.5,22564755.0
BL029,Propoxur,0.05,2.0,4.0,1.0292046396023198,-0.9502146569255103,624.6,-1016.4,-36.24738675958188,9905432.5,5171817.5,3235355.0
BL029,Propoxur,500.0,3.0,1.0,1.025690091279006,-0.8915429451226218,761.6,-607.8,-29.060627177700347,8014787.5,1019920.0,2504607.5
BL029,Propoxur,500.0,3.0,2.0,1.0092296427608,-0.7190643184708466,998.8,-855.0,-26.33937282229965,8216792.5,269197.5,4588235.0
BL029,Propoxur,500.0,3.0,3.0,1.1139347734011011,-0.8360864040660737,1083.6,-1238.0,-40.282448979591834,12330247.5,1314300.0,3810802.5
BL029,Propoxur,500.0,3.0,4.0,1.0090326449533376,-0.9313931261946704,1001.6,-889.4,-34.97073170731707,9457295.0,1622400.0,2183502.5
BL029,Propoxur,50.0,3.0,1.0,1.019879402552575,-0.9481388362133254,542.4,-663.4,-31.659930313588852,9430335.0,4804005.0,3271397.5
BL029,Propoxur,50.0,3.0,2.0,1.0260161618604275,-0.9514136589887754,717.8,-871.6,-33.8,9789640.0,4949417.5,3242087.5
BL029,Propoxur,50.0,3.0,3.0,1.0362893770030486,0.006487923082935981,788.8,-1016.6,-1.0627177700348431,12678120.0,9500140.0,25422675.0
BL029,Propoxur,50.0,3.0,4.0,1.019298374102827,-0.9379302768419511,849.6,-1011.0,-36.43205574912892,10771492.5,5296290.0,3561492.5
BL029,Propoxur,5.0,3.0,1.0,1.0502335714435345,-0.8591448980874374,854.4,-979.2,-35.876859504132234,11802260.0,1794090.0,3069517.5
BL029,Propoxur,5.0,3.0,2.0,1.042202308808043,-0.07264201553776153,681.4,-1021.4,-4.02787456445993,12176977.5,10604477.5,23959260.0
BL029,Propoxur,5.0,3.0,3.0,1.0382057260808073,-0.08495470356637744,893.8,-1016.0,-4.490592334494774,12300302.5,10808855.0,24104685.0
BL029,Propoxur,5.0,3.0,4.0,1.0202001309267745,-0.9508650519031142,574.8,-927.4,-36.17979094076655,9933802.5,5128292.5,3258080.0
BL029,Propoxur,0.5,3.0,1.0,1.0436283167874616,-0.1543536959213919,746.6,-944.2,-8.026337448559671,12209832.5,10784355.0,22112770.0
BL029,Propoxur,0.5,3.0,2.0,1.0296699611370854,-0.1334359156457754,904.0,-929.2,-5.761672473867596,12009107.5,10973030.0,22776987.5
BL029,Propoxur,0.5,3.0,3.0,1.0345045900601457,-0.9581552706552706,463.0,-865.4,-34.96376306620209,9404690.0,5070547.5,3005870.0
BL029,Propoxur,0.5,3.0,4.0,1.021746716870236,-0.9556984112407017,507.8,-999.2,-37.085017421602785,9687155.0,5206660.0,3143802.5
BL029,Propoxur,0.05,3.0,1.0,1.0458788521115279,-0.13235773683352356,834.2,-915.4,-7.197530864197531,12184425.0,10809217.5,22229797.5
BL029,Propoxur,0.05,3.0,2.0,1.0482057933419802,-0.12472978815391267,893.6,-941.4,-6.132404181184669,12230220.0,10686702.5,23226245.0
BL029,Propoxur,0.05,3.0,3.0,1.0263641463084392,-0.07460492466005145,615.4,-927.0,-3.637630662020906,11909015.0,10686347.5,22564755.0
BL029,Propoxur,0.05,3.0,4.0,1.0292046396023198,-0.9502146569255103,624.6,-1016.4,-36.24738675958188,9905432.5,5171817.5,3235355.0
BL029,Propoxur,500.0,4.0,1.0,1.2857142857142858,-0.9285714285714286,3.4,-3.4,-0.04358974358974359,612.5,485.0,1015.0
BL029,Propoxur,500.0,4.0,2.0,1.0,-0.8571428571428571,0.8,-1.4,-0.008333333333333333,655.0,520.0,1010.0
BL029,Propoxur,500.0,4.0,3.0,1.0,-0.9924242424242424,0.8,-8.4,-0.09097222222222222,3287.5,720.0,1150.0
BL029,Propoxur,500.0,4.0,4.0,1.2451923076923077,-0.9201505016722408,82.2,-54.0,-3.9539007092198584,1671945.0,582722.5,456097.5
BL029,Propoxur,50.0,4.0,1.0,1.0,-0.8888888888888888,0.6,-0.8,-0.005555555555555556,587.5,515.0,942.5
BL029,Propoxur,50.0,4.0,2.0,1.0,-1.0,0.6,-3.4,-0.022222222222222223,747.5,565.0,967.5
BL029,Propoxur,50.0,4.0,3.0,1.0,-0.975,1.2,-4.0,-0.027083333333333334,1415.0,670.0,1217.5
BL029,Propoxur,50.0,4.0,4.0,1.2534536747098912,-0.9198747467305213,67.4,-46.6,-4.566308243727598,1905265.0,672690.0,570360.0
BL029,Propoxur,5.0,4.0,1.0,1.0,-0.8,0.8,-0.8,-0.002777777777777778,620.0,485.0,1050.0
BL029,Propoxur,5.0,4.0,2.0,1.0,-0.9459459459459459,0.6,-2.4,-0.024305555555555556,1155.0,550.0,1142.5
BL029,Propoxur,5.0,4.0,3.0,1.0,-0.9907407407407407,0.6,-5.8,-0.07430555555555556,2602.5,732.5,1272.5
BL029,Propoxur,5.0,4.0,4.0,1.4253835425383543,-0.8947001394700139,127.2,-67.2,-6.760714285714286,2722922.5,804417.5,675182.5
BL029,Propoxur,0.5,4.0,1.0,1.0,-0.96,0.6,-2.4,-0.016666666666666666,1105.0,597.5,1042.5
BL029,Propoxur,0.5,4.0,2.0,1.0,-0.990521327014218,1.0,-10.6,-0.1451388888888889,5147.5,770.0,1640.0
BL029,Propoxur,0.5,4.0,3.0,1.0,-0.8461538461538461,0.6,-1.2,-0.007638888888888889,1125.0,710.0,1207.5
BL029,Propoxur,0.5,4.0,4.0,1.1339966130397967,-0.9337425910245555,40.6,-62.2,-3.6028571428571428,1316542.5,505862.5,402952.5
BL029,Propoxur,0.05,4.0,1.0,1.3571428571428572,0.35714285714285715,1.8,-1.4,0.0,3652.5,1045.0,7035.0
BL029,Propoxur,0.05,4.0,2.0,1.0,-0.9605263157894737,1.4,-4.0,-0.050694444444444445,5055.0,1225.0,2172.5
BL029,Propoxur,0.05,4.0,3.0,1.0,-0.9402985074626866,1.4,-4.0,-0.04375,4272.5,1525.0,3080.0
BL029,Propoxur,0.05,4.0,4.0,1.0182926829268293,-0.9192799070847851,39.4,-68.0,-2.298220640569395,754825.0,355245.0,298115.0
BL029,Propoxur,500.0,5.0,1.0,2.0,0.5,0.6,-0.4,-0.002777777777777778,622.5,552.5,1172.5
BL029,Propoxur,500.0,5.0,2.0,5.0,0.0,0.6,-0.8,-0.2,632.5,622.5,1160.0
BL029,Propoxur,500.0,5.0,3.0,1.0,-0.9803921568627451,1.0,-2.6,-0.034722222222222224,3082.5,827.5,1425.0
BL029,Propoxur,500.0,5.0,4.0,1.8587524045067325,-0.9736191261335532,207.8,-152.4,-9.69890909090909,2373922.5,610080.0,257322.5
BL029,Propoxur,50.0,5.0,1.0,2.0,-0.5,0.6,-0.6,-0.005454545454545455,590.0,587.5,1205.0
BL029,Propoxur,50.0,5.0,2.0,5.333333333333333,-0.3333333333333333,3.0,-3.0,-0.1076923076923077,715.0,657.5,1240.0
BL029,Propoxur,50.0,5.0,3.0,1.0,-0.8181818181818182,0.8,-1.4,-0.00625,1260.0,712.5,1235.0
BL029,Propoxur,50.0,5.0,4.0,1.7730761252852105,-0.9734494918066791,161.8,-96.6,-6.057553956834532,1698017.5,577885.0,295675.0
BL029,Propoxur,5.0,5.0,1.0,1.0,-0.7142857142857143,1.0,-1.2,-0.003472222222222222,767.5,527.5,1207.5
BL029,Propoxur,5.0,5.0,2.0,2.0,0.0,0.6,-0.6,-0.0014184397163120568,745.0,630.0,1255.0
BL029,Propoxur,5.0,5.0,3.0,1.0,-0.7857142857142857,0.8,-1.0,-0.007638888888888889,1637.5,815.0,1360.0
BL029,Propoxur,5.0,5.0,4.0,2.095599393019727,-0.9645630634651433,408.4,-278.4,-16.60431654676259,3279472.5,561750.0,235762.5
BL029,Propoxur,0.5,5.0,1.0,1.6666666666666667,-0.3333333333333333,0.6,-0.6,-0.002150537634408602,752.5,565.0,1220.0
BL029,Propoxur,0.5,5.0,2.0,1.5714285714285714,-0.7142857142857143,1.8,-1.8,-0.010112359550561797,942.5,625.0,1240.0
BL029,Propoxur,0.5,5.0,3.0,1.5,-0.8,1.6,-1.2,-0.00935251798561151,1607.5,780.0,1347.5
BL029,Propoxur,0.5,5.0,4.0,2.110238469227474,-0.9828644866485792,261.6,-168.2,-10.545323741007195,2338065.0,546397.5,220045.0
BL029,Propoxur,0.05,5.0,1.0,2.3076923076923075,1.3076923076923077,1.4,-1.2,0.0,1697.5,700.0,6200.0
BL029,Propoxur,0.05,5.0,2.0,1.4545454545454546,-0.7272727272727273,2.2,-2.0,-0.00948905109489051,1935.0,657.5,1677.5
BL029,Propoxur,0.05,5.0,3.0,1.0,-0.88,1.0,-1.4,-0.015277777777777777,2905.0,827.5,1702.5
BL029,Propoxur,0.05,5.0,4.0,1.903044315992293,-0.9483622350674373,473.0,-287.2,-17.220071684587815,3406357.5,607437.5,280037.5
BL030,Trimethoprim,50.0,1.0,1.0,2.353583486027492,0.2581273053042848,335.459,-96.18269999999993,-3.668965517241379,1033515.91,2096122.5,3995222.5
BL030,Trimethoprim,50.0,1.0,2.0,1.0,-0.7850768081756783,1.4,-6.516800000000001,-0.050733680555555556,5859.10875,1492.5,5292.5
BL030,Trimethoprim,50.0,1.0,3.0,1.0,-0.9743046187447806,1.8739999999999994,-8.943099999999998,-0.10532638888888889,9386.6425,2555.0,3727.5
BL030,Trimethoprim,5.0,1.0,1.0,1.0,-0.5129148995013887,43.234,-45.40700000000002,-0.5608843750000001,217546.41375,70465.0,562802.5
BL030,Trimethoprim,5.0,1.0,2.0,1.0,-0.9543875386755661,1.1099999999999994,-8.739,-0.04359131944444445,3625.63875,922.5,1730.0
BL030,Trimethoprim,5.0,1.0,3.0,1.0,-0.982377198444494,1.3980000000000004,-9.8988,-0.11613472222222222,8948.3625,1807.5,2695.0
BL030,Trimethoprim,0.5,1.0,1.0,1.460238293155999,-0.6305532465133462,0.6,-0.6,-0.004143859649122807,1122.83125,815.0,1485.0
BL030,Trimethoprim,0.5,1.0,2.0,1.0,-0.9896611974401125,1.2,-13.033999999999997,-0.13294861111111111,5633.2477499999995,1000.0,1745.0
BL030,Trimethoprim,0.5,1.0,3.0,1.0,-0.9773536332442819,122.98230000000001,-172.92819999999992,-2.7872354166666664,543414.0175,121015.0,146835.0
BL030,Trimethoprim,0.05,1.0,1.0,1.5339439278473048,-0.44067678109487524,1.0,-1.0,-0.004960854092526691,2711.29125,1920.0,2475.0
BL030,Trimethoprim,0.05,1.0,2.0,1.0,-0.9923574687019237,4.352200000000005,-46.077200000000005,-0.45085659722222227,27893.89125,2862.5,3575.0
BL030,Trimethoprim,0.05,1.0,3.0,2.4981242569085906,-0.6264323298646477,3232.179,-572.6,-25.592430514705878,8823625.565,4390820.0,5876680.0
BL030,Trimethoprim,0.005,1.0,1.0,2.359550561797753,-0.7687851123595505,0.9168,-0.4219999999999999,-0.055104545454545455,792.7485,0.0,0.0
BL030,Trimethoprim,0.005,1.0,2.0,2.420525224602626,-0.7543192812715964,0.9524000000000001,-0.4885999999999999,-0.057218181818181814,831.9895,0.0,0.0
BL030,Trimethoprim,0.005,1.0,3.0,2.3567229977957385,-0.6752387950036738,0.8549999999999999,-0.4556000000000001,-0.05145116279069767,840.5375,0.0,0.0
BL030,Trimethoprim,50.0,2.0,1.0,1.0,-0.6057037691586189,173.9429,-24.986133333333374,-0.8054194444444445,335764.35875,516644.53375,927715.0
BL030,Trimethoprim,50.0,2.0,2.0,1.0,-0.4778687551916459,4.6,-4.0,-0.013982638888888888,5403.57375,872.68125,5420.0
BL030,Trimethoprim,50.0,2.0,3.0,1.0,-0.7652997326356071,20.662399999999998,-131.1367666666667,-0.7948086805555555,108051.83666666667,74516.23875,291602.5
BL030,Trimethoprim,5.0,2.0,1.0,1.5901544299794448,-0.6837611342433985,1.8,-2.7156666666666665,-0.013372060857538035,3173.9083333333333,951.9375,2510.0
BL030,Trimethoprim,5.0,2.0,2.0,1.7018847855132246,0.5462245917162835,6.4,-5.474000000000001,-1.5,6860.637708333334,1888.005,55290.0
BL030,Trimethoprim,5.0,2.0,3.0,1.0,-0.973101221326819,44.3397,-325.21186666666665,-3.3161708333333335,421672.7366666667,118388.5325,114360.0
BL030,Trimethoprim,0.5,2.0,1.0,1.271022513567245,-0.6776100155821826,0.8,-0.8,-0.010462222222222222,2695.3885,1307.575,2550.0
BL030,Trimethoprim,0.5,2.0,2.0,1.0,-0.48740889858152064,2.8,-5.540666666666672,-0.036318055555555555,5935.0171666666665,1309.435,12137.5
BL030,Trimethoprim,0.5,2.0,3.0,1.0,-0.8920392228218752,55.806200000000004,-286.57263333333333,-2.3984559027777776,301574.85,157043.62625,244747.5
BL030,Trimethoprim,0.05,2.0,1.0,1.0,-0.5353249820906504,1.0,-0.8,-0.0064002314814814824,1474.9756666666667,750.2795,2950.0
BL030,Trimethoprim,0.05,2.0,2.0,1.0,-0.9257456184113739,1.70103,-3.8819999999999992,-0.06926232638888889,4306.602,717.194125,3177.5
BL030,Trimethoprim,0.05,2.0,3.0,1.0,-0.50770864884031,158.17018000000002,-404.6765333333333,-2.281073611111111,817712.5935,477789.9825,1192342.5
BL030,Trimethoprim,0.005,2.0,1.0,2.5429417571569597,-0.9704244817374136,1.7574999999999996,-0.5279999999999998,-0.04106516129032258,818.6909999999999,27.46125,0.0
BL030,Trimethoprim,0.005,2.0,2.0,2.3120529908972696,-0.9736305266579973,1.6734666666666669,-0.5849999999999994,-0.04031978494623656,763.9536666666667,25.69225,0.0
BL030,Trimethoprim,0.005,2.0,3.0,2.5093039283252927,-0.9714128187456926,1.8310000000000002,-0.5729999999999997,-0.03870451612903225,748.20625,24.9735,0.0
BL030,Trimethoprim,50.0,3.0,1.0,13.466494845360826,12.466494845360824,5.2,-3.6,0.0,7758.25,1245.0,19395.0
BL030,Trimethoprim,50.0,3.0,2.0,1.0,-0.9652934439315587,1.6,-5.703,-0.09657291666666666,13117.362500000001,3452.5,5035.0
BL030,Trimethoprim,50.0,3.0,3.0,4.8199702071622275,1.0992831155846317,787.985,-238.6,-17.518343195266272,1932299.7625,7269005.0,9890755.0
BL030,Trimethoprim,5.0,3.0,1.0,4.079497907949791,3.0794979079497904,2.6,-2.721,0.0,2643.97,1167.5,12060.0
BL030,Trimethoprim,5.0,3.0,2.0,1.317902060476318,0.2710730532512712,6.0,-5.0,-0.7,7423.13,1910.0,22712.5
BL030,Trimethoprim,5.0,3.0,3.0,1.0,-0.9071711238818128,33.4341,-60.96300000000001,-1.689829861111111,178385.745,100565.0,363360.0
BL030,Trimethoprim,0.5,3.0,1.0,1.5145081387119603,-0.8584571832979476,1.2339999999999995,-1.5060000000000002,-0.02034965034965035,1510.695,1167.5,2755.0
BL030,Trimethoprim,0.5,3.0,2.0,1.0,-0.6807715818786931,2.0,-4.863999999999999,-0.06960416666666666,6696.05775,1570.0,5960.0
BL030,Trimethoprim,0.5,3.0,3.0,1.0,-0.9905037747495371,2.24782,-18.064999999999987,-0.5070381944444444,40143.147,4655.0,4482.5
BL030,Trimethoprim,0.05,3.0,1.0,1.1335409098771838,-0.7924234561494551,1.2,-1.6030000000000002,-0.018716783216783217,2514.62175,2127.5,3770.0
BL030,Trimethoprim,0.05,3.0,2.0,1.0,-0.9317342600924691,1.4,-6.381,-0.10426041666666666,7015.526,3157.5,7152.5
BL030,Trimethoprim,0.05,3.0,3.0,1.0,-0.9818881593841974,12.169880000000001,-33.977,-0.9788368055555556,77243.35250000001,12442.5,21072.5
BL030,Trimethoprim,0.005,3.0,1.0,3.155459924690694,-0.9893652501344808,5.156,-2.952000000000001,-0.2598324444444444,1508.4967499999998,0.0,0.0
BL030,Trimethoprim,0.005,3.0,2.0,3.0570342205323193,-0.9886963606735469,4.872000000000001,-2.7060000000000004,-0.24920844444444445,1455.76475,0.0,0.0
BL030,Trimethoprim,0.005,3.0,3.0,2.8141874007411327,-0.9885706723133932,4.578,-2.396,-0.2353071111111111,1392.42825,0.0,0.0
BL030,Trimethoprim,50.0,4.0,1.0,37.89835327567823,0.18469375666390228,1.05,-30.68,-0.14617924528301884,36983.60125,19246.5,1992.5
BL030,Trimethoprim,50.0,4.0,2.0,26.25724537675959,-1.0,3.6,-30.49,-0.14817757009345794,36661.395833333336,19271.125,1907.5
BL030,Trimethoprim,50.0,4.0,3.0,4.338157894736842,-0.8421052631578947,1.6,-30.46,-0.15200956937799043,38296.025,21663.875,6367.5
BL030,Trimethoprim,5.0,4.0,1.0,5.178947368421053,-0.9456706281833617,1.2,-37.730000000000004,-0.19549222797927462,42231.73125,22162.125,2162.5
BL030,Trimethoprim,5.0,4.0,2.0,1.3913533547772627,-0.9852337134011434,5.542266666666666,-37.29,-0.19321243523316062,49750.434166666666,22445.375,2475.0
BL030,Trimethoprim,5.0,4.0,3.0,1.0,-0.9916317991631799,2.5,-109.83,-0.6583333333333333,70032.1,26125.625,7695.0
BL030,Trimethoprim,0.5,4.0,1.0,5.839944960037474,-0.9853617120941535,4.580000000000001,-58.1,-0.3684722222222222,59545.159999999996,39894.125,1875.0
BL030,Trimethoprim,0.5,4.0,2.0,1.6257653997191859,-0.9961106090915809,13.643066666666664,-60.04,-0.38082191780821917,80216.82416666667,41890.125,2320.0
BL030,Trimethoprim,0.5,4.0,3.0,1.0,-0.9917898193760263,4.810000000000002,-145.06599999999997,-0.8388888888888889,94396.4,45490.0,5787.5
BL030,Trimethoprim,0.05,4.0,1.0,2.2346045132292294,-0.9884157360641305,2.5599999999999996,-34.239999999999995,-0.18276190476190476,30671.61,22609.375,1887.5
BL030,Trimethoprim,0.05,4.0,2.0,2.206588103554003,-0.9500093315914363,5.167266666666668,-36.65,-0.2054285714285714,37804.471666666665,25116.75,3217.5
BL030,Trimethoprim,0.05,4.0,3.0,1.0,-0.9813753581661891,2.1199999999999988,-81.024,-0.4756944444444444,56962.825,30756.0,10920.0
BL030,Trimethoprim,0.005,4.0,1.0,66.70209938878554,35.7791655593941,4.552000000000001,-4.0,-0.2887179487179487,43140.3575,21864.0,0.0
BL030,Trimethoprim,0.005,4.0,2.0,65.25970219251964,30.72704889201548,4.724000000000001,-4.019999999999999,-0.3620253164556962,49397.86125,22090.75,0.0
BL030,Trimethoprim,0.005,4.0,3.0,17.97947402180885,8.236690186016677,4.812,-4.219999999999999,-0.34506329113924056,50008.275,22758.75,0.0
BL030,Metaldehyde,500.0,1.0,1.0,3.2898121509561684,1.6295481468945676,217.4,-172.8,-6.814847161572052,11157160.0,8778082.5,17222472.5
BL030,Metaldehyde,500.0,1.0,2.0,3.2725952227243384,1.2288573273079406,256.4,-163.8,-11.345614035087719,11544767.5,8536057.5,15160610.0
BL030,Metaldehyde,500.0,1.0,3.0,3.5812605650808984,1.30837961844965,253.2,-205.6,-13.750434782608696,12262752.5,9215292.5,15797115.0
BL030,Metaldehyde,500.0,1.0,4.0,3.156725935929177,0.9533348338209918,263.6,-160.0,-13.709401709401709,11765727.5,9062002.5,14863857.5
BL030,Metaldehyde,50.0,1.0,1.0,3.34796106729317,1.6736029535156907,237.2,-162.8,-6.988695652173913,11356897.5,8965822.5,17489375.0
BL030,Metaldehyde,50.0,1.0,2.0,3.0525102880658435,1.4067489711934156,223.8,-161.2,-6.7930735930735935,10641307.5,8457410.0,16733062.5
BL030,Metaldehyde,50.0,1.0,3.0,3.5128383067314366,1.155910247513301,258.4,-182.8,-15.10557939914163,12590105.0,9230317.5,15646405.0
BL030,Metaldehyde,50.0,1.0,4.0,3.074223815699138,1.0478297352963613,213.4,-144.6,-11.451063829787234,11321875.0,8765270.0,14984980.0
BL030,Metaldehyde,5.0,1.0,1.0,3.2400703871292107,1.6003854533266297,239.0,-200.4,-6.638260869565217,11027480.0,8552400.0,16966827.5
BL030,Metaldehyde,5.0,1.0,2.0,3.314007267922035,1.4933102081268583,229.8,-174.0,-8.566379310344828,11357275.0,8728940.0,16707247.5
BL030,Metaldehyde,5.0,1.0,3.0,3.516578840697203,1.2856911228212404,289.2,-200.8,-12.758823529411766,12082357.5,8717380.0,15561215.0
BL030,Metaldehyde,5.0,1.0,4.0,3.2761278805582603,1.3434761441090555,207.6,-160.8,-9.69957805907173,11127745.0,8773087.5,16127595.0
BL030,Metaldehyde,0.5,1.0,1.0,3.0738170874435715,1.4097140946330045,241.4,-794.8,-6.7322033898305085,10808360.0,7404277.5,15871080.0
BL030,Metaldehyde,0.5,1.0,2.0,2.9880914065014483,-0.006034760218860637,275.8,-1809.0,-20.738912133891212,10932637.5,7799595.0,15579490.0
BL030,Metaldehyde,0.5,1.0,3.0,3.428515070222503,1.4430329809057914,286.2,-188.6,-10.721030042918455,12230172.5,8913077.5,17112317.5
BL030,Metaldehyde,0.5,1.0,4.0,3.5057471264367814,1.2272895810159437,276.8,-211.0,-14.548523206751055,13119047.5,9524375.0,17156127.5
BL030,Metaldehyde,0.05,1.0,1.0,3.176567370973329,1.7743332178732247,258.0,-152.4,-3.97008547008547,10607975.0,8546955.0,17616420.0
BL030,Metaldehyde,0.05,1.0,2.0,3.132970835392981,2.132970835392981,225.4,-134.4,0.0,10382582.5,7471175.0,17423712.5
BL030,Metaldehyde,0.05,1.0,3.0,2.9950831187075626,1.9157106064153595,259.2,-163.0,-0.865531914893617,11093157.5,7853667.5,17895180.0
BL030,Metaldehyde,0.05,1.0,4.0,3.21580226904376,2.21580226904376,237.2,-158.4,0.0,10906535.0,7925492.5,18221425.0
BL030,Metaldehyde,500.0,2.0,1.0,15.970464135021096,14.970464135021096,37.2,-20.6,0.0,217300.0,724187.5,3511642.5
BL030,Metaldehyde,500.0,2.0,2.0,24.45413870246085,23.425055928411634,48.0,-24.8,-2.6,258080.0,812790.0,4077112.5
BL030,Metaldehyde,500.0,2.0,3.0,17.979118329466356,16.979118329466356,49.0,-32.2,0.0,300635.0,870045.0,3644490.0
BL030,Metaldehyde,500.0,2.0,4.0,16.091517857142858,15.091517857142858,51.6,-31.4,0.0,296400.0,843270.0,3391347.5
BL030,Metaldehyde,50.0,2.0,1.0,24.846153846153847,23.846153846153847,53.4,-23.4,0.0,219037.5,752015.0,4556852.5
BL030,Metaldehyde,50.0,2.0,2.0,19.28092243186583,18.033542976939202,40.6,-23.6,-23.6,266245.0,852335.0,3998760.0
BL030,Metaldehyde,50.0,2.0,3.0,21.31678486997636,20.31678486997636,56.4,-28.4,0.0,308020.0,892477.5,4008182.5
BL030,Metaldehyde,50.0,2.0,4.0,16.11062906724512,15.043383947939262,38.8,-25.2,-1.0333333333333334,296882.5,809542.5,3430562.5
BL030,Metaldehyde,5.0,2.0,1.0,17.8125,11.171875,45.0,-74.2,-8.713793103448277,179830.0,467522.5,3843085.0
BL030,Metaldehyde,5.0,2.0,2.0,16.962962962962962,15.962962962962964,47.2,-42.4,0.0,266917.5,890830.0,3705625.0
BL030,Metaldehyde,5.0,2.0,3.0,21.270334928229666,20.270334928229666,55.4,-28.8,0.0,300292.5,906037.5,3999957.5
BL030,Metaldehyde,5.0,2.0,4.0,16.71306209850107,15.713062098501071,44.2,-25.4,0.0,296410.0,840142.5,3607647.5
BL030,Metaldehyde,0.5,2.0,1.0,18.602298850574712,11.491954022988505,47.0,-99.8,-8.714754098360656,179975.0,466457.5,3882460.0
BL030,Metaldehyde,0.5,2.0,2.0,20.982261640798225,12.170731707317072,58.0,-148.4,-12.582142857142857,210190.0,560952.5,4449830.0
BL030,Metaldehyde,0.5,2.0,3.0,23.305361305361306,22.128205128205128,46.8,-31.0,-15.2,294530.0,938425.0,4300752.5
BL030,Metaldehyde,0.5,2.0,4.0,22.17056074766355,20.911214953271028,52.6,-43.2,-11.1,322487.5,931070.0,4183872.5
BL030,Metaldehyde,0.05,2.0,1.0,17.502380952380953,11.030952380952382,59.0,-84.4,-7.295238095238095,176762.5,441260.0,3565035.0
BL030,Metaldehyde,0.05,2.0,2.0,20.237327188940093,10.576036866359447,45.6,-124.8,-11.055882352941177,193185.0,501502.5,3988382.5
BL030,Metaldehyde,0.05,2.0,3.0,22.324444444444445,21.324444444444445,45.8,-31.4,0.0,299030.0,939165.0,4267825.0
BL030,Metaldehyde,0.05,2.0,4.0,22.16313559322034,21.108050847457626,64.4,-37.2,-5.2,307117.5,897110.0,4355260.0
BL030,Metaldehyde,500.0,3.0,1.0,72.46683046683047,71.46683046683047,158.8,-26.8,0.0,803390.0,1301880.0,7654952.5
BL030,Metaldehyde,500.0,3.0,2.0,63.22885572139303,62.22885572139303,141.6,-33.6,0.0,816695.0,1253827.5,6316997.5
BL030,Metaldehyde,500.0,3.0,3.0,72.70918367346938,71.70918367346938,170.2,-35.0,0.0,901980.0,1556965.0,7576515.0
BL030,Metaldehyde,500.0,3.0,4.0,71.14519906323186,69.91803278688525,203.6,-36.2,-19.4,966620.0,1628162.5,8016455.0
BL030,Metaldehyde,50.0,3.0,1.0,14.197771587743732,13.197771587743732,46.2,-28.2,0.0,713320.0,952282.5,3089922.5
BL030,Metaldehyde,50.0,3.0,2.0,17.785714285714285,16.785714285714285,50.8,-32.0,0.0,773445.0,1188920.0,3680942.5
BL030,Metaldehyde,50.0,3.0,3.0,88.46933333333334,86.27466666666666,196.0,-89.6,-89.6,910422.5,1468315.0,8251740.0
BL030,Metaldehyde,50.0,3.0,4.0,80.81141439205955,79.50372208436724,169.4,-36.0,-24.8,951372.5,1497580.0,8136567.5
BL030,Metaldehyde,5.0,3.0,1.0,14.2292817679558,13.096685082872929,43.2,-33.4,-3.2,714875.0,970327.5,3163550.0
BL030,Metaldehyde,5.0,3.0,2.0,75.75314861460957,74.75314861460957,154.8,-43.4,0.0,806370.0,1262712.5,7574525.0
BL030,Metaldehyde,5.0,3.0,3.0,30.634382566585955,29.634382566585955,81.4,-58.0,0.0,881842.5,1434332.5,5314427.5
BL030,Metaldehyde,5.0,3.0,4.0,84.74371859296483,83.74371859296483,215.2,-40.6,0.0,966482.5,1602240.0,8804277.5
BL030,Metaldehyde,0.5,3.0,1.0,14.27948717948718,10.753846153846155,50.6,-30.8,-2.3452380952380953,748390.0,1114555.0,3428515.0
BL030,Metaldehyde,0.5,3.0,2.0,12.530927835051546,10.780927835051546,45.0,-35.6,-0.8314285714285714,717885.0,976327.5,3078930.0
BL030,Metaldehyde,0.5,3.0,3.0,89.73696682464455,88.73696682464455,238.8,-41.8,0.0,923635.0,1522137.5,9352390.0
BL030,Metaldehyde,0.5,3.0,4.0,94.53180661577608,92.78117048346056,237.6,-59.0,-59.0,951210.0,1529677.5,9325695.0
BL030,Metaldehyde,0.05,3.0,1.0,11.985401459854014,10.440389294403893,55.6,-30.4,-0.6136986301369863,716535.0,968340.0,3134982.5
BL030,Metaldehyde,0.05,3.0,2.0,12.945945945945946,11.843243243243244,51.4,-31.4,-2.533333333333333,708567.5,961035.0,3064047.5
BL030,Metaldehyde,0.05,3.0,3.0,13.848039215686274,11.284313725490197,44.4,-40.8,-1.3720430107526882,805330.0,1190960.0,3619845.0
BL030,Metaldehyde,0.05,3.0,4.0,13.710462287104622,10.489051094890511,53.4,-46.6,-2.311392405063291,819075.0,1162340.0,3499262.5
BL030,Metaldehyde,500.0,4.0,1.0,23.002980625931446,22.002980625931446,175.2,-27.4,0.0,1147960.0,1540770.0,7740495.0
BL030,Metaldehyde,500.0,4.0,2.0,22.599837662337663,21.599837662337663,151.6,-32.8,0.0,1176165.0,1503047.5,6698945.0
BL030,Metaldehyde,500.0,4.0,3.0,27.370558375634516,26.370558375634516,219.6,-30.2,0.0,1289292.5,1609290.0,7548487.5
BL030,Metaldehyde,500.0,4.0,4.0,30.9024,29.9024,244.0,-353.2,0.0,1464425.0,1935335.0,9489965.0
BL030,Metaldehyde,50.0,4.0,1.0,7.683584456780333,6.683584456780333,81.8,-35.6,0.0,1113882.5,1284570.0,4038077.5
BL030,Metaldehyde,50.0,4.0,2.0,24.103499627699183,23.103499627699183,161.2,-125.4,0.0,1141822.5,1399902.5,7377145.0
BL030,Metaldehyde,50.0,4.0,3.0,30.957816377171216,29.957816377171216,236.6,-37.2,0.0,1289385.0,1573392.5,8526665.0
BL030,Metaldehyde,50.0,4.0,4.0,36.1017094017094,35.1017094017094,249.4,-43.0,0.0,1446802.5,1898862.5,10273877.5
BL030,Metaldehyde,5.0,4.0,1.0,5.748706577974871,4.748706577974871,87.0,-23.6,0.0,1166072.5,1293392.5,3646152.5
BL030,Metaldehyde,5.0,4.0,2.0,27.902077151335313,26.902077151335313,201.6,-31.6,0.0,1182182.5,1497455.0,8731657.5
BL030,Metaldehyde,5.0,4.0,3.0,28.58832684824903,27.58832684824903,238.2,-51.8,0.0,1344497.5,1659017.5,8493702.5
BL030,Metaldehyde,5.0,4.0,4.0,33.82869565217391,32.82869565217391,253.6,-40.0,0.0,1351992.5,1655700.0,8877270.0
BL030,Metaldehyde,0.5,4.0,1.0,5.491599707815924,4.468955441928415,90.4,-36.6,-6.2,1067302.5,1199600.0,3442402.5
BL030,Metaldehyde,0.5,4.0,2.0,5.665369649805448,4.665369649805448,63.4,-31.2,0.0,1083767.5,1210945.0,3441910.0
BL030,Metaldehyde,0.5,4.0,3.0,33.700345423143354,32.700345423143354,230.2,-38.6,0.0,1336637.5,1742765.0,9344630.0
BL030,Metaldehyde,0.5,4.0,4.0,28.93220338983051,27.93220338983051,231.8,-30.8,0.0,1454042.5,1877697.5,9058295.0
BL030,Metaldehyde,0.05,4.0,1.0,5.615958240119314,4.615958240119314,69.8,-30.6,0.0,1041537.5,1210832.5,3478710.0
BL030,Metaldehyde,0.05,4.0,2.0,5.6377473363774735,4.6377473363774735,79.2,-23.2,0.0,1056932.5,1178460.0,3403792.5
BL030,Metaldehyde,0.05,4.0,3.0,6.846774193548387,5.846774193548387,77.2,-57.2,0.0,1193655.0,1330285.0,4251535.0
BL030,Metaldehyde,0.05,4.0,4.0,6.464864864864865,5.464864864864865,194.4,-161.6,0.0,1194680.0,1322342.5,4180395.0
BL030,Metaldehyde,500.0,5.0,1.0,40.883381924198254,39.883381924198254,158.6,-18.8,0.0,727937.5,1191542.5,7068790.0
BL030,Metaldehyde,500.0,5.0,2.0,36.64355062413315,35.64355062413315,141.8,-22.0,0.0,733787.5,1192390.0,6832940.0
BL030,Metaldehyde,500.0,5.0,3.0,37.425954198473285,36.425954198473285,136.8,-33.0,0.0,800137.5,1244180.0,6534575.0
BL030,Metaldehyde,500.0,5.0,4.0,45.56288343558282,44.56288343558282,175.2,-93.2,0.0,902255.0,1466590.0,7983552.5
BL030,Metaldehyde,50.0,5.0,1.0,53.27878787878788,52.27878787878788,174.4,-26.6,0.0,730915.0,1255897.5,8770937.5
BL030,Metaldehyde,50.0,5.0,2.0,14.065052950075643,13.065052950075643,55.0,-19.2,0.0,650992.5,860852.5,3340275.0
BL030,Metaldehyde,50.0,5.0,3.0,58.54245283018868,57.54245283018868,206.2,-28.4,0.0,851115.0,1413072.5,9236370.0
BL030,Metaldehyde,50.0,5.0,4.0,52.90868263473054,51.90868263473054,161.0,-39.2,0.0,940927.5,1635085.0,9113470.0
BL030,Metaldehyde,5.0,5.0,1.0,12.419398907103826,11.419398907103826,56.4,-27.6,0.0,713352.5,1029747.5,3529132.5
BL030,Metaldehyde,5.0,5.0,2.0,15.760061919504643,14.760061919504643,47.2,-18.8,0.0,667335.0,892600.0,3562042.5
BL030,Metaldehyde,5.0,5.0,3.0,17.066985645933013,16.066985645933013,60.2,-41.0,0.0,745292.5,981790.0,4102897.5
BL030,Metaldehyde,5.0,5.0,4.0,65.21461897356143,64.21461897356143,244.6,-286.2,0.0,929685.0,1541417.5,10865437.5
BL030,Metaldehyde,0.5,5.0,1.0,13.134078212290502,12.134078212290502,48.2,-23.8,0.0,720212.5,1039567.5,3582790.0
BL030,Metaldehyde,0.5,5.0,2.0,15.43202416918429,14.43202416918429,76.0,-42.6,0.0,665665.0,892757.5,3551922.5
BL030,Metaldehyde,0.5,5.0,3.0,17.566718995290422,16.566718995290422,86.8,-52.8,0.0,779137.5,1037550.0,4332280.0
BL030,Metaldehyde,0.5,5.0,4.0,15.34775641025641,14.34775641025641,62.0,-48.2,0.0,756852.5,1004380.0,3858845.0
BL030,Metaldehyde,0.05,5.0,1.0,12.587345254470426,11.587345254470426,55.0,-25.8,0.0,665747.5,914795.0,3447597.5
BL030,Metaldehyde,0.05,5.0,2.0,13.877579092159559,12.877579092159559,49.4,-20.4,0.0,674797.5,908260.0,3529722.5
BL030,Metaldehyde,0.05,5.0,3.0,15.061340941512125,14.061340941512125,76.4,-68.6,0.0,792355.0,1061372.5,4195405.0
BL030,Metaldehyde,0.05,5.0,4.0,13.955290611028316,12.955290611028316,77.2,-73.0,0.0,754452.5,1001282.5,3779347.5
BL030,Boric Acid,500.0,1.0,1.0,9.490218642117377,-0.7648638281549673,180.8,-218.6,-19.940495867768593,5898865.0,2052952.5,1770337.5
BL030,Boric Acid,500.0,1.0,2.0,10.1636798088411,-0.6630824372759857,217.8,-256.8,-20.392561983471076,6077022.5,2156957.5,1720847.5
BL030,Boric Acid,500.0,1.0,3.0,9.907334384858045,-0.6813880126182965,218.0,-209.6,-20.013991769547324,6173085.0,2190522.5,1771557.5
BL030,Boric Acid,500.0,1.0,4.0,11.333878218226399,-0.446669391091132,229.4,-226.8,-21.892116182572614,6601805.0,2187315.0,1958227.5
BL030,Boric Acid,50.0,1.0,1.0,9.0653983353151,-0.3912009512485137,205.8,-221.8,-17.63305785123967,5368317.5,1766555.0,1727620.0
BL030,Boric Acid,50.0,1.0,2.0,9.264705882352942,-0.32120743034055727,247.2,-224.2,-18.260082304526748,5782350.0,1905295.0,1975350.0
BL030,Boric Acid,50.0,1.0,3.0,9.400632161201106,-0.2500987751876729,238.0,-202.4,-18.09504132231405,5814197.5,1898050.0,1440940.0
BL030,Boric Acid,50.0,1.0,4.0,9.718772826880935,-0.2275383491599708,247.8,-235.6,-20.160493827160494,6420712.5,1968457.5,2000287.5
BL030,Boric Acid,5.0,1.0,1.0,9.13506916192026,-0.15703824247355574,226.0,-199.2,-16.844628099173555,5434357.5,1816500.0,1975862.5
BL030,Boric Acid,5.0,1.0,2.0,9.415384615384616,0.05197505197505198,216.4,-215.8,-16.48688524590164,5544440.0,1842472.5,2415685.0
BL030,Boric Acid,5.0,1.0,3.0,9.153076923076924,-0.35923076923076924,233.0,-221.2,-18.140983606557377,5873262.5,1867485.0,1809877.5
BL030,Boric Acid,5.0,1.0,4.0,10.620377655389458,-0.6880409126671911,243.6,-227.0,-21.656198347107438,6445915.0,1934170.0,1601502.5
BL030,Boric Acid,0.5,1.0,1.0,9.07273466070703,-0.24339699309223892,236.2,-216.6,-16.844444444444445,5499815.0,1740367.5,1865585.0
BL030,Boric Acid,0.5,1.0,2.0,9.429752066115702,-0.5285123966942149,220.0,-217.6,-17.76967213114754,5616285.0,1736355.0,1661592.5
BL030,Boric Acid,0.5,1.0,3.0,9.818690095846645,-0.09664536741214058,246.2,-216.0,-18.449586776859505,6011362.5,1877570.0,2219147.5
BL030,Boric Acid,0.5,1.0,4.0,8.602400873044743,-0.7646416878865042,220.0,-205.2,-19.009090909090908,5953060.0,1677067.5,881212.5
BL030,Boric Acid,0.05,1.0,1.0,9.041528239202657,-0.13704318936877077,212.8,-194.2,-16.20905349794239,5344547.5,1741602.5,2132320.0
BL030,Boric Acid,0.05,1.0,2.0,8.4337899543379,-0.4159056316590563,219.8,-238.2,-17.048760330578514,5461017.5,1624522.5,1758252.5
BL030,Boric Acid,0.05,1.0,3.0,9.324719101123595,-0.6449438202247191,241.8,-220.4,-19.792561983471074,6061972.5,1833597.5,1712825.0
BL030,Boric Acid,0.05,1.0,4.0,8.95169265880563,-0.3164701407379232,240.4,-194.4,-17.964462809917354,5818595.0,1580395.0,1321530.0
BL030,Boric Acid,500.0,2.0,1.0,2.060094299185598,-0.9553364766395199,884.2,-817.6,-51.86029411764706,13328515.0,6276995.0,3220250.0
BL030,Boric Acid,500.0,2.0,2.0,2.109423122482824,-0.9596955697701967,1304.4,-824.6,-51.375,13151127.5,6204040.0,3281265.0
BL030,Boric Acid,500.0,2.0,3.0,2.5008691813139814,-0.9588311580806269,1328.2,-936.6,-65.30549450549451,15046612.5,6427402.5,3317717.5
BL030,Boric Acid,500.0,2.0,4.0,2.449636527193601,-0.9695120468746201,2206.2,-1184.2,-72.8952380952381,16326485.0,6323955.0,3244422.5
BL030,Boric Acid,50.0,2.0,1.0,2.1101618466436722,-0.8404085964446802,1453.0,-847.0,-53.858608058608056,13707457.5,5343297.5,4140502.5
BL030,Boric Acid,50.0,2.0,2.0,2.233739451333677,-0.9652674137790682,1567.8,-812.0,-59.36996336996337,14026130.0,5381307.5,2522655.0
BL030,Boric Acid,50.0,2.0,3.0,2.4140622911375487,-0.9583745488571047,1701.0,-962.6,-65.01172161172161,14631300.0,5461182.5,2547237.5
BL030,Boric Acid,50.0,2.0,4.0,2.203538577060259,-0.9403041111319692,1872.4,-1174.4,-66.68759124087592,14190490.0,4478730.0,4737035.0
BL030,Boric Acid,5.0,2.0,1.0,2.0192822242903676,-0.9678920428106096,1020.6,-810.0,-50.05641025641026,12276402.5,4989237.5,2253435.0
BL030,Boric Acid,5.0,2.0,2.0,2.194563470808784,-0.9692019282271023,1534.6,-834.6,-59.19047619047619,13936217.5,5072210.0,2325957.5
BL030,Boric Acid,5.0,2.0,3.0,2.542516310430486,-0.9709824475199956,1682.4,-994.8,-67.45567765567766,14913197.5,5250672.5,2232480.0
BL030,Boric Acid,5.0,2.0,4.0,2.3401528832595306,-0.9835984464290132,1855.4,-1223.4,-68.81538461538462,15174312.5,5005587.5,2019120.0
BL030,Boric Acid,0.5,2.0,1.0,2.4051730998806207,-0.9819604722111686,1785.0,-932.0,-65.92161172161173,15068102.5,4798115.0,1907815.0
BL030,Boric Acid,0.5,2.0,2.0,2.3675209049332935,-0.9704489486645198,1692.6,-1002.6,-63.29304029304029,14619677.5,5096472.5,2165912.5
BL030,Boric Acid,0.5,2.0,3.0,2.5881499726327313,-0.9748768472906404,1873.8,-1102.6,-68.61025641025641,14973662.5,5142517.5,2176010.0
BL030,Boric Acid,0.5,2.0,4.0,2.3110651804827635,-0.9853350065205089,2158.4,-1525.4,-68.37216117216117,14829885.0,4771152.5,1870435.0
BL030,Boric Acid,0.05,2.0,1.0,2.309351175561124,-0.9772085088233726,1686.8,-949.6,-62.84102564102564,14617375.0,4822062.5,1985840.0
BL030,Boric Acid,0.05,2.0,2.0,2.4521845141901277,-0.9771483655127442,1595.8,-959.6,-62.772893772893774,14538757.5,4796757.5,1934372.5
BL030,Boric Acid,0.05,2.0,3.0,2.4276165210153975,-0.9772679983354141,2061.4,-1129.4,-67.73846153846154,15020300.0,4986665.0,1983275.0
BL030,Boric Acid,0.05,2.0,4.0,2.469968778112928,-0.9846271895009789,2246.4,-1219.8,-67.96263736263737,14933855.0,4622127.5,1773810.0
BL030,Boric Acid,500.0,3.0,1.0,25.13400182315406,1.8796718322698267,173.0,-346.4,-23.250476190476192,3909200.0,3206997.5,1046312.5
BL030,Boric Acid,500.0,3.0,2.0,24.60326086956522,2.288949275362319,170.8,-348.6,-22.199056603773585,4064482.5,2920897.5,1119552.5
BL030,Boric Acid,500.0,3.0,3.0,17.17281728172817,1.9522952295229523,105.2,-195.6,-15.11866028708134,3139215.0,2880112.5,1701280.0
BL030,Boric Acid,500.0,3.0,4.0,24.487993138936535,1.846483704974271,177.8,-349.4,-23.693896713615022,4162032.5,3285990.0,1131045.0
BL030,Boric Acid,50.0,3.0,1.0,23.643115942028984,1.306159420289855,147.6,-351.4,-22.222641509433963,3969552.5,2803297.5,1081420.0
BL030,Boric Acid,50.0,3.0,2.0,22.345454545454544,1.7227272727272727,177.6,-310.6,-20.36320754716981,3737577.5,2801707.5,1098297.5
BL030,Boric Acid,50.0,3.0,3.0,15.994001713796058,2.019708654670094,110.6,-184.8,-14.488995215311006,3230877.5,2715172.5,1723652.5
BL030,Boric Acid,50.0,3.0,4.0,15.79016393442623,1.8631147540983606,125.2,-195.2,-15.091866028708134,3327132.5,2734097.5,1694772.5
BL030,Boric Acid,5.0,3.0,1.0,23.634349030470915,0.9732225300092336,163.4,-310.6,-21.522018348623853,4150052.5,2514747.5,1190460.0
BL030,Boric Acid,5.0,3.0,2.0,24.81238447319778,1.5129390018484288,177.8,-354.4,-22.4446511627907,4167237.5,2673582.5,1168997.5
BL030,Boric Acid,5.0,3.0,3.0,17.38292011019284,2.370064279155188,153.0,-183.0,-14.261682242990654,3231107.5,2593430.0,1716285.0
BL030,Boric Acid,5.0,3.0,4.0,17.224048442906575,1.9749134948096885,131.6,-207.0,-15.762679425837321,3341155.0,2946132.5,1696805.0
BL030,Boric Acid,0.5,3.0,1.0,25.701949860724234,1.4633240482822656,178.4,-357.0,-23.61132075471698,4076662.5,3115355.0,1119032.5
BL030,Boric Acid,0.5,3.0,2.0,23.52914798206278,1.9641255605381165,153.0,-338.8,-21.632075471698112,4059640.0,2756912.5,1099057.5
BL030,Boric Acid,0.5,3.0,3.0,25.247395833333332,1.2838541666666667,211.6,-351.6,-24.956603773584906,4383977.5,3103335.0,1060585.0
BL030,Boric Acid,0.5,3.0,4.0,17.002597402597402,2.153246753246753,137.0,-198.4,-15.307177033492822,3354675.0,2754112.5,1659235.0
BL030,Boric Acid,0.05,3.0,1.0,23.20288548241659,1.532912533814247,182.8,-328.6,-21.62547169811321,3970275.0,2728350.0,1095330.0
BL030,Boric Acid,0.05,3.0,2.0,25.887477313974593,1.204174228675136,182.4,-380.0,-24.621698113207547,4227415.0,3166230.0,1126087.5
BL030,Boric Acid,0.05,3.0,3.0,16.175064047822374,1.9026473099914603,130.0,-183.0,-14.801904761904762,3259995.0,2749042.5,1631412.5
BL030,Boric Acid,0.05,3.0,4.0,17.78299379982285,2.1266607617360496,131.4,-203.2,-15.83444976076555,3366840.0,2872970.0,1642457.5
BL030,Boric Acid,500.0,4.0,1.0,2177.777777777778,1569.6944444444443,467.4,-1462.0,-69.38095238095238,165765.0,3634480.0,35721847.5
BL030,Boric Acid,500.0,4.0,2.0,2812.5806451612902,2030.5483870967741,615.8,-1662.6,-76.86349206349206,166965.0,3692222.5,38863540.0
BL030,Boric Acid,500.0,4.0,3.0,2875.375,1937.3125,579.6,-1843.8,-90.86666666666666,170095.0,3792092.5,39930887.5
BL030,Boric Acid,500.0,4.0,4.0,3060.0,2173.862068965517,657.0,-1643.4,-72.30704225352113,170562.5,3804800.0,39386537.5
BL030,Boric Acid,50.0,4.0,1.0,2035.5882352941176,1577.6764705882354,452.2,-1195.4,-41.986486486486484,143855.0,3130510.0,32212802.5
BL030,Boric Acid,50.0,4.0,2.0,2593.4827586206898,2047.9655172413793,535.4,-1414.8,-42.10933333333333,138477.5,3179257.5,34163312.5
BL030,Boric Acid,50.0,4.0,3.0,2381.548387096774,1888.3225806451612,484.8,-1222.8,-40.15526315789474,142267.5,3153340.0,33600692.5
BL030,Boric Acid,50.0,4.0,4.0,1845.6944444444443,582.4444444444445,498.8,-904.2,-76.37142857142857,151177.5,3562245.0,24625857.5
BL030,Boric Acid,5.0,4.0,1.0,2082.84375,1636.53125,435.6,-1171.6,-37.5,138875.0,3016677.5,31135730.0
BL030,Boric Acid,5.0,4.0,2.0,2148.5151515151515,1787.2727272727273,479.8,-1314.8,-32.12972972972973,138637.5,2999827.5,32659925.0
BL030,Boric Acid,5.0,4.0,3.0,2056.2,657.1,506.8,-789.0,-71.08983050847458,143262.5,3244672.5,23361147.5
BL030,Boric Acid,5.0,4.0,4.0,2002.060606060606,651.5454545454545,556.6,-896.6,-74.22333333333333,150615.0,3444972.5,24548090.0
BL030,Boric Acid,0.5,4.0,1.0,1926.054054054054,1534.4324324324325,478.0,-1266.2,-39.06216216216216,135105.0,2947165.0,32792015.0
BL030,Boric Acid,0.5,4.0,2.0,2444.09375,1902.21875,628.6,-1501.2,-44.37948717948718,137027.5,3127617.5,34812832.5
BL030,Boric Acid,0.5,4.0,3.0,2126.5,683.7,522.0,-903.2,-72.69579831932774,142772.5,3220352.5,24128022.5
BL030,Boric Acid,0.5,4.0,4.0,1866.611111111111,587.8333333333334,540.2,-972.8,-77.3109243697479,150182.5,3474420.0,24884467.5
BL030,Boric Acid,0.05,4.0,1.0,1884.1935483870968,637.6774193548387,472.6,-757.0,-64.35166666666667,140745.0,3260647.5,22667947.5
BL030,Boric Acid,0.05,4.0,2.0,2213.972222222222,1624.7222222222222,558.6,-1356.0,-54.3,138555.0,3132690.0,34560710.0
BL030,Boric Acid,0.05,4.0,3.0,2319.030303030303,1088.7878787878788,710.6,-1204.2,-104.01282051282051,135792.5,3150055.0,30806317.5
BL030,Boric Acid,0.05,4.0,4.0,2236.189189189189,1052.7027027027027,852.8,-1353.6,-109.38,141637.5,3159042.5,32148095.0
BL030,Boric Acid,500.0,5.0,1.0,19.77713059472716,9.334457388105458,501.2,-453.8,-45.973134328358206,8772515.0,18453337.5,29055145.0
BL030,Boric Acid,500.0,5.0,2.0,18.382756563245824,8.134546539379475,470.2,-456.0,-46.26865671641791,9233725.0,18210110.0,27571492.5
BL030,Boric Acid,500.0,5.0,3.0,19.19743513271697,9.175365344467641,490.4,-357.6,-42.015277777777776,9560465.0,18887940.0,28942987.5
BL030,Boric Acid,500.0,5.0,4.0,13.429350947731189,6.921309592188398,389.2,-343.0,-25.917567567567566,8658030.0,15400022.5,24925667.5
BL030,Boric Acid,50.0,5.0,1.0,15.405805687203792,5.986078199052133,440.6,-376.0,-42.42537313432836,8667287.5,15790825.0,21809350.0
BL030,Boric Acid,50.0,5.0,2.0,15.580683863227355,6.987702459508099,391.6,-326.8,-33.091503267973856,8949500.0,16119202.5,20609565.0
BL030,Boric Acid,50.0,5.0,3.0,9.030840849578121,2.2525458248472505,283.0,-247.4,-17.344978165938866,7262317.5,9287290.0,12557777.5
BL030,Boric Acid,50.0,5.0,4.0,8.758525852585258,2.298679867986799,293.6,-281.2,-17.262608695652172,7436977.5,10142542.5,13930620.0
BL030,Boric Acid,5.0,5.0,1.0,14.849359928550165,5.61982732956237,390.2,-351.0,-41.25820895522388,8324922.5,15046352.5,21111302.5
BL030,Boric Acid,5.0,5.0,2.0,8.908114558472553,2.0713007159904535,257.2,-243.6,-16.86637931034483,6987482.5,8756662.5,11591522.5
BL030,Boric Acid,5.0,5.0,3.0,9.605979073243647,2.5698056801195817,252.8,-197.2,-17.63406113537118,7442935.0,9870587.5,13365047.5
BL030,Boric Acid,5.0,5.0,4.0,15.386206896551725,5.525793103448276,465.4,-464.0,-45.55886524822695,9432987.5,17175452.5,22787082.5
BL030,Boric Acid,0.5,5.0,1.0,9.296296296296296,2.0385802469135803,254.0,-248.6,-17.707423580786028,6977850.0,8676485.0,11090727.5
BL030,Boric Acid,0.5,5.0,2.0,9.392954752505315,2.117825690859399,269.4,-298.0,-18.047161572052403,7109750.0,8917410.0,11562805.0
BL030,Boric Acid,0.5,5.0,3.0,9.170767428236672,2.441710603397774,265.4,-181.6,-16.861206896551725,7280552.5,9765977.5,13307395.0
BL030,Boric Acid,0.5,5.0,4.0,8.836142580823433,2.514230450400663,281.6,-288.6,-16.747826086956522,7415135.0,10329437.5,14325745.0
BL030,Boric Acid,0.05,5.0,1.0,8.62739322533137,1.8488954344624449,251.6,-209.8,-16.912068965517243,6846280.0,8524070.0,11049947.5
BL030,Boric Acid,0.05,5.0,2.0,8.871627631188852,1.9916987844648681,268.8,-195.4,-17.321397379912664,6968667.5,8934757.5,11618485.0
BL030,Boric Acid,0.05,5.0,3.0,9.409291384886798,2.5627756542193474,255.8,-209.4,-17.290434782608695,7402245.0,9956010.0,13416975.0
BL030,Boric Acid,0.05,5.0,4.0,16.257549361207897,6.361498257839721,500.8,-424.2,-41.402702702702705,9012007.5,16939670.0,20849555.0
BL030,Diazinon,500.0,1.0,1.0,1.0,-0.36363636363636365,1.4,-1.4,-0.005555555555555556,4490.0,3202.5,6452.5
BL030,Diazinon,500.0,1.0,2.0,1.4666666666666666,-0.7666666666666667,3.0,-3.0,-0.02681159420289855,9780.0,4212.5,5905.0
BL030,Diazinon,500.0,1.0,3.0,47.85507246376812,46.85507246376812,29.6,-23.6,0.0,32995.0,117702.5,1521440.0
BL030,Diazinon,500.0,1.0,4.0,2.830357142857143,0.07738095238095238,11.0,-15.4,-0.6167539267015707,208795.0,287187.5,333857.5
BL030,Diazinon,50.0,1.0,1.0,1.2352941176470589,-0.7058823529411765,1.6,-1.4,-0.011552346570397111,4700.0,2807.5,3612.5
BL030,Diazinon,50.0,1.0,2.0,1.4848484848484849,-0.7878787878787878,2.0,-1.8,-0.030656934306569343,9992.5,4025.0,5552.5
BL030,Diazinon,50.0,1.0,3.0,1.2878787878787878,-0.7272727272727273,2.2,-2.8,-0.04926470588235294,18117.5,8810.0,13297.5
BL030,Diazinon,50.0,1.0,4.0,7.562300319488818,6.562300319488818,21.2,-13.0,0.0,197435.0,196780.0,767290.0
BL030,Diazinon,5.0,1.0,1.0,1.6491228070175439,-0.8508771929824561,4.2,-4.4,-0.12713754646840147,42105.0,12670.0,22087.5
BL030,Diazinon,5.0,1.0,2.0,1.1515151515151516,-0.9090909090909091,1.4,-1.8,-0.024390243902439025,7672.5,3215.0,3882.5
BL030,Diazinon,5.0,1.0,3.0,1.0,-0.7105263157894737,2.8,-2.6,-0.0375,15995.0,6897.5,10512.5
BL030,Diazinon,5.0,1.0,4.0,6.290322580645161,5.274193548387097,12.8,-8.8,-0.2,50985.0,22325.0,315000.0
BL030,Diazinon,0.5,1.0,1.0,1.0,-0.875,1.4,-1.4,-0.014583333333333334,4485.0,2437.5,3125.0
BL030,Diazinon,0.5,1.0,2.0,1.125,-0.90625,1.8,-1.8,-0.024175824175824177,7827.5,2935.0,3515.0
BL030,Diazinon,0.5,1.0,3.0,1.135135135135135,-0.8243243243243243,3.6,-2.2,-0.05220588235294118,16615.0,7052.5,10870.0
BL030,Diazinon,0.5,1.0,4.0,2.529616724738676,-0.7491289198606271,9.4,-20.0,-0.9688888888888889,177110.0,194797.5,145675.0
BL030,Diazinon,0.05,1.0,1.0,1.0,-0.7857142857142857,1.0,-1.0,-0.007638888888888889,1830.0,1172.5,1480.0
BL030,Diazinon,0.05,1.0,2.0,1.1944444444444444,-0.8888888888888888,2.8,-2.6,-0.028888888888888888,9527.5,3910.0,4637.5
BL030,Diazinon,0.05,1.0,3.0,1.9878787878787878,0.9878787878787879,6.0,-7.4,0.0,73640.0,52722.5,95590.0
BL030,Diazinon,0.05,1.0,4.0,4.546296296296297,0.7438271604938271,15.8,-44.8,-1.2026490066225166,235152.5,427005.0,165045.0
BL030,Diazinon,500.0,2.0,1.0,1.0769230769230769,-0.6538461538461539,1.4,-1.4,-0.0132404181184669,4942.5,2907.5,4847.5
BL030,Diazinon,500.0,2.0,2.0,1.264367816091954,-0.7241379310344828,3.6,-2.8,-0.06099290780141844,19137.5,8105.0,14380.0
BL030,Diazinon,500.0,2.0,3.0,164.29716981132074,161.79245283018867,149.6,-68.8,-3.5444444444444443,122055.0,2024422.5,21091487.5
BL030,Diazinon,500.0,2.0,4.0,49.18550724637681,22.295652173913044,118.8,-64.0,-14.523577235772358,441115.0,3814885.0,8944140.0
BL030,Diazinon,50.0,2.0,1.0,1.0,-0.896551724137931,1.4,-1.6,-0.018055555555555554,3885.0,1857.5,2357.5
BL030,Diazinon,50.0,2.0,2.0,1.303370786516854,-0.8202247191011236,4.6,-3.8,-0.07042253521126761,18865.0,6392.5,11915.0
BL030,Diazinon,50.0,2.0,3.0,1.9897435897435898,0.7589743589743589,9.4,-7.4,-0.05084745762711865,70452.5,113312.5,229100.0
BL030,Diazinon,50.0,2.0,4.0,3.601769911504425,1.9410029498525074,24.8,-13.6,-0.2,327285.0,297002.5,524967.5
BL030,Diazinon,5.0,2.0,1.0,1.1390728476821192,-0.9139072847682119,4.2,-5.4,-0.110801393728223,15145.0,4735.0,9575.0
BL030,Diazinon,5.0,2.0,2.0,1.1917808219178083,-0.8904109589041096,2.0,-2.8,-0.05524475524475524,13087.5,3987.5,6147.5
BL030,Diazinon,5.0,2.0,3.0,2.050925925925926,0.9120370370370371,11.4,-8.8,-0.04838709677419355,78060.0,75747.5,202805.0
BL030,Diazinon,5.0,2.0,4.0,6.941988950276243,5.861878453038674,28.8,-20.4,-2.9,354817.5,396747.5,1132370.0
BL030,Diazinon,0.5,2.0,1.0,1.0,-0.9411764705882353,1.4,-1.2,-0.022222222222222223,5390.0,2827.5,3322.5
BL030,Diazinon,0.5,2.0,2.0,1.2868852459016393,-0.8770491803278688,4.4,-4.0,-0.09964912280701754,17297.5,5562.5,12077.5
BL030,Diazinon,0.5,2.0,3.0,1.4166666666666667,-0.5166666666666667,11.6,-6.6,-0.11789473684210526,42857.5,15297.5,24407.5
BL030,Diazinon,0.5,2.0,4.0,50.146131805157594,7.684813753581662,75.0,-537.4,-45.21875,420992.5,1019145.0,5141817.5
BL030,Diazinon,0.05,2.0,1.0,1.0,-0.9583333333333334,1.0,-1.4,-0.01597222222222222,2730.0,1322.5,1510.0
BL030,Diazinon,0.05,2.0,2.0,1.103896103896104,-0.9090909090909091,1.8,-3.2,-0.05473684210526316,13832.5,3640.0,4772.5
BL030,Diazinon,0.05,2.0,3.0,4.785714285714286,-0.1402116402116402,21.4,-51.8,-1.658100558659218,363070.0,493882.5,113185.0
BL030,Diazinon,0.05,2.0,4.0,6.0,-0.36666666666666664,23.0,-65.0,-2.476923076923077,381547.5,673337.5,149680.0
BL030,Diazinon,500.0,3.0,1.0,1.0,-0.8333333333333334,1.6,-2.8,-0.024305555555555556,8197.5,4352.5,7472.5
BL030,Diazinon,500.0,3.0,2.0,1.0114942528735633,-0.7701149425287356,2.8,-3.0,-0.04755244755244755,21772.5,12252.5,17002.5
BL030,Diazinon,500.0,3.0,3.0,21.986301369863014,20.986301369863014,24.6,-21.4,0.0,49545.0,74917.5,1340947.5
BL030,Diazinon,500.0,3.0,4.0,3.2925851703406814,1.1002004008016033,29.2,-18.2,-0.7484276729559748,287467.5,476537.5,928827.5
BL030,Diazinon,50.0,3.0,1.0,1.1666666666666667,-0.8666666666666667,1.4,-1.8,-0.021602787456445994,6790.0,3075.0,4085.0
BL030,Diazinon,50.0,3.0,2.0,1.0666666666666667,-0.6666666666666666,2.6,-3.0,-0.038461538461538464,18757.5,10667.5,18520.0
BL030,Diazinon,50.0,3.0,3.0,1.3681318681318682,-0.8021978021978022,5.2,-6.0,-0.15268817204301074,49172.5,22815.0,34082.5
BL030,Diazinon,50.0,3.0,4.0,1.5318725099601593,-0.7669322709163346,15.6,-10.6,-0.5195219123505976,221632.5,108052.5,108407.5
BL030,Diazinon,5.0,3.0,1.0,1.0,-0.9,1.4,-1.2,-0.01875,5490.0,2727.5,3505.0
BL030,Diazinon,5.0,3.0,2.0,1.1168831168831168,-0.8961038961038961,2.6,-3.4,-0.05531914893617021,16977.5,5527.5,7352.5
BL030,Diazinon,5.0,3.0,3.0,1.2955974842767295,-0.4779874213836478,6.8,-5.4,-0.08848920863309352,41242.5,16680.0,25907.5
BL030,Diazinon,5.0,3.0,4.0,1.6382113821138211,0.22560975609756098,18.2,-15.0,-0.1624,241925.0,142810.0,348717.5
BL030,Diazinon,0.5,3.0,1.0,1.0,-0.8888888888888888,1.6,-2.0,-0.027777777777777776,7352.5,3475.0,4367.5
BL030,Diazinon,0.5,3.0,2.0,1.0405405405405406,-0.918918918918919,2.4,-2.6,-0.05017667844522968,16067.5,5387.5,6800.0
BL030,Diazinon,0.5,3.0,3.0,1.1045751633986929,-0.8300653594771242,2.6,-3.6,-0.10035087719298245,26180.0,8350.0,17827.5
BL030,Diazinon,0.5,3.0,4.0,17.74846625766871,13.531697341513292,47.4,-52.8,-3.658139534883721,594892.5,1077472.5,5206822.5
BL030,Diazinon,0.05,3.0,1.0,1.0,-0.90625,1.4,-1.4,-0.02013888888888889,6430.0,3265.0,3887.5
BL030,Diazinon,0.05,3.0,2.0,1.1125,-0.675,2.4,-3.2,-0.04421052631578947,19247.5,9002.5,15095.0
BL030,Diazinon,0.05,3.0,3.0,1.1730769230769231,-0.8653846153846154,3.6,-4.2,-0.11408450704225352,27197.5,8367.5,14862.5
BL030,Diazinon,0.05,3.0,4.0,4.988258317025441,-0.6908023483365949,22.8,-65.0,-2.671508379888268,515390.0,662072.5,78970.0
BL030,Diazinon,500.0,4.0,1.0,1.15,-0.5833333333333334,2.4,-2.6,-0.031205673758865248,16572.5,8537.5,14972.5
BL030,Diazinon,500.0,4.0,2.0,1.2710280373831775,-0.822429906542056,3.2,-4.0,-0.08297872340425531,28107.5,10985.0,14922.5
BL030,Diazinon,500.0,4.0,3.0,47.01538461538462,46.01538461538462,55.0,-17.6,0.0,48945.0,68780.0,2312570.0
BL030,Diazinon,500.0,4.0,4.0,7.5576519916142555,4.150943396226415,30.2,-23.0,-2.1866666666666665,345180.0,751622.5,2291142.5
BL030,Diazinon,50.0,4.0,1.0,1.1481481481481481,-0.8765432098765432,2.8,-2.2,-0.05804195804195804,17602.5,6077.5,8167.5
BL030,Diazinon,50.0,4.0,2.0,1.3975903614457832,-0.891566265060241,5.2,-3.8,-0.07508771929824562,21107.5,6970.0,10452.5
BL030,Diazinon,50.0,4.0,3.0,1.2479674796747968,-0.6300813008130082,8.8,-6.8,-0.15157894736842106,63602.5,49685.0,88380.0
BL030,Diazinon,50.0,4.0,4.0,2.0065789473684212,-0.15570175438596492,23.4,-10.8,-0.4140625,276042.5,166167.5,269987.5
BL030,Diazinon,5.0,4.0,1.0,1.0,-0.9411764705882353,2.2,-2.8,-0.03333333333333333,9945.0,3995.0,5045.0
BL030,Diazinon,5.0,4.0,2.0,1.3412698412698412,-0.8968253968253969,7.4,-8.6,-0.10947368421052632,24805.0,7305.0,12562.5
BL030,Diazinon,5.0,4.0,3.0,1.1428571428571428,-0.8154761904761905,4.8,-4.6,-0.11219512195121951,28097.5,10062.5,19687.5
BL030,Diazinon,5.0,4.0,4.0,11.942528735632184,10.816091954022989,39.0,-36.8,-6.6,385195.0,498810.0,3199925.0
BL030,Diazinon,0.5,4.0,1.0,1.1666666666666667,-0.96875,2.8,-3.8,-0.07649122807017544,19330.0,5415.0,6152.5
BL030,Diazinon,0.5,4.0,2.0,1.0,-0.9122807017543859,1.8,-2.6,-0.03611111111111111,11632.5,4612.5,6270.0
BL030,Diazinon,0.5,4.0,3.0,1.2980132450331126,-0.8675496688741722,7.6,-4.4,-0.12307692307692308,26105.0,7630.0,16152.5
BL030,Diazinon,0.5,4.0,4.0,5.629139072847682,0.5805739514348786,28.4,-67.4,-1.9104166666666667,510365.0,816910.0,260252.5
BL030,Diazinon,0.05,4.0,1.0,1.0,-0.8805970149253731,2.2,-2.4,-0.04097222222222222,13615.0,5290.0,6557.5
BL030,Diazinon,0.05,4.0,2.0,1.096,-0.904,2.4,-3.2,-0.08771929824561403,22205.0,6410.0,8047.5
BL030,Diazinon,0.05,4.0,3.0,1.213235294117647,-0.9044117647058824,4.0,-3.8,-0.1062937062937063,23567.5,7190.0,9575.0
BL030,Diazinon,0.05,4.0,4.0,3.4191616766467066,-0.3073852295409182,21.0,-42.0,-1.3592039800995024,429102.5,437372.5,130135.0
BL030,Diazinon,500.0,5.0,1.0,1.2,-0.8666666666666667,2.2,-2.4,-0.022377622377622378,4765.0,2515.0,3720.0
BL030,Diazinon,500.0,5.0,2.0,1.08,-0.94,3.8,-3.4,-0.03566433566433566,6392.5,2162.5,3267.5
BL030,Diazinon,500.0,5.0,3.0,1.240506329113924,-0.7341772151898734,2.8,-3.6,-0.05384615384615385,12760.0,9332.5,16067.5
BL030,Diazinon,500.0,5.0,4.0,1.2864197530864196,-0.9037037037037037,8.8,-11.6,-0.34184397163120567,84305.0,45777.5,40307.5
BL030,Diazinon,50.0,5.0,1.0,1.0,-0.75,1.8,-1.6,-0.010416666666666666,2422.5,1347.5,2122.5
BL030,Diazinon,50.0,5.0,2.0,1.2769230769230768,-0.8615384615384616,3.0,-2.8,-0.051929824561403506,9137.5,3315.0,4872.5
BL030,Diazinon,50.0,5.0,3.0,1.175,-0.875,2.2,-2.6,-0.05874125874125874,11465.0,5640.0,8765.0
BL030,Diazinon,50.0,5.0,4.0,1.3095890410958904,-0.9068493150684932,10.2,-12.0,-0.31157894736842107,76645.0,37260.0,31887.5
BL030,Diazinon,5.0,5.0,1.0,1.0,-0.926829268292683,1.8,-1.8,-0.02638888888888889,4012.5,1787.5,2580.0
BL030,Diazinon,5.0,5.0,2.0,1.0625,-0.9375,2.0,-2.8,-0.0445993031358885,7315.0,2437.5,3127.5
BL030,Diazinon,5.0,5.0,3.0,1.164835164835165,-0.9230769230769231,3.4,-4.0,-0.06947368421052631,11375.0,4382.5,5472.5
BL030,Diazinon,5.0,5.0,4.0,1.4475138121546962,-0.6160220994475138,11.4,-13.2,-0.27208480565371024,71522.5,36557.5,68667.5
BL030,Diazinon,0.5,5.0,1.0,1.25,-0.9285714285714286,2.2,-2.0,-0.023321554770318022,5460.0,2635.0,3820.0
BL030,Diazinon,0.5,5.0,2.0,1.0609756097560976,-0.9634146341463414,2.4,-3.8,-0.05853658536585366,9082.5,3185.0,4285.0
BL030,Diazinon,0.5,5.0,3.0,1.2,-0.9833333333333333,2.0,-2.4,-0.04965034965034965,7952.5,2842.5,3487.5
BL030,Diazinon,0.5,5.0,4.0,3.5885558583106265,2.5885558583106265,16.8,-16.8,0.0,66417.5,32792.5,314275.0
BL030,Diazinon,0.05,5.0,1.0,1.0,-0.9444444444444444,2.2,-2.0,-0.02361111111111111,5007.5,2465.0,3287.5
BL030,Diazinon,0.05,5.0,2.0,1.0759493670886076,-0.9493670886075949,2.2,-2.4,-0.056842105263157895,9362.5,2975.0,4170.0
BL030,Diazinon,0.05,5.0,3.0,1.1911764705882353,-0.9411764705882353,5.2,-5.2,-0.05403508771929825,9105.0,3190.0,4405.0
BL030,Diazinon,0.05,5.0,4.0,4.077127659574468,3.077127659574468,16.4,-15.8,0.0,62715.0,28607.5,375500.0
BL030,Trimethoprim,500.0,1.0,1.0,54.4,53.4,24.4,-9.4,0.0,4775.0,3177.5,773075.0
BL030,Trimethoprim,500.0,1.0,2.0,1.1460055096418733,0.14600550964187328,10.0,-53.0,0.0,28727.5,4927.5,89395.0
BL030,Trimethoprim,500.0,1.0,3.0,1.0,-0.9923906150919467,14.6,-67.6,-1.0868055555555556,122562.5,20255.0,13150.0
BL030,Trimethoprim,500.0,1.0,4.0,3.5308343008790843,0.27513683861336874,728.2,-653.8,-66.99310344827586,21596545.0,30630377.5,39950472.5
BL030,Trimethoprim,50.0,1.0,4.0,2.012930135557873,-0.4549530761209593,152.0,-422.4,-13.666990291262136,3162190.0,4954322.5,6694305.0
BL030,Trimethoprim,5.0,1.0,4.0,2.271038331619915,-0.869033631957703,937.0,-551.8,-42.85808823529412,11487915.0,3034655.0,4264427.5
BL030,Trimethoprim,0.5,1.0,4.0,2.522474596533174,-0.8079497907949791,1113.6,-804.4,-56.916788321167886,16113342.5,4584757.5,6128350.0
BL030,Trimethoprim,0.05,1.0,4.0,2.7079470602585998,-0.8379177848255672,1181.0,-865.2,-61.16043956043956,18552457.5,8510582.5,13429987.5
BL030,Trimethoprim,500.0,2.0,1.0,1.0,-0.8571428571428571,1.0,-3.6,-0.025,2410.0,1457.5,4285.0
BL030,Trimethoprim,500.0,2.0,2.0,1.0,-0.5648496240601504,8.0,-64.6,-0.4173611111111111,60222.5,8980.0,183455.0
BL030,Trimethoprim,500.0,2.0,3.0,1.7428754402817803,0.7428754402817803,72.6,-105.8,0.0,3088957.5,1939860.0,9159627.5
BL030,Trimethoprim,500.0,2.0,4.0,1.094568410525658,-0.1640727545471592,80.2,-129.4,-3.2202334630350196,4999497.5,2333200.0,6532045.0
BL030,Trimethoprim,50.0,2.0,4.0,1.4293133894255738,-0.8614833281396074,295.0,-208.4,-19.646640316205534,8273797.5,2579555.0,2787670.0
BL030,Trimethoprim,5.0,2.0,4.0,2.2921013412816693,-0.5204172876304024,634.4,-491.6,-26.82794117647059,8282492.5,625357.5,3270220.0
BL030,Trimethoprim,0.5,2.0,4.0,2.326073926073926,-0.5382617382617383,618.6,-482.2,-27.444117647058825,8101685.0,655490.0,3534105.0
BL030,Trimethoprim,0.05,2.0,4.0,2.3898985841952003,-0.23782508283964254,539.8,-610.6,-23.838970588235295,8384400.0,572107.5,4535250.0
BL030,Trimethoprim,500.0,3.0,1.0,1.0,-0.6875,1.0,-1.2,-0.007638888888888889,2427.5,1902.5,3255.0
BL030,Trimethoprim,500.0,3.0,2.0,1.7348066298342542,0.7348066298342542,9.6,-14.8,0.0,20105.0,7135.0,76325.0
BL030,Trimethoprim,500.0,3.0,3.0,2.4674853176721836,0.4662039508809397,175.6,-349.6,-20.95418994413408,6753527.5,13353407.5,22900155.0
BL030,Trimethoprim,500.0,3.0,4.0,4.189089113799062,1.951987163663293,663.0,-412.8,-31.65157894736842,15406687.5,29095620.0,56457580.0
BL030,Trimethoprim,50.0,3.0,4.0,2.199115207373272,-0.671741935483871,571.0,-936.6,-43.18893617021276,14105902.5,9886785.0,10520715.0
BL030,Trimethoprim,5.0,3.0,4.0,1.0863078442437923,-0.8897432279909706,363.2,-330.4,-22.965145228215768,9535177.5,4963415.0,4395462.5
BL030,Trimethoprim,0.5,3.0,4.0,1.1959756633924645,-0.7934320480867908,539.0,-494.4,-22.68487394957983,9033860.0,4772385.0,6502975.0
BL030,Trimethoprim,0.05,3.0,4.0,1.1385997939828794,-0.8153305153980037,437.4,-444.2,-18.846315789473685,8812412.5,4353607.5,6050465.0
BL030,Trimethoprim,500.0,4.0,1.0,1.0,-0.9623655913978495,1.4,-6.6,-0.12430555555555556,8397.5,1360.0,2495.0
BL030,Trimethoprim,500.0,4.0,2.0,1.0,-0.9801324503311258,1.6,-12.6,-0.20555555555555555,18215.0,2325.0,3340.0
BL030,Trimethoprim,500.0,4.0,3.0,1.0,-0.9915878023133544,4.4,-26.6,-0.6548611111111111,58417.5,5627.5,6577.5
BL030,Trimethoprim,500.0,4.0,4.0,2.304364471669219,1.1238514548238898,1724.6,-1392.2,-4.6282208588957054,11929017.5,15547665.0,27249987.5
BL030,Trimethoprim,50.0,4.0,4.0,3.4832317657429765,0.375186846038864,931.8,-919.2,-52.632535885167464,19244080.0,22740092.5,30078870.0
BL030,Trimethoprim,5.0,4.0,4.0,1.372343103758317,-0.20417191152670383,511.0,-482.2,-13.584745762711865,10883027.5,7849407.5,17030267.5
BL030,Trimethoprim,0.5,4.0,4.0,1.033967391304348,-0.3965997770345596,286.0,-368.6,-8.612543554006969,8982147.5,5791130.0,13038417.5
BL030,Trimethoprim,0.05,4.0,4.0,1.1216720397000761,-0.3528452928605064,670.4,-512.6,-9.192982456140351,8991102.5,5305230.0,12350685.0
BL030,Trimethoprim,500.0,5.0,1.0,1.5,-1.0,2.4,-1.6,-0.018532818532818532,4197.5,1630.0,1712.5
BL030,Trimethoprim,500.0,5.0,2.0,1.0,-0.9529411764705882,2.8,-5.6,-0.05625,7550.0,2935.0,3517.5
BL030,Trimethoprim,500.0,5.0,3.0,1.0,-0.9445506692160612,5.4,-17.0,-0.34305555555555556,50017.5,12427.5,19840.0
BL030,Trimethoprim,500.0,5.0,4.0,22.78227638917579,15.343730634166494,686.0,-329.6,-56.16036036036036,18045617.5,33190607.5,71124987.5
BL030,Trimethoprim,50.0,5.0,1.0,2.5454545454545454,1.5454545454545454,1.4,-1.8,0.0,1042.5,852.5,3297.5
BL030,Trimethoprim,50.0,5.0,2.0,1.0,-0.9008264462809917,1.6,-5.6,-0.07569444444444444,5182.5,1187.5,2317.5
BL030,Trimethoprim,50.0,5.0,3.0,1.0,-0.975609756097561,2.4,-12.8,-0.19444444444444445,18455.0,3872.5,3727.5
BL030,Trimethoprim,50.0,5.0,4.0,16.208883751651253,-0.3989431968295905,1285.0,-991.4,-73.84453125,18196060.0,9557450.0,4078120.0
BL030,Trimethoprim,5.0,5.0,1.0,1.0,-1.0,1.4,-2.8,-0.019444444444444445,1152.5,787.5,1285.0
BL030,Trimethoprim,5.0,5.0,2.0,3.234042553191489,2.106382978723404,4.8,-4.8,-0.6,2767.5,995.0,19755.0
BL030,Trimethoprim,5.0,5.0,3.0,1.0,-0.9512516469038208,11.4,-21.4,-0.5013888888888889,92060.0,8967.5,19507.5
BL030,Trimethoprim,5.0,5.0,4.0,13.57045524930319,-0.6090120780427377,1166.8,-629.8,-67.01811023622047,17924280.0,8963307.5,3687830.0
BL030,Trimethoprim,0.5,5.0,1.0,1.0,-0.9915966386554622,1.4,-7.4,-0.08194444444444444,3282.5,635.0,1257.5
BL030,Trimethoprim,0.5,5.0,2.0,1.0,-1.0,1.8,-2.6,-0.022222222222222223,2037.5,845.0,1167.5
BL030,Trimethoprim,0.5,5.0,3.0,1.0,-1.0,4.0,-5.2,-0.06875,8747.5,2417.5,2302.5
BL030,Trimethoprim,0.5,5.0,4.0,11.671383882019962,-0.6707880232384925,944.8,-708.2,-57.68181818181818,15681747.5,6907250.0,3145425.0
BL030,Trimethoprim,0.05,5.0,1.0,3.0,-0.5555555555555556,1.8,-2.0,-0.017293233082706767,4250.0,1800.0,1802.5
BL030,Trimethoprim,0.05,5.0,2.0,1.0,-1.0,2.4,-11.6,-0.1736111111111111,13892.5,2315.0,1962.5
BL030,Trimethoprim,0.05,5.0,3.0,1.0,-1.0,4.8,-14.0,-0.41458333333333336,58765.0,4457.5,3580.0
BL030,Trimethoprim,0.05,5.0,4.0,11.938953028625653,-0.312668037324055,1016.4,-719.2,-55.79921568627451,14947222.5,7717820.0,6833745.0
BL030,DEET,500.0,1.0,1.0,3.621359223300971,1.058252427184466,53.4,-36.0,-0.4717948717948718,251402.5,41770.0,281317.5
BL030,DEET,500.0,1.0,2.0,4.322660098522167,2.2389162561576357,52.6,-30.8,-0.3271375464684015,283120.0,49060.0,374217.5
BL030,DEET,500.0,1.0,3.0,4.713656387665198,1.7995594713656389,59.8,-34.2,-0.6389705882352941,300767.5,40770.0,346170.0
BL030,DEET,500.0,1.0,4.0,5.332622601279318,1.8869936034115138,53.0,-42.4,-0.8464944649446494,333020.0,43275.0,378492.5
BL030,DEET,50.0,1.0,1.0,3.807511737089202,1.6431924882629108,66.2,-29.4,-0.36072727272727273,257117.5,32077.5,314510.0
BL030,DEET,50.0,1.0,2.0,4.154545454545454,2.081818181818182,58.8,-31.2,-0.3445255474452555,278155.0,35940.0,395550.0
BL030,DEET,50.0,1.0,3.0,5.19406392694064,2.4315068493150687,57.2,-35.6,-0.5676470588235294,309580.0,34650.0,381577.5
BL030,DEET,50.0,1.0,4.0,5.226611226611227,2.1642411642411643,55.8,-36.8,-0.7321033210332103,341422.5,39417.5,428137.5
BL030,DEET,5.0,1.0,1.0,3.7757009345794392,1.5116822429906542,60.8,-32.8,-0.3977941176470588,256875.0,28807.5,270730.0
BL030,DEET,5.0,1.0,2.0,4.30365296803653,2.2968036529680367,63.4,-27.2,-0.3254612546125461,283247.5,34672.5,375330.0
BL030,DEET,5.0,1.0,3.0,5.176211453744493,2.0726872246696035,57.8,-36.6,-0.7047970479704797,319930.0,36467.5,313235.0
BL030,DEET,5.0,1.0,4.0,5.23125,2.2041666666666666,56.0,-46.6,-0.7180811808118082,336715.0,41657.5,398292.5
BL030,DEET,0.5,1.0,1.0,3.949760765550239,1.729665071770335,52.2,-30.2,-0.3709090909090909,254332.5,27937.5,330107.5
BL030,DEET,0.5,1.0,2.0,4.1342592592592595,1.8240740740740742,57.2,-32.0,-0.4177121771217712,271140.0,30205.0,289630.0
BL030,DEET,0.5,1.0,3.0,5.037199124726477,2.25382932166302,60.6,-44.4,-0.6037037037037037,316230.0,35557.5,371552.5
BL030,DEET,0.5,1.0,4.0,5.439490445859873,2.082802547770701,57.4,-45.8,-0.8191881918819188,341082.5,40152.5,368722.5
BL030,DEET,0.05,1.0,1.0,3.9830917874396135,1.6908212560386473,62.8,-25.8,-0.3905109489051095,258722.5,27815.0,307857.5
BL030,DEET,0.05,1.0,2.0,4.282555282555283,1.9017199017199018,68.0,-32.2,-0.4117216117216117,269020.0,32062.5,343247.5
BL030,DEET,0.05,1.0,3.0,5.644859813084112,1.8341121495327102,59.0,-42.4,-0.8878228782287823,325922.5,36590.0,368760.0
BL030,DEET,0.05,1.0,4.0,5.681318681318682,1.6263736263736264,72.4,-41.6,-1.0258302583025831,350120.0,41957.5,284437.5
BL030,DEET,500.0,2.0,1.0,39.06467065868264,38.06467065868264,115.2,-18.4,0.0,638887.5,936355.0,9220607.5
BL030,DEET,500.0,2.0,2.0,36.14553990610329,35.14553990610329,107.2,-21.4,0.0,724250.0,1025795.0,8784865.0
BL030,DEET,500.0,2.0,3.0,47.22096956031567,46.22096956031567,157.4,-23.4,0.0,886235.0,1187062.5,11853242.5
BL030,DEET,500.0,2.0,4.0,54.096597145993414,53.096597145993414,211.4,-40.4,0.0,1005460.0,1221660.0,14324612.5
BL030,DEET,50.0,2.0,1.0,34.21146953405018,33.21146953405018,120.8,-18.0,0.0,666985.0,932145.0,7884480.0
BL030,DEET,50.0,2.0,2.0,2.7085253456221197,-0.7569124423963134,35.8,-21.6,-1.8448275862068966,688280.0,710867.5,290725.0
BL030,DEET,50.0,2.0,3.0,51.29726516052319,50.29726516052319,196.2,-29.4,0.0,922527.5,1218375.0,11325122.5
BL030,DEET,50.0,2.0,4.0,60.8453947368421,59.8453947368421,212.2,-24.6,0.0,1009475.0,1253657.5,15917390.0
BL030,DEET,5.0,2.0,1.0,2.395715896279594,-0.8049605411499436,31.0,-18.4,-1.876923076923077,616065.0,665565.0,301170.0
BL030,DEET,5.0,2.0,2.0,2.617713004484305,-0.7847533632286996,40.2,-18.4,-1.9660550458715595,683202.5,717855.0,297722.5
BL030,DEET,5.0,2.0,3.0,3.718146718146718,0.2187902187902188,41.6,-20.2,-1.6049586776859504,841557.5,802507.5,486585.0
BL030,DEET,5.0,2.0,4.0,3.3574660633484164,-0.3778280542986425,52.6,-21.0,-1.9901234567901234,887140.0,788782.5,410317.5
BL030,DEET,0.5,2.0,1.0,2.7352216748768474,-0.7881773399014779,25.0,-16.4,-1.906046511627907,636700.0,693290.0,313550.0
BL030,DEET,0.5,2.0,2.0,2.8250591016548463,-0.7718676122931442,36.2,-23.6,-2.1125,684670.0,729835.0,311112.5
BL030,DEET,0.5,2.0,3.0,3.2860438292964242,-0.7750865051903114,43.4,-24.6,-2.2116666666666664,837885.0,763690.0,307010.0
BL030,DEET,0.5,2.0,4.0,3.2797814207650275,0.04262295081967213,50.0,-26.0,-1.6710204081632654,893032.5,803790.0,497075.0
BL030,DEET,0.05,2.0,1.0,2.583431952662722,-0.8106508875739645,31.8,-15.8,-2.0129353233830845,634982.5,684830.0,293915.0
BL030,DEET,0.05,2.0,2.0,2.7053364269141533,-0.8167053364269141,34.2,-21.4,-2.080382775119617,674242.5,726230.0,291547.5
BL030,DEET,0.05,2.0,3.0,3.2355555555555555,-0.7955555555555556,46.2,-19.6,-2.2733333333333334,851615.0,757445.0,300980.0
BL030,DEET,0.05,2.0,4.0,8.002604166666666,6.981770833333333,49.2,-35.0,-1.6,871977.5,836762.5,1850410.0
BL030,DEET,500.0,3.0,1.0,39.06467065868264,38.06467065868264,115.2,-18.4,0.0,638887.5,936355.0,9220607.5
BL030,DEET,500.0,3.0,2.0,36.14553990610329,35.14553990610329,107.2,-21.4,0.0,724250.0,1025795.0,8784865.0
BL030,DEET,500.0,3.0,3.0,47.22096956031567,46.22096956031567,157.4,-23.4,0.0,886235.0,1187062.5,11853242.5
BL030,DEET,500.0,3.0,4.0,54.096597145993414,53.096597145993414,211.4,-40.4,0.0,1005460.0,1221660.0,14324612.5
BL030,DEET,50.0,3.0,1.0,34.21146953405018,33.21146953405018,120.8,-18.0,0.0,666985.0,932145.0,7884480.0
BL030,DEET,50.0,3.0,2.0,2.7085253456221197,-0.7569124423963134,35.8,-21.6,-1.8448275862068966,688280.0,710867.5,290725.0
BL030,DEET,50.0,3.0,3.0,51.29726516052319,50.29726516052319,196.2,-29.4,0.0,922527.5,1218375.0,11325122.5
BL030,DEET,50.0,3.0,4.0,60.8453947368421,59.8453947368421,212.2,-24.6,0.0,1009475.0,1253657.5,15917390.0
BL030,DEET,5.0,3.0,1.0,2.395715896279594,-0.8049605411499436,31.0,-18.4,-1.876923076923077,616065.0,665565.0,301170.0
BL030,DEET,5.0,3.0,2.0,2.617713004484305,-0.7847533632286996,40.2,-18.4,-1.9660550458715595,683202.5,717855.0,297722.5
BL030,DEET,5.0,3.0,3.0,3.718146718146718,0.2187902187902188,41.6,-20.2,-1.6049586776859504,841557.5,802507.5,486585.0
BL030,DEET,5.0,3.0,4.0,3.3574660633484164,-0.3778280542986425,52.6,-21.0,-1.9901234567901234,887140.0,788782.5,410317.5
BL030,DEET,0.5,3.0,1.0,2.7352216748768474,-0.7881773399014779,25.0,-16.4,-1.906046511627907,636700.0,693290.0,313550.0
BL030,DEET,0.5,3.0,2.0,2.8250591016548463,-0.7718676122931442,36.2,-23.6,-2.1125,684670.0,729835.0,311112.5
BL030,DEET,0.5,3.0,3.0,3.2860438292964242,-0.7750865051903114,43.4,-24.6,-2.2116666666666664,837885.0,763690.0,307010.0
BL030,DEET,0.5,3.0,4.0,3.2797814207650275,0.04262295081967213,50.0,-26.0,-1.6710204081632654,893032.5,803790.0,497075.0
BL030,DEET,0.05,3.0,1.0,2.583431952662722,-0.8106508875739645,31.8,-15.8,-2.0129353233830845,634982.5,684830.0,293915.0
BL030,DEET,0.05,3.0,2.0,2.7053364269141533,-0.8167053364269141,34.2,-21.4,-2.080382775119617,674242.5,726230.0,291547.5
BL030,DEET,0.05,3.0,3.0,3.2355555555555555,-0.7955555555555556,46.2,-19.6,-2.2733333333333334,851615.0,757445.0,300980.0
BL030,DEET,0.05,3.0,4.0,8.002604166666666,6.981770833333333,49.2,-35.0,-1.6,871977.5,836762.5,1850410.0
BL030,DEET,500.0,4.0,1.0,1.3333333333333333,-0.6666666666666666,0.6,-0.6,-0.0024,587.5,557.5,985.0
BL030,DEET,500.0,4.0,2.0,2.2,-0.8,1.6,-1.8,-0.009950248756218905,637.5,642.5,985.0
BL030,DEET,500.0,4.0,3.0,1.0,-0.8,0.8,-0.6,-0.005555555555555556,830.0,565.0,1090.0
BL030,DEET,500.0,4.0,4.0,1.0,-0.976303317535545,1.2,-7.8,-0.14305555555555555,8900.0,840.0,2540.0
BL030,DEET,50.0,4.0,1.0,2.0,-0.6666666666666666,1.0,-1.0,-0.004651162790697674,530.0,547.5,962.5
BL030,DEET,50.0,4.0,2.0,7.0,0.0,1.2,-1.0,-0.005607476635514018,520.0,537.5,977.5
BL030,DEET,50.0,4.0,3.0,1.3333333333333333,-0.3333333333333333,0.6,-0.6,-0.0013937282229965157,630.0,510.0,1042.5
BL030,DEET,50.0,4.0,4.0,1.0,-0.989247311827957,1.0,-11.0,-0.19166666666666668,10445.0,552.5,1017.5
BL030,DEET,5.0,4.0,1.0,1.0,0.0,0.6,-0.6,0.0,537.5,527.5,900.0
BL030,DEET,5.0,4.0,2.0,1.0,-0.875,0.8,-0.6,-0.004861111111111111,577.5,465.0,950.0
BL030,DEET,5.0,4.0,3.0,1.0,-0.9166666666666666,0.8,-1.0,-0.007638888888888889,590.0,492.5,860.0
BL030,DEET,5.0,4.0,4.0,1.0,-0.973421926910299,1.8,-11.0,-0.20347222222222222,13957.5,982.5,3167.5
BL030,DEET,0.5,4.0,1.0,1.5,-0.5,0.8,-1.0,-0.004081632653061225,507.5,497.5,950.0
BL030,DEET,0.5,4.0,2.0,1.0,-0.9090909090909091,0.6,-1.4,-0.006944444444444444,557.5,497.5,930.0
BL030,DEET,0.5,4.0,3.0,1.0,-1.0,1.4,-1.4,-0.009722222222222222,652.5,442.5,925.0
BL030,DEET,0.5,4.0,4.0,1.0,-0.9833333333333333,0.8,-5.0,-0.12291666666666666,7350.0,587.5,1145.0
BL030,DEET,0.05,4.0,1.0,2.0,-0.3333333333333333,0.8,-1.2,-0.01568627450980392,535.0,525.0,962.5
BL030,DEET,0.05,4.0,2.0,1.0,-0.875,1.0,-1.0,-0.004861111111111111,625.0,507.5,935.0
BL030,DEET,0.05,4.0,3.0,1.5,0.0,0.6,-0.6,-0.0007042253521126761,575.0,497.5,1032.5
BL030,DEET,0.05,4.0,4.0,1.0,-0.9779411764705882,0.8,-7.8,-0.18472222222222223,12122.5,1112.5,3055.0
BL030,DEET,500.0,5.0,1.0,5.0,2.0,0.8,-1.2,-0.05,647.5,590.0,2147.5
BL030,DEET,500.0,5.0,2.0,1.75,-0.75,1.0,-1.0,-0.021052631578947368,692.5,617.5,1257.5
BL030,DEET,500.0,5.0,3.0,1.0,-0.75,0.6,-0.6,-0.0020833333333333333,692.5,560.0,1205.0
BL030,DEET,500.0,5.0,4.0,1.5,-0.6666666666666666,1.6,-1.4,-0.008284023668639054,1175.0,610.0,1260.0
BL030,DEET,50.0,5.0,1.0,7.0,2.0,1.6,-1.4,-0.025396825396825397,645.0,615.0,4290.0
BL030,DEET,50.0,5.0,2.0,9.666666666666666,-0.6666666666666666,5.4,-5.6,-0.02814070351758794,652.5,717.5,1255.0
BL030,DEET,50.0,5.0,3.0,4.5,-0.5,1.4,-1.4,-0.04,630.0,557.5,1290.0
BL030,DEET,50.0,5.0,4.0,6.0,-0.3333333333333333,3.4,-3.0,-0.4,735.0,655.0,1417.5
BL030,DEET,5.0,5.0,1.0,5.0,-0.5,1.4,-1.8,-0.007792207792207792,730.0,630.0,1202.5
BL030,DEET,5.0,5.0,2.0,3.5,0.0,1.0,-1.0,-0.004149377593360996,627.5,617.5,1190.0
BL030,DEET,5.0,5.0,3.0,1.6666666666666667,-0.3333333333333333,0.6,-0.8,-0.004838709677419355,605.0,550.0,1157.5
BL030,DEET,5.0,5.0,4.0,2.5,0.0,0.8,-0.8,-0.0021201413427561835,792.5,612.5,1165.0
BL030,DEET,0.5,5.0,1.0,2.0,0.5,0.6,-0.6,-0.0006968641114982578,577.5,615.0,1205.0
BL030,DEET,0.5,5.0,2.0,2.5,0.0,0.6,-0.8,-0.03529411764705882,595.0,617.5,1222.5
BL030,DEET,0.5,5.0,3.0,1.6666666666666667,-0.6666666666666666,0.6,-0.6,-0.004597701149425287,645.0,545.0,1250.0
BL030,DEET,0.5,5.0,4.0,4.0,-0.6666666666666666,2.2,-2.2,-0.01476510067114094,707.5,672.5,1200.0
BL030,DEET,0.05,5.0,1.0,2.0,0.0,0.6,-0.6,-0.0014184397163120568,590.0,575.0,1220.0
BL030,DEET,0.05,5.0,2.0,4.0,0.0,1.0,-1.0,-0.005970149253731343,592.5,657.5,1130.0
BL030,DEET,0.05,5.0,3.0,5.0,0.0,1.0,-0.8,-0.00522875816993464,670.0,525.0,1250.0
BL030,DEET,0.05,5.0,4.0,1.2,-1.0,1.0,-0.8,-0.004428044280442804,935.0,642.5,1270.0
BL030,Propoxur,500.0,1.0,1.0,2.491801544483233,0.6074614760746148,861.6,-1305.2,-21.90305676855895,20426982.5,7331240.0,18874237.5
BL030,Propoxur,500.0,1.0,2.0,2.435967585538163,0.4903033661171907,715.8,-1264.6,-22.02177419354839,20534550.0,7283890.0,17922345.0
BL030,Propoxur,500.0,1.0,3.0,2.1593164663125526,-0.8576320939334638,880.2,-601.6,-46.35903614457831,16883792.5,4700247.5,3668975.0
BL030,Propoxur,500.0,1.0,4.0,2.475647739329842,0.8678166820686587,909.4,-1061.8,-14.2072,19956277.5,8174020.0,19556485.0
BL030,Propoxur,50.0,1.0,1.0,2.2921147569146196,0.3520700910496478,785.0,-989.0,-22.153846153846153,19561447.5,9378667.5,17887007.5
BL030,Propoxur,50.0,1.0,2.0,2.3715460469005887,0.5045471967664379,692.6,-907.8,-19.985542168674698,19565017.5,9351700.0,20317557.5
BL030,Propoxur,50.0,1.0,3.0,2.1153873363990097,-0.9014503006720905,800.2,-480.8,-45.980645161290326,16630022.5,5901365.0,3960002.5
BL030,Propoxur,50.0,1.0,4.0,2.0465818134103135,-0.9129707387481958,882.0,-564.2,-47.97991967871486,17030597.5,6102227.5,3919882.5
BL030,Propoxur,5.0,1.0,1.0,2.3165716759252577,0.5953394415987302,786.0,-780.0,-16.255284552845527,19867185.0,11504022.5,21411042.5
BL030,Propoxur,5.0,1.0,2.0,2.2398762461326918,0.5216569267789618,662.6,-770.8,-18.489380530973452,20046522.5,11729737.5,21164652.5
BL030,Propoxur,5.0,1.0,3.0,1.7559599934415477,-0.9198229217904574,706.4,-479.2,-37.16581818181818,15907160.0,6717095.0,3800085.0
BL030,Propoxur,5.0,1.0,4.0,1.8169725216040393,-0.9221930931805677,803.8,-457.6,-39.366300366300365,16959087.5,6878637.5,3986872.5
BL030,Propoxur,0.5,1.0,1.0,2.2190183837478012,0.3903011071637982,888.6,-1010.2,-21.26283185840708,19787425.0,11530142.5,19173287.5
BL030,Propoxur,0.5,1.0,2.0,2.2302484598199173,0.36131609234310474,967.8,-1051.8,-22.716814159292035,19886450.0,11525297.5,18524542.5
BL030,Propoxur,0.5,1.0,3.0,1.9112134854989007,-0.9155411300736398,576.2,-557.8,-38.345787545787545,16419200.0,6421255.0,3749127.5
BL030,Propoxur,0.5,1.0,4.0,1.9220796489595107,-0.9129047270793166,846.6,-571.0,-40.43956043956044,17208442.5,6439617.5,3877385.0
BL030,Propoxur,0.05,1.0,1.0,1.9268344862012408,-0.9218070313057121,664.6,-626.8,-37.98315018315018,16349592.5,6053455.0,3524835.0
BL030,Propoxur,0.05,1.0,2.0,2.17248612802815,0.2784882934091217,929.2,-1060.2,-23.383185840707963,19531672.5,12099790.0,17942555.0
BL030,Propoxur,0.05,1.0,3.0,1.8915362852370727,-0.9218393155401029,666.8,-596.8,-38.973626373626374,16394600.0,6199902.5,3855637.5
BL030,Propoxur,0.05,1.0,4.0,1.981822490014217,-0.912023559677747,618.2,-570.4,-44.7584,17376432.5,6239482.5,3897997.5
BL030,Propoxur,500.0,2.0,1.0,1.3127811300054855,0.0258036204059243,900.6,-1404.8,-10.67673469387755,12559982.5,7525525.0,28571212.5
BL030,Propoxur,500.0,2.0,2.0,1.2140366802137272,-0.09805458708972005,1059.0,-1372.0,-12.349387755102041,12398992.5,7257355.0,25040885.0
BL030,Propoxur,500.0,2.0,3.0,1.2082105054901573,-0.09417350875457513,927.0,-1325.2,-12.476734693877551,12947745.0,7981475.0,26557770.0
BL030,Propoxur,500.0,2.0,4.0,1.1252124324936743,-0.024604403489557763,1312.2,-1182.2,-6.476734693877551,13156835.0,7981002.5,28648090.0
BL030,Propoxur,50.0,2.0,1.0,1.1107818174228827,-0.09208164628292358,1140.0,-1018.2,-7.9346938775510205,12613340.0,9269577.5,22724947.5
BL030,Propoxur,50.0,2.0,2.0,1.0555577897530766,-0.11294538727579828,902.4,-985.8,-6.840816326530613,12610797.5,9503087.5,23363952.5
BL030,Propoxur,50.0,2.0,3.0,1.0360648121261398,-0.8009175910331611,837.8,-960.4,-30.129616724738675,12649287.5,8347750.0,7267385.0
BL030,Propoxur,50.0,2.0,4.0,1.026293815293834,-0.9580820545174519,852.2,-897.6,-36.96794425087108,10699245.0,5036352.5,3136372.5
BL030,Propoxur,5.0,2.0,1.0,1.0330707702302164,-0.0691867310893662,662.0,-809.4,-3.510104529616725,10309925.0,12056727.5,23840642.5
BL030,Propoxur,5.0,2.0,2.0,1.04077049656374,-0.1114122543800213,808.6,-909.4,-6.417142857142857,13036010.0,10897780.0,23873397.5
BL030,Propoxur,5.0,2.0,3.0,1.0356199764846477,-0.8095641949846765,930.4,-906.8,-30.55679442508711,9579315.0,829605.0,3379102.5
BL030,Propoxur,5.0,2.0,4.0,1.1247865468854406,-0.36758482441161183,690.4,-1026.4,-21.832921810699588,14003832.5,10529587.5,20793990.0
BL030,Propoxur,0.5,2.0,1.0,1.0366569214728192,-0.9584772964242635,709.8,-742.6,-33.9198606271777,9550512.5,5238210.0,3042327.5
BL030,Propoxur,0.5,2.0,2.0,1.092520527688057,-0.8274701327003152,878.8,-1025.8,-38.91522633744856,12711150.0,9565432.5,6823770.0
BL030,Propoxur,0.5,2.0,3.0,1.102716891477621,-0.8941791845493562,763.4,-1024.0,-42.82304526748971,12854552.5,8228592.5,4609002.5
BL030,Propoxur,0.5,2.0,4.0,1.0933893941358426,-0.437737316860842,988.6,-1131.2,-23.60082304526749,13204602.5,11424325.0,18970360.0
BL030,Propoxur,0.05,2.0,1.0,1.0209053630296696,-0.9624507517890166,602.2,-767.8,-34.09059233449477,9209125.0,4837867.5,2899662.5
BL030,Propoxur,0.05,2.0,2.0,1.0378206665068328,-0.9636378166706625,499.0,-851.6,-34.930313588850176,9654515.0,4957602.5,2871557.5
BL030,Propoxur,0.05,2.0,3.0,1.0313419347395543,-0.9637933355125271,622.2,-828.4,-36.06550522648084,10010152.5,5134855.0,2864992.5
BL030,Propoxur,0.05,2.0,4.0,1.068547788661324,0.04780721282279608,549.4,-1132.6,-13.152941176470588,12507792.5,12052437.5,27941152.5
BL030,Propoxur,500.0,3.0,1.0,1.3127811300054855,0.0258036204059243,900.6,-1404.8,-10.67673469387755,12559982.5,7525525.0,28571212.5
BL030,Propoxur,500.0,3.0,2.0,1.2140366802137272,-0.09805458708972005,1059.0,-1372.0,-12.349387755102041,12398992.5,7257355.0,25040885.0
BL030,Propoxur,500.0,3.0,3.0,1.2082105054901573,-0.09417350875457513,927.0,-1325.2,-12.476734693877551,12947745.0,7981475.0,26557770.0
BL030,Propoxur,500.0,3.0,4.0,1.1252124324936743,-0.024604403489557763,1312.2,-1182.2,-6.476734693877551,13156835.0,7981002.5,28648090.0
BL030,Propoxur,50.0,3.0,1.0,1.1107818174228827,-0.09208164628292358,1140.0,-1018.2,-7.9346938775510205,12613340.0,9269577.5,22724947.5
BL030,Propoxur,50.0,3.0,2.0,1.0555577897530766,-0.11294538727579828,902.4,-985.8,-6.840816326530613,12610797.5,9503087.5,23363952.5
BL030,Propoxur,50.0,3.0,3.0,1.0360648121261398,-0.8009175910331611,837.8,-960.4,-30.129616724738675,12649287.5,8347750.0,7267385.0
BL030,Propoxur,50.0,3.0,4.0,1.026293815293834,-0.9580820545174519,852.2,-897.6,-36.96794425087108,10699245.0,5036352.5,3136372.5
BL030,Propoxur,5.0,3.0,1.0,1.0330707702302164,-0.0691867310893662,662.0,-809.4,-3.510104529616725,10309925.0,12056727.5,23840642.5
BL030,Propoxur,5.0,3.0,2.0,1.04077049656374,-0.1114122543800213,808.6,-909.4,-6.417142857142857,13036010.0,10897780.0,23873397.5
BL030,Propoxur,5.0,3.0,3.0,1.0356199764846477,-0.8095641949846765,930.4,-906.8,-30.55679442508711,9579315.0,829605.0,3379102.5
BL030,Propoxur,5.0,3.0,4.0,1.1247865468854406,-0.36758482441161183,690.4,-1026.4,-21.832921810699588,14003832.5,10529587.5,20793990.0
BL030,Propoxur,0.5,3.0,1.0,1.0366569214728192,-0.9584772964242635,709.8,-742.6,-33.9198606271777,9550512.5,5238210.0,3042327.5
BL030,Propoxur,0.5,3.0,2.0,1.092520527688057,-0.8274701327003152,878.8,-1025.8,-38.91522633744856,12711150.0,9565432.5,6823770.0
BL030,Propoxur,0.5,3.0,3.0,1.102716891477621,-0.8941791845493562,763.4,-1024.0,-42.82304526748971,12854552.5,8228592.5,4609002.5
BL030,Propoxur,0.5,3.0,4.0,1.0933893941358426,-0.437737316860842,988.6,-1131.2,-23.60082304526749,13204602.5,11424325.0,18970360.0
BL030,Propoxur,0.05,3.0,1.0,1.0209053630296696,-0.9624507517890166,602.2,-767.8,-34.09059233449477,9209125.0,4837867.5,2899662.5
BL030,Propoxur,0.05,3.0,2.0,1.0378206665068328,-0.9636378166706625,499.0,-851.6,-34.930313588850176,9654515.0,4957602.5,2871557.5
BL030,Propoxur,0.05,3.0,3.0,1.0313419347395543,-0.9637933355125271,622.2,-828.4,-36.06550522648084,10010152.5,5134855.0,2864992.5
BL030,Propoxur,0.05,3.0,4.0,1.068547788661324,0.04780721282279608,549.4,-1132.6,-13.152941176470588,12507792.5,12052437.5,27941152.5
BL030,Propoxur,500.0,4.0,1.0,1.0,-0.9285714285714286,1.2,-1.4,-0.018055555555555554,3332.5,855.0,1392.5
BL030,Propoxur,500.0,4.0,2.0,1.0,-0.851063829787234,2.4,-15.8,-0.16666666666666666,11410.0,4227.5,19267.5
BL030,Propoxur,500.0,4.0,3.0,1.0,-0.875,1.6,-2.4,-0.024305555555555556,3855.0,1595.0,2807.5
BL030,Propoxur,500.0,4.0,4.0,1.0,-0.8917931422147274,35.8,-91.0,-2.203472222222222,780565.0,414890.0,387102.5
BL030,Propoxur,50.0,4.0,1.0,1.0,-0.9615384615384616,1.0,-2.8,-0.017361111111111112,1047.5,540.0,1010.0
BL030,Propoxur,50.0,4.0,2.0,1.0,-0.9885057471264368,1.2,-10.8,-0.11944444444444445,3880.0,752.5,1362.5
BL030,Propoxur,50.0,4.0,3.0,1.0,-0.9795918367346939,0.8,-3.4,-0.03333333333333333,1610.0,717.5,1302.5
BL030,Propoxur,50.0,4.0,4.0,1.360543179737565,-0.8921269453768691,119.6,-72.2,-5.885304659498208,2217257.5,726215.0,672715.0
BL030,Propoxur,5.0,4.0,1.0,1.0,-0.9571428571428572,1.6,-8.0,-0.09305555555555556,2477.5,610.0,3022.5
BL030,Propoxur,5.0,4.0,2.0,1.0,-0.8,0.6,-0.6,-0.002777777777777778,780.0,560.0,965.0
BL030,Propoxur,5.0,4.0,3.0,1.0,-0.99,2.8,-5.8,-0.06875,2440.0,752.5,1275.0
BL030,Propoxur,5.0,4.0,4.0,1.3701235596279329,-0.8967097042898792,132.6,-60.6,-6.494661921708185,2373755.0,724302.5,682470.0
BL030,Propoxur,0.5,4.0,1.0,1.0,-0.9636363636363636,1.4,-3.8,-0.03680555555555556,1210.0,570.0,1067.5
BL030,Propoxur,0.5,4.0,2.0,1.5,-0.5,1.0,-1.0,-0.0038461538461538464,875.0,587.5,1047.5
BL030,Propoxur,0.5,4.0,3.0,1.0,-0.9822485207100592,0.8,-9.4,-0.11527777777777778,3332.5,600.0,1167.5
BL030,Propoxur,0.5,4.0,4.0,1.0,-0.9372302863868184,11.4,-68.4,-1.6590277777777778,357565.0,201847.5,182685.0
BL030,Propoxur,0.05,4.0,1.0,1.0,-0.9375,1.4,-1.2,-0.010416666666666666,2285.0,752.5,1350.0
BL030,Propoxur,0.05,4.0,2.0,1.0,-0.9901960784313726,2.0,-6.6,-0.07013888888888889,3507.5,790.0,1635.0
BL030,Propoxur,0.05,4.0,3.0,1.0,-0.9805825242718447,0.8,-7.0,-0.07013888888888889,3782.5,910.0,1690.0
BL030,Propoxur,0.05,4.0,4.0,1.2663940205894797,-0.8988859117190805,110.8,-73.2,-5.881138790035587,2171005.0,671905.0,643605.0
BL030,Propoxur,500.0,5.0,1.0,1.0714285714285714,-0.7142857142857143,1.4,-1.2,-0.0077738515901060075,1720.0,622.5,1467.5
BL030,Propoxur,500.0,5.0,2.0,2.125,-0.5,3.0,-2.8,-0.009122807017543859,2005.0,705.0,1725.0
BL030,Propoxur,500.0,5.0,3.0,1.1363636363636365,-0.9090909090909091,2.6,-2.8,-0.01625441696113074,2927.5,800.0,1827.5
BL030,Propoxur,500.0,5.0,4.0,1.8783396226415094,-0.9544150943396227,446.6,-278.0,-17.407885304659498,3482312.5,619647.5,265645.0
BL030,Propoxur,50.0,5.0,1.0,2.6666666666666665,1.3333333333333333,0.6,-0.8,-0.1,727.5,615.0,1947.5
BL030,Propoxur,50.0,5.0,2.0,1.0,-0.9411764705882353,1.6,-1.8,-0.022222222222222223,1660.0,692.5,1317.5
BL030,Propoxur,50.0,5.0,3.0,1.0,-0.9622641509433962,1.6,-2.8,-0.035416666666666666,3625.0,890.0,1482.5
BL030,Propoxur,50.0,5.0,4.0,1.598188998364514,-0.9238501735210818,639.0,-456.4,-27.351971326164875,4941887.5,614952.5,436985.0
BL030,Propoxur,5.0,5.0,1.0,1.6666666666666667,-0.3333333333333333,0.6,-0.8,-0.002564102564102564,685.0,610.0,1152.5
BL030,Propoxur,5.0,5.0,2.0,1.2,-0.6,0.6,-0.8,-0.0027874564459930314,870.0,562.5,1275.0
BL030,Propoxur,5.0,5.0,3.0,1.6,-0.8,1.0,-1.0,-0.010071942446043165,1850.0,737.5,1322.5
BL030,Propoxur,5.0,5.0,4.0,1.6255052264808363,-0.9659233449477352,381.8,-229.0,-16.4294964028777,3323335.0,646057.5,276800.0
BL030,Propoxur,0.5,5.0,1.0,5.5,-0.5,1.8,-1.8,-0.029850746268656716,767.5,632.5,1237.5
BL030,Propoxur,0.5,5.0,2.0,1.6,-0.6,1.4,-1.4,-0.006417112299465241,885.0,700.0,1207.5
BL030,Propoxur,0.5,5.0,3.0,1.0,-0.9285714285714286,1.4,-1.2,-0.018055555555555554,2675.0,817.5,1487.5
BL030,Propoxur,0.5,5.0,4.0,1.354355921349114,-0.84400275135789,710.8,-757.2,-35.960142348754445,6476180.0,607370.0,1162860.0
BL030,Propoxur,0.05,5.0,1.0,1.7142857142857142,-0.7142857142857143,0.8,-1.2,-0.007194244604316547,1485.0,632.5,1360.0
BL030,Propoxur,0.05,5.0,2.0,1.4,-0.7,1.0,-1.0,-0.008,1632.5,657.5,1427.5
BL030,Propoxur,0.05,5.0,3.0,1.0,-0.8611111111111112,1.4,-1.8,-0.021527777777777778,3215.0,765.0,1467.5
BL030,Propoxur,0.05,5.0,4.0,1.562199105914718,-0.8838118982118295,607.2,-452.6,-24.114695340501793,4549700.0,638760.0,595822.5
BL031,Metaldehyde,500.0,5.0,1.0,2.3809889964205224,-0.8675593265279067,2175.6,-1330.6,-61.675636363636364,17006407.5,2407542.5,4987550.0
BL031,Metaldehyde,500.0,5.0,2.0,2.3225318532571078,-0.869895147024893,2108.4,-988.0,-61.971014492753625,18433537.5,2662545.0,5158527.5
BL031,Metaldehyde,500.0,5.0,3.0,2.3331560957083175,-0.8703380174705659,2076.6,-1029.6,-63.29236363636364,19023972.5,2730702.5,5191360.0
BL031,Metaldehyde,500.0,5.0,4.0,2.296349038768445,-0.8667779714699599,2098.0,-1142.8,-66.99771863117871,21214817.5,3200800.0,5752940.0
BL031,Metaldehyde,50.0,5.0,1.0,2.3013274336283187,-0.8468473451327434,1890.4,-1142.0,-56.699270072992704,16011182.5,2580622.5,5272920.0
BL031,Metaldehyde,50.0,5.0,2.0,2.284017673711761,-0.8721470182647116,1834.8,-909.4,-55.72,16304802.5,2525967.5,4682670.0
BL031,Metaldehyde,50.0,5.0,3.0,2.3238014425116673,-0.8638664969594116,1917.0,-887.4,-56.456204379562045,16970427.5,2831432.5,4952505.0
BL031,Metaldehyde,50.0,5.0,4.0,2.3157559251318305,-0.8648664310135018,1796.2,-996.0,-55.13699633699634,18354040.0,3124792.5,5013072.5
BL031,Metaldehyde,5.0,5.0,1.0,2.3339415521351423,-0.8601194855646135,1870.2,-1119.2,-54.417518248175185,15527227.5,2469070.0,4866392.5
BL031,Metaldehyde,5.0,5.0,2.0,2.3192650857008688,-0.8674277999530406,1773.0,-912.4,-54.38321167883212,15967195.0,2552795.0,4680607.5
BL031,Metaldehyde,5.0,5.0,3.0,2.3716116458985415,-0.9724797732238823,1765.8,-928.4,-57.734545454545454,17081870.0,2169842.5,1797622.5
BL031,Metaldehyde,5.0,5.0,4.0,2.3384747723430133,-0.9706937976448254,1677.8,-917.6,-57.03223443223443,18205075.0,2275032.5,1863180.0
BL031,Metaldehyde,0.5,5.0,1.0,2.308333333333333,-0.8593859649122807,1894.6,-1142.0,-54.31208791208791,15687087.5,2595877.5,5028662.5
BL031,Metaldehyde,0.5,5.0,2.0,2.3241986134976593,-0.8682526515375956,1730.8,-1105.4,-54.41470588235294,15763390.0,2435392.5,4453575.0
BL031,Metaldehyde,0.5,5.0,3.0,2.454832190102891,-0.9705414012738853,1718.8,-1049.2,-58.2375,16990332.5,2107592.5,1774365.0
BL031,Metaldehyde,0.5,5.0,4.0,2.4457026624973435,-0.9696712104192599,1669.2,-1010.0,-58.5,18247465.0,2291342.5,1839222.5
BL031,Metaldehyde,0.05,5.0,1.0,2.296010906288898,-0.8788453559362219,1792.6,-1148.0,-53.564963503649636,15436545.0,2418182.5,4587772.5
BL031,Metaldehyde,0.05,5.0,2.0,2.395248910441348,-0.9650727395494445,1745.4,-1130.6,-56.54705882352941,16270350.0,2092457.5,1984307.5
BL031,Metaldehyde,0.05,5.0,3.0,2.433198131760079,-0.9638335791543756,1656.0,-745.8,-56.73381818181818,16402717.5,2091030.0,1933980.0
BL031,Metaldehyde,0.05,5.0,4.0,2.3904074420852335,-0.9670482346189858,1644.4,-942.4,-56.972992700729925,17614720.0,2184305.0,1806565.0
BL031,Metaldehyde,500.0,4.0,1.0,4.088078517641087,-0.8575598612403756,1971.2,-1560.4,-70.65681818181818,19903440.0,4067955.0,6676867.5
BL031,Metaldehyde,500.0,4.0,2.0,3.8881289274569317,-0.8352071132390031,1889.6,-1382.2,-65.98484848484848,18764427.5,4307852.5,7724685.0
BL031,Metaldehyde,500.0,4.0,3.0,3.933322192513369,-0.8401570855614974,1822.0,-1425.4,-68.42575757575757,19416635.0,4517945.0,7717875.0
BL031,Metaldehyde,500.0,4.0,4.0,3.836820250738641,-0.837259442625569,1864.8,-1111.6,-69.7128787878788,20973550.0,4926622.5,8422242.5
BL031,Metaldehyde,50.0,4.0,1.0,4.318279886241052,-0.7859664607237423,1697.8,-1520.0,-63.410606060606064,17703955.0,4410440.0,7895277.5
BL031,Metaldehyde,50.0,4.0,2.0,4.386784009546539,-0.8164777247414479,1684.2,-1440.8,-64.04242424242425,18100845.0,4448782.5,7600060.0
BL031,Metaldehyde,50.0,4.0,3.0,4.393142915020763,-0.8220399068165705,1547.4,-1328.6,-63.295057034220534,18018745.0,4231357.5,7229077.5
BL031,Metaldehyde,50.0,4.0,4.0,4.431922564077238,-0.8225591387228999,1577.8,-1063.0,-65.26439393939394,20522015.0,4342807.5,6450027.5
BL031,Metaldehyde,5.0,4.0,1.0,4.572271848717547,-0.8099044036984798,1666.4,-1088.0,-62.13925925925926,18567652.5,4036722.5,6461825.0
BL031,Metaldehyde,5.0,4.0,2.0,4.63470221457751,-0.8082132874650613,1544.0,-1242.0,-61.454275092936804,18808975.0,4157372.5,6593062.5
BL031,Metaldehyde,5.0,4.0,3.0,4.78256490599821,-0.8316920322291853,1456.8,-1056.6,-62.71178707224335,19024580.0,4166395.0,6495355.0
BL031,Metaldehyde,5.0,4.0,4.0,4.810392658984208,-0.8076717883055912,1478.4,-943.6,-65.82585551330799,20669592.5,4346862.5,6160452.5
BL031,Metaldehyde,0.5,4.0,1.0,4.627908223437332,-0.8030449233408384,1588.2,-1329.2,-61.45353159851301,18376497.5,4115180.0,6638082.5
BL031,Metaldehyde,0.5,4.0,2.0,4.963695282034382,-0.8217718459932993,1491.4,-1416.8,-66.25779467680609,19133085.0,4184427.5,6355337.5
BL031,Metaldehyde,0.5,4.0,3.0,4.87673662429796,-0.8138338752586461,1394.8,-782.8,-58.989591078066915,18423697.5,4056787.5,6338820.0
BL031,Metaldehyde,0.5,4.0,4.0,4.72676723188725,-0.8344527637084342,1462.4,-937.8,-61.82835820895522,19288430.0,4062892.5,6274020.0
BL031,Metaldehyde,0.05,4.0,1.0,4.670606176134197,-0.7706007298077446,1586.8,-1402.2,-60.8544776119403,18250837.5,4438870.0,7170720.0
BL031,Metaldehyde,0.05,4.0,2.0,5.084713222942165,-0.806515478761699,1365.6,-1271.0,-61.99771863117871,18407022.5,4034695.0,6319275.0
BL031,Metaldehyde,0.05,4.0,3.0,5.064082930851691,-0.8212981505477677,1399.0,-1347.4,-61.89850746268657,18838470.0,4074785.0,6236400.0
BL031,Metaldehyde,0.05,4.0,4.0,5.149236336870515,-0.8180089554069803,1286.0,-1053.4,-61.8175572519084,18925340.0,4057292.5,6291787.5
BL031,Metaldehyde,500.0,3.0,1.0,3.0501370836718116,-0.8745938261575954,1888.0,-1225.6,-85.02656826568266,21646580.0,3348402.5,4861122.5
BL031,Metaldehyde,500.0,3.0,2.0,2.841421669782234,-0.8807749265616276,1928.6,-1008.8,-82.75276752767527,22358857.5,3522550.0,4993337.5
BL031,Metaldehyde,500.0,3.0,3.0,2.8246313916817165,-0.8632038599423165,1649.2,-808.4,-73.32058823529412,20425862.5,3526155.0,5030697.5
BL031,Metaldehyde,500.0,3.0,4.0,2.918552036199095,-0.8680109020666297,1153.6,-792.2,-78.00518518518518,22967685.0,3827767.5,5128075.0
BL031,Metaldehyde,50.0,3.0,1.0,2.9653538364977248,-0.8382237564726188,1306.6,-904.8,-65.68823529411765,16881307.5,2958780.0,4908767.5
BL031,Metaldehyde,50.0,3.0,2.0,2.9837494791499726,-0.8375588961184653,1297.6,-852.6,-64.72205882352941,17526565.0,3227237.5,4915120.0
BL031,Metaldehyde,50.0,3.0,3.0,3.043730837502017,-0.8495078263675973,1236.2,-888.6,-65.91691176470589,17774662.5,3075395.0,4604087.5
BL031,Metaldehyde,50.0,3.0,4.0,3.331637630662021,-0.8360278745644599,1034.2,-696.4,-67.34222222222222,19460035.0,3542132.5,4726017.5
BL031,Metaldehyde,5.0,3.0,1.0,3.2825702356521123,-0.816998089307197,1259.6,-993.8,-64.41176470588235,16541305.0,3014682.5,4818422.5
BL031,Metaldehyde,5.0,3.0,2.0,3.1857461179583595,-0.8320103056890189,1155.8,-758.4,-63.73235294117647,16878365.0,3066862.5,4713225.0
BL031,Metaldehyde,5.0,3.0,3.0,3.487540710444596,-0.8191698856320533,1131.2,-844.0,-64.44059040590406,16900907.5,3107152.5,4595827.5
BL031,Metaldehyde,5.0,3.0,4.0,3.504478144513827,-0.960606601248885,1123.6,-800.0,-71.66715867158672,20449530.0,2877267.5,2367395.0
BL031,Metaldehyde,0.5,3.0,1.0,3.463021420518602,-0.804847801578354,1191.6,-934.6,-63.93970588235294,16258472.5,2808815.0,4673050.0
BL031,Metaldehyde,0.5,3.0,2.0,3.3628526080369383,-0.825192987518938,1128.8,-784.0,-65.22435424354244,17171330.0,2894207.5,4635852.5
BL031,Metaldehyde,0.5,3.0,3.0,3.2970364279841275,-0.8272262538876775,1020.0,-747.2,-64.26102941176471,17448432.5,2939832.5,4702250.0
BL031,Metaldehyde,0.5,3.0,4.0,3.15354982718894,-0.816676267281106,923.0,-714.8,-61.11185185185185,17129835.0,3430440.0,4956305.0
BL031,Metaldehyde,0.05,3.0,1.0,3.450072718243411,-0.8486396367635061,1346.8,-926.2,-68.37794117647059,17812675.0,2824627.5,4165647.5
BL031,Metaldehyde,0.05,3.0,2.0,3.6056770521270223,-0.9591072498502097,1167.8,-860.6,-69.99558823529412,18323997.5,2436467.5,2196590.0
BL031,Metaldehyde,0.05,3.0,3.0,3.217701482554899,-0.953256790398692,1006.0,-948.2,-62.981549815498155,16860860.0,2546305.0,2379972.5
BL031,Metaldehyde,0.05,3.0,4.0,3.834050693448111,-0.9664128315491299,1204.6,-878.2,-76.52444444444444,20977300.0,2708012.5,1954392.5
BL031,Metaldehyde,500.0,2.0,1.0,2.717359413202934,-0.9753200057529124,1326.8,-1286.6,-69.59925650557621,18467820.0,2323390.0,1780502.5
BL031,Metaldehyde,500.0,2.0,2.0,2.1191810924746615,-0.9791909588303884,1093.8,-976.2,-69.31777777777778,19137157.5,2282712.5,1827905.0
BL031,Metaldehyde,500.0,2.0,3.0,2.109750281800052,-0.9807508887540103,1154.0,-1058.0,-71.43629629629629,19390695.0,2234602.5,1803697.5
BL031,Metaldehyde,500.0,2.0,4.0,2.1874726524897175,-0.9801566465388991,900.4,-1289.6,-73.39111111111112,21779965.0,2349077.5,1776980.0
BL031,Metaldehyde,50.0,2.0,1.0,2.481186067590315,-0.866399067719798,1263.2,-1513.2,-67.14962962962963,16590552.5,2771257.5,5023930.0
BL031,Metaldehyde,50.0,2.0,2.0,2.2556325403362565,-0.8860652163380008,1116.0,-1076.2,-65.48518518518519,17074747.5,2860682.5,5093147.5
BL031,Metaldehyde,50.0,2.0,3.0,2.3114944907143964,-0.8732347007397444,1082.6,-1035.6,-62.56740740740741,16831772.5,2925590.0,4899280.0
BL031,Metaldehyde,50.0,2.0,4.0,2.4593123777670702,-0.973866953884527,749.6,-1048.2,-63.825278810408925,19214510.0,3069350.0,2028062.5
BL031,Metaldehyde,5.0,2.0,1.0,2.5444047751868792,-0.9184424857748522,1097.0,-1206.4,-65.64907063197026,16807745.0,2078725.0,2295780.0
BL031,Metaldehyde,5.0,2.0,2.0,2.5000278102230378,-0.9755548139496079,1045.2,-1154.4,-65.93851851851852,17165855.0,2009225.0,1734137.5
BL031,Metaldehyde,5.0,2.0,3.0,2.4507457838174385,-0.9768279147830324,1070.8,-1245.4,-66.4274074074074,17499565.0,2029285.0,1787752.5
BL031,Metaldehyde,5.0,2.0,4.0,2.615346191202997,-0.9752185375329541,821.8,-1573.6,-69.40594795539033,19404952.5,2227400.0,1832182.5
BL031,Metaldehyde,0.5,2.0,1.0,2.7625189681335356,-0.9735356600910471,1128.8,-1254.0,-67.02825278810408,17022817.5,2340530.0,1718187.5
BL031,Metaldehyde,0.5,2.0,2.0,2.5900204012240735,-0.975631871245608,1047.2,-1063.4,-67.07185185185185,17537455.0,1957930.0,1643845.0
BL031,Metaldehyde,0.5,2.0,3.0,2.5116186011947295,-0.97130362706148,983.6,-1154.8,-64.58736059479554,16959972.5,1948852.5,1821322.5
BL031,Metaldehyde,0.5,2.0,4.0,2.502508056606417,-0.9728177105226286,979.2,-1448.2,-65.67434944237918,17992017.5,2070110.0,1838155.0
BL031,Metaldehyde,0.05,2.0,1.0,2.7544692485653335,-0.9051768169936605,1196.4,-1207.6,-65.57111111111111,16813885.0,1942042.5,2419825.0
BL031,Metaldehyde,0.05,2.0,2.0,2.7779337707920035,-0.9622157790325042,773.0,-1100.0,-66.75167286245353,16677455.0,2302565.0,2262707.5
BL031,Metaldehyde,0.05,2.0,3.0,2.5787077569602523,-0.9659721006245258,908.4,-1229.0,-64.82973977695167,16799130.0,1948485.0,1895570.0
BL031,Metaldehyde,0.05,2.0,4.0,2.6488200281159333,-0.9686836359285735,870.2,-1387.6,-65.0639405204461,17527150.0,1997060.0,1842940.0
BL031,Metaldehyde,500.0,1.0,1.0,6.841514844804318,-0.6438090418353576,1534.8,-1097.0,-56.536764705882355,13658202.5,2695227.5,4100512.5
BL031,Metaldehyde,500.0,1.0,2.0,6.22043898985131,-0.9375344190071592,1637.0,-1074.8,-57.343589743589746,14024375.0,2176867.5,1723690.0
BL031,Metaldehyde,500.0,1.0,3.0,6.152188552188552,-0.9276936026936027,1466.2,-962.0,-52.915018315018315,13609072.5,2249880.0,1866270.0
BL031,Metaldehyde,500.0,1.0,4.0,7.403934126258005,-0.9257090576395243,1367.4,-1595.2,-58.47664233576642,15875857.5,2634795.0,1774522.5
BL031,Metaldehyde,50.0,1.0,1.0,6.702332906782163,-0.5453292646914066,1522.2,-1040.6,-46.498168498168496,10754567.5,2400095.0,4336647.5
BL031,Metaldehyde,50.0,1.0,2.0,7.597712208680778,-0.9194996792815907,1521.8,-909.6,-51.325547445255474,11960050.0,2055837.5,1682465.0
BL031,Metaldehyde,50.0,1.0,3.0,7.86280554943845,-0.9214930632019379,1455.6,-1015.4,-51.6036496350365,12107990.0,2140590.0,1668002.5
BL031,Metaldehyde,50.0,1.0,4.0,8.496558197747184,-0.9198998748435544,1452.2,-1664.0,-58.902919708029195,14004352.5,2336922.5,1718635.0
BL031,Metaldehyde,5.0,1.0,1.0,7.828435804701628,-0.9154611211573237,1415.2,-996.6,-50.013138686131384,11165592.5,1962700.0,1679132.5
BL031,Metaldehyde,5.0,1.0,2.0,8.500786639235145,-0.9049981846786881,1448.2,-1106.0,-50.698540145985405,11627955.0,2038640.0,1699675.0
BL031,Metaldehyde,5.0,1.0,3.0,9.320838971583221,-0.4828146143437077,1370.0,-1272.6,-47.488321167883214,10811695.0,2349172.5,3526912.5
BL031,Metaldehyde,5.0,1.0,4.0,9.997372701113473,-0.9081696484423871,1393.2,-1747.0,-57.79197080291971,12765495.0,2094767.5,1720010.0
BL031,Metaldehyde,0.5,1.0,1.0,8.67270723643933,-0.8793926778498837,1437.6,-972.2,-50.981751824817515,11446337.5,2007567.5,2003140.0
BL031,Metaldehyde,0.5,1.0,2.0,9.355204484647725,-0.8899222830933877,1343.4,-1100.6,-52.96715328467153,11733327.5,1918612.5,1720052.5
BL031,Metaldehyde,0.5,1.0,3.0,9.974986551909629,-0.8893222162452932,1355.8,-1484.2,-53.54087591240876,11619357.5,1877562.5,1737212.5
BL031,Metaldehyde,0.5,1.0,4.0,9.521340665095575,-0.49921445404556164,1311.4,-1484.4,-50.29124087591241,10884322.5,2460540.0,3703075.0
BL031,Metaldehyde,0.05,1.0,1.0,8.656787642848172,-0.5250533718447821,1371.4,-1360.0,-47.55620437956205,10345710.0,2235672.5,3626150.0
BL031,Metaldehyde,0.05,1.0,2.0,10.11214704315397,-0.9007725093233884,1353.4,-1061.0,-54.87372262773722,12007207.5,1842380.0,1589160.0
BL031,Metaldehyde,0.05,1.0,3.0,9.08355254916698,-0.8856319679318552,1442.0,-1477.0,-52.073454545454545,11708460.0,2047470.0,1765190.0
BL031,Metaldehyde,0.05,1.0,4.0,10.429808917197452,-0.8977070063694268,1341.2,-1552.4,-59.175912408759125,13529077.5,2275430.0,1668105.0
BL031,Boric Acid,500.0,5.0,1.0,1.5198536933139084,-0.9534422367564551,1402.2,-643.2,-33.590106007067135,13616092.5,3146207.5,3579147.5
BL031,Boric Acid,500.0,5.0,2.0,1.5253194792786338,-0.8899438671921653,1449.2,-650.2,-33.49823321554771,13902660.0,4817967.5,6310772.5
BL031,Boric Acid,500.0,5.0,3.0,1.7037059318974852,-0.9993081458308266,1362.0,-523.2,-46.983402489626556,15347550.0,2334175.0,272252.5
BL031,Boric Acid,500.0,5.0,4.0,1.727196507560207,-0.9994506924166643,1175.0,-515.2,-48.95327868852459,16155512.5,2729862.5,265160.0
BL031,Boric Acid,50.0,5.0,1.0,1.5608203203538638,-0.9224917900944977,1298.2,-442.4,-31.28268551236749,13177140.0,3421720.0,3890987.5
BL031,Boric Acid,50.0,5.0,2.0,1.7500572512840644,-0.999476559688553,1241.8,-459.0,-44.380082987551866,14930390.0,2479715.0,276667.5
BL031,Boric Acid,50.0,5.0,3.0,1.8865801710402237,-0.999382174096836,1280.0,-475.6,-48.13195020746888,15530832.5,2588167.5,259020.0
BL031,Boric Acid,50.0,5.0,4.0,1.9182442946058091,-0.9980873962655602,1329.2,-409.2,-48.0609756097561,16107755.0,3111605.0,379822.5
BL031,Boric Acid,5.0,5.0,1.0,1.6992924947559285,-0.9991111743164931,1293.8,-463.6,-39.643983402489624,13575700.0,2154470.0,275545.0
BL031,Boric Acid,5.0,5.0,2.0,1.5909437625684766,-0.9993759101310589,1236.2,-408.0,-32.41554770318021,13253852.5,3100582.5,358200.0
BL031,Boric Acid,5.0,5.0,3.0,1.8614690277682078,-0.9991387032315855,1194.2,-407.4,-44.818257261410785,14860207.5,2533420.0,278715.0
BL031,Boric Acid,5.0,5.0,4.0,1.983851896895375,-0.9993581297929124,1171.8,-418.4,-48.51652892561984,15857927.5,3004240.0,366672.5
BL031,Boric Acid,0.5,5.0,1.0,1.776028880866426,-0.9991335740072202,1214.6,-429.2,-39.97723577235772,13530475.0,2052225.0,248315.0
BL031,Boric Acid,0.5,5.0,2.0,1.90481217239371,-0.9992719860221316,1213.8,-387.8,-43.2305785123967,14046430.0,2119245.0,233790.0
BL031,Boric Acid,0.5,5.0,3.0,1.9776929541952655,-0.9991595461549236,1226.0,-415.8,-46.65371900826446,14842317.5,2346625.0,261102.5
BL031,Boric Acid,0.5,5.0,4.0,2.0065468113975578,-0.9995590230664858,1324.2,-429.4,-48.87603305785124,15815410.0,2921275.0,315457.5
BL031,Boric Acid,0.05,5.0,1.0,1.6651379595519133,-0.9991729945116908,1209.2,-410.4,-31.28904593639576,12419542.5,1987940.0,253602.5
BL031,Boric Acid,0.05,5.0,2.0,1.641797691227349,-0.999040865961018,1292.4,-406.6,-39.9175,13669510.0,2362340.0,263542.5
BL031,Boric Acid,0.05,5.0,3.0,1.9492572489644338,-0.9993215254963577,1223.0,-381.6,-45.28464730290457,14663340.0,2418795.0,276252.5
BL031,Boric Acid,0.05,5.0,4.0,2.1905896772436333,-0.9993531254255754,1264.8,-454.4,-52.50857142857143,16515692.5,3052887.5,354117.5
BL031,Boric Acid,500.0,4.0,1.0,3.5221834174104254,-0.9980597594101669,795.6,-748.6,-19.508960573476703,6816265.0,2003000.0,275835.0
BL031,Boric Acid,500.0,4.0,2.0,4.145898730721987,-0.9974068513716391,740.0,-810.8,-24.782040816326532,8065207.5,2509862.5,457540.0
BL031,Boric Acid,500.0,4.0,3.0,3.730178865913992,-0.9983508816440442,798.0,-910.4,-21.06953405017921,7828407.5,2332665.0,353552.5
BL031,Boric Acid,500.0,4.0,4.0,3.6073027090694936,-0.9967020023557126,850.2,-968.2,-21.934050179211468,8105520.0,2522227.5,524922.5
BL031,Boric Acid,50.0,4.0,1.0,4.336139896373057,-0.9977331606217616,708.4,-975.0,-19.25611510791367,6403582.5,2177485.0,366277.5
BL031,Boric Acid,50.0,4.0,2.0,4.075983912668773,-0.9978454467107153,764.6,-1084.2,-20.331182795698926,7206687.5,2434962.5,421002.5
BL031,Boric Acid,50.0,4.0,3.0,4.495472597299444,-0.9984114376489277,787.8,-1179.0,-20.278853046594982,7119857.5,2862537.5,673667.5
BL031,Boric Acid,50.0,4.0,4.0,4.162032462949894,-0.6270995059985885,796.4,-1240.0,-19.244444444444444,7277697.5,4846927.5,5382587.5
BL031,Boric Acid,5.0,4.0,1.0,4.5843077444500935,-0.9981359091679376,770.0,-1154.8,-19.384229390681003,6317835.0,2137390.0,384000.0
BL031,Boric Acid,5.0,4.0,2.0,5.058345120226308,-0.9966407355021216,795.0,-1234.2,-20.569064748201438,7014880.0,2391355.0,443257.5
BL031,Boric Acid,5.0,4.0,3.0,4.908296943231441,-0.9984884111521666,781.4,-1335.6,-21.01798561151079,7264945.0,2467722.5,450635.0
BL031,Boric Acid,5.0,4.0,4.0,4.439756351210816,-0.8906551775367701,812.8,-1141.6,-20.89462365591398,7738420.0,2988615.0,3823202.5
BL031,Boric Acid,0.5,4.0,1.0,4.716036414565826,-0.9975490196078431,806.6,-1094.2,-19.30035842293907,5726745.0,2065112.5,415727.5
BL031,Boric Acid,0.5,4.0,2.0,4.66449020592667,-0.997153859032312,825.0,-1052.2,-19.959856630824373,6524377.5,2206195.0,410992.5
BL031,Boric Acid,0.5,4.0,3.0,4.581821050970491,-0.997632949345116,786.0,-1183.2,-20.87769784172662,7242840.0,2242677.5,407282.5
BL031,Boric Acid,0.5,4.0,4.0,4.611584068105807,-0.9980237154150198,803.2,-1323.4,-21.73620071684588,7916292.5,2582512.5,482567.5
BL031,Boric Acid,0.05,4.0,1.0,4.670855148342059,-0.9958115183246073,813.8,-1120.0,-19.237410071942445,5665762.5,2062810.0,406172.5
BL031,Boric Acid,0.05,4.0,2.0,4.974147027787549,-0.9975378121702427,803.8,-1371.2,-20.337410071942447,6305860.0,2021582.5,376622.5
BL031,Boric Acid,0.05,4.0,3.0,4.785967170904409,-0.9975860959124557,791.4,-1289.4,-21.384892086330936,6943002.5,2075560.0,373520.0
BL031,Boric Acid,0.05,4.0,4.0,4.7756142790913305,-0.9973728944521713,830.0,-1241.0,-22.140501792114694,8215995.0,2718505.0,623740.0
BL031,Boric Acid,500.0,3.0,1.0,1.8987003647197822,-0.8913546000924641,518.2,-310.6,-25.25144927536232,8230610.0,4712295.0,3542900.0
BL031,Boric Acid,500.0,3.0,2.0,1.87111043319097,-0.8818385194224121,429.8,-304.0,-24.983333333333334,8810787.5,5486002.5,3965630.0
BL031,Boric Acid,500.0,3.0,3.0,1.9172669605418773,-0.8853886678851737,425.4,-286.6,-24.29927536231884,8512492.5,5559637.5,3850170.0
BL031,Boric Acid,500.0,3.0,4.0,1.9451751899308312,-0.8843973239596327,485.6,-325.0,-23.299638989169676,8495455.0,5898442.5,3755695.0
BL031,Boric Acid,50.0,3.0,1.0,1.9759318852239207,-0.999195494770716,455.4,-285.8,-21.271480144404332,7326615.0,1784390.0,189430.0
BL031,Boric Acid,50.0,3.0,2.0,2.0350854225306017,-0.9992145054657328,500.4,-309.2,-22.358273381294964,8256485.0,1898860.0,186222.5
BL031,Boric Acid,50.0,3.0,3.0,2.0571076683736305,-0.9987035716600765,480.0,-347.0,-22.81654676258993,8157180.0,1999242.5,218740.0
BL031,Boric Acid,50.0,3.0,4.0,2.2573282932743743,-0.8423079666214963,477.4,-528.8,-21.255595667870036,8032525.0,5676407.5,3687987.5
BL031,Boric Acid,5.0,3.0,1.0,2.038198819550368,-0.9988726042841037,540.8,-371.0,-22.098561151079135,7427332.5,1569702.5,190775.0
BL031,Boric Acid,5.0,3.0,2.0,1.9639428993354664,-0.9987693822298794,502.2,-309.6,-22.948201438848923,8785517.5,1654672.5,162015.0
BL031,Boric Acid,5.0,3.0,3.0,2.056030631780472,-0.9985960433950223,497.0,-1022.0,-23.24620938628159,8405820.0,1789940.0,199940.0
BL031,Boric Acid,5.0,3.0,4.0,1.9353831371607013,-0.8711866442469373,435.2,-379.8,-21.72057761732852,9326152.5,5293202.5,3342242.5
BL031,Boric Acid,0.5,3.0,1.0,2.084124923118978,-0.9989065810155129,491.4,-294.8,-21.928776978417265,6956697.5,1318997.5,164182.5
BL031,Boric Acid,0.5,3.0,2.0,2.1222684005898915,-0.9987263708271886,496.8,-340.0,-22.763309352517986,8083075.0,1365712.5,134725.0
BL031,Boric Acid,0.5,3.0,3.0,2.1940855385890967,-0.8656809230981828,423.8,-358.8,-21.52418772563177,8707645.0,4108432.5,2862275.0
BL031,Boric Acid,0.5,3.0,4.0,2.2194203483289625,-0.8897182435612938,514.6,-397.4,-25.921487603305785,9417872.5,3359687.5,2796792.5
BL031,Boric Acid,0.05,3.0,1.0,2.1635616438356164,-0.9986986301369863,504.4,-351.2,-22.793501805054152,7174230.0,1225757.5,142365.0
BL031,Boric Acid,0.05,3.0,2.0,2.184559030712877,-0.9988024795717103,467.2,-259.6,-22.379061371841154,7533057.5,1510982.5,209732.5
BL031,Boric Acid,0.05,3.0,3.0,2.198400867326196,-0.9985770429597507,474.0,-347.4,-23.410108303249096,8787830.0,1513565.0,240002.5
BL031,Boric Acid,0.05,3.0,4.0,2.302507619839291,-0.9432668329177057,509.0,-443.8,-23.407942238267147,9552675.0,3083665.0,2817507.5
BL031,Boric Acid,500.0,2.0,1.0,1.5980278422273781,-0.9997422015983501,737.2,-449.0,-36.191240875912406,12185447.5,1139507.5,86895.0
BL031,Boric Acid,500.0,2.0,2.0,1.6182438899878757,-0.9998404696573289,555.6,-502.2,-37.42730627306273,13480327.5,1351060.0,100255.0
BL031,Boric Acid,500.0,2.0,3.0,1.5155421724538125,-0.9997177001976099,515.0,-481.2,-35.65166051660517,13209055.0,1444242.5,121872.5
BL031,Boric Acid,500.0,2.0,4.0,1.5137226867248936,-0.999564852516085,705.6,-668.4,-36.744905660377356,14211322.5,1628572.5,133577.5
BL031,Boric Acid,50.0,2.0,1.0,1.4861591091562816,-0.9994763849617762,485.8,-407.0,-31.408856088560885,10670747.5,1202695.0,112752.5
BL031,Boric Acid,50.0,2.0,2.0,1.6224855036151478,-0.9992841291431026,392.2,-417.2,-34.06691729323308,11965075.0,1448955.0,184855.0
BL031,Boric Acid,50.0,2.0,3.0,1.645485550170526,-0.9886555376054569,474.6,-495.8,-34.353962264150944,12686195.0,1841610.0,1901792.5
BL031,Boric Acid,50.0,2.0,4.0,1.6173719855233455,-0.9035009137492386,457.0,-465.6,-32.03245283018868,12705472.5,5061205.0,3297557.5
BL031,Boric Acid,5.0,2.0,1.0,1.5446521287642783,-0.9994066162290461,410.6,-500.2,-30.72619926199262,10573135.0,1092942.5,110157.5
BL031,Boric Acid,5.0,2.0,2.0,1.6599992605464562,-0.9996302732280844,419.8,-439.0,-33.877735849056606,12043175.0,1314730.0,118282.5
BL031,Boric Acid,5.0,2.0,3.0,1.5606634016028496,-0.9240130602552686,530.2,-447.2,-30.314393939393938,11800475.0,4241985.0,2989535.0
BL031,Boric Acid,5.0,2.0,4.0,1.7513070562497683,-0.9464570432719048,480.6,-437.2,-34.68712121212121,12771425.0,3253260.0,2603217.5
BL031,Boric Acid,0.5,2.0,1.0,1.5737420909912625,-0.9995480566435674,436.2,-556.4,-30.82952029520295,10343080.0,1053322.5,112397.5
BL031,Boric Acid,0.5,2.0,2.0,1.687751115042943,-0.9995945298389177,558.4,-425.8,-34.418045112781954,11862300.0,1123757.5,105632.5
BL031,Boric Acid,0.5,2.0,3.0,1.7472162020775728,-0.9994021373589418,581.6,-545.2,-35.41136363636364,12580615.0,1385440.0,125685.0
BL031,Boric Acid,0.5,2.0,4.0,1.7649295459628718,-0.9471035562513979,508.6,-513.6,-34.66188679245283,12990072.5,2979547.5,2576452.5
BL031,Boric Acid,0.05,2.0,1.0,1.6533385549246133,-0.9994517329156061,478.0,-574.6,-31.146863468634685,9798900.0,1087277.5,149140.0
BL031,Boric Acid,0.05,2.0,2.0,1.640892722883938,-0.9993668632028808,379.0,-399.4,-31.166165413533836,10250042.5,1239992.5,158257.5
BL031,Boric Acid,0.05,2.0,3.0,1.7881585667701254,-0.9919459395749027,470.8,-500.6,-34.19547169811321,11867705.0,1217682.5,1440027.5
BL031,Boric Acid,0.05,2.0,4.0,1.851029087871193,-0.999240525556315,474.2,-667.2,-36.77358490566038,13592515.0,1492977.5,250542.5
BL031,Boric Acid,500.0,1.0,1.0,3.973877176901925,-0.997250229147571,621.8,-411.2,-18.83695652173913,7260025.0,2183880.0,176500.0
BL031,Boric Acid,500.0,1.0,2.0,4.066382728741372,-0.9988250844470554,666.0,-458.8,-20.057971014492754,8037615.0,2565670.0,205652.5
BL031,Boric Acid,500.0,1.0,3.0,4.1598186455086426,-0.9977330688580335,738.2,-490.4,-21.187003610108302,8145845.0,3031657.5,304642.5
BL031,Boric Acid,500.0,1.0,4.0,5.268114651949439,-0.9857575218087947,687.0,-904.6,-21.38478260869565,8923015.0,4052690.0,610772.5
BL031,Boric Acid,50.0,1.0,1.0,4.979787872723634,-0.9965979587752651,626.8,-455.2,-18.019565217391303,6195580.0,2081972.5,187342.5
BL031,Boric Acid,50.0,1.0,2.0,5.001279239766082,-0.9983552631578947,726.0,-512.0,-19.82463768115942,7074040.0,2440745.0,215002.5
BL031,Boric Acid,50.0,1.0,3.0,4.783540214249277,-0.9969392960380887,720.2,-730.6,-20.298916967509026,7154670.0,2406392.5,274195.0
BL031,Boric Acid,50.0,1.0,4.0,5.0248545742993125,-0.9977084435043188,727.2,-738.0,-20.572563176895308,7889812.5,2761955.0,251637.5
BL031,Boric Acid,5.0,1.0,1.0,6.107237316662659,-0.9975955758595816,680.4,-763.4,-18.332129963898918,5900852.5,1980627.5,183977.5
BL031,Boric Acid,5.0,1.0,2.0,6.233151183970856,-0.9970400728597449,684.0,-1011.6,-19.828260869565216,6673710.0,1932147.5,170400.0
BL031,Boric Acid,5.0,1.0,3.0,6.12050010778185,-0.9965509808148307,694.4,-991.0,-20.56304347826087,6981962.5,2260250.0,213480.0
BL031,Boric Acid,5.0,1.0,4.0,5.768375049662296,-0.5909813269765594,680.8,-1095.0,-19.55,6964817.5,4831340.0,3331390.0
BL031,Boric Acid,0.5,1.0,1.0,5.013931523022432,-0.9964580873671782,626.8,-414.6,-15.376086956521739,5119220.0,2049775.0,285835.0
BL031,Boric Acid,0.5,1.0,2.0,5.811041666666667,-0.9970833333333333,712.4,-1004.0,-20.202173913043477,6431705.0,1863357.5,169822.5
BL031,Boric Acid,0.5,1.0,3.0,5.244796463437097,-0.9974212562166145,696.2,-1056.6,-20.6231884057971,6990145.0,2074962.5,199330.0
BL031,Boric Acid,0.5,1.0,4.0,5.658893813836963,-0.9967238388899595,674.2,-1066.6,-21.265942028985506,7552487.5,2266442.5,211935.0
BL031,Boric Acid,0.05,1.0,1.0,5.520342117429496,-0.9958391123439667,681.0,-545.0,-17.292028985507248,5243730.0,1887612.5,232707.5
BL031,Boric Acid,0.05,1.0,2.0,5.630889499260511,-0.9966194802450877,704.8,-1000.4,-19.30072463768116,5789862.5,1840812.5,203887.5
BL031,Boric Acid,0.05,1.0,3.0,5.97782340862423,-0.9981519507186858,723.4,-1035.0,-21.089130434782607,7032865.0,1915825.0,159992.5
BL031,Boric Acid,0.05,1.0,4.0,5.991888055161225,-0.99675522206449,668.0,-948.6,-21.39855072463768,7729537.5,2225395.0,227575.0
BL031,Diazinon,500.0,1.0,1.0,963.3333333333334,341.55555555555554,100.6,-98.6,-27.253658536585366,7645.0,861195.0,8743300.0
BL031,Diazinon,500.0,1.0,2.0,222.9777777777778,179.2111111111111,116.4,-80.0,-26.544827586206896,26745.0,15982.5,6425700.0
BL031,Diazinon,500.0,1.0,3.0,1.393800168990283,-0.914395859738065,336.2,-142.0,-17.757706093189963,6898592.5,2074277.5,1986302.5
BL031,Diazinon,500.0,1.0,4.0,2.3314945859103657,-0.956241525974629,2409.4,-1107.4,-90.90332103321033,30780050.0,4073007.5,2697600.0
BL031,Diazinon,50.0,1.0,1.0,1.2547131467875567,-0.8481163045177427,897.2,-259.0,-25.106049822064058,9349540.0,3661667.5,5015135.0
BL031,Diazinon,50.0,1.0,2.0,1.694139329155916,-0.8929843961174592,1059.4,-541.4,-46.97309090909091,18218320.0,5243642.5,5242982.5
BL031,Diazinon,50.0,1.0,3.0,1.912826402887816,-0.9171862547466129,1060.6,-1001.4,-56.369675090252706,22310362.5,4818805.0,4279665.0
BL031,Diazinon,50.0,1.0,4.0,2.320521548967424,-0.8874378494357451,1264.4,-952.0,-79.27555555555556,29699692.5,7017420.0,6717470.0
BL031,Diazinon,5.0,1.0,1.0,1.6722059302704464,-0.8840881937656131,1577.2,-542.6,-52.104727272727274,19044710.0,4678802.5,5121140.0
BL031,Diazinon,5.0,1.0,2.0,2.079440909565036,-0.9160112652550328,1552.0,-1330.0,-68.81438848920864,25523367.5,4931447.5,5305902.5
BL031,Diazinon,5.0,1.0,3.0,2.1634135829074563,-0.8955318843256778,1510.8,-1146.2,-73.76323529411765,27307530.0,5305495.0,5972602.5
BL031,Diazinon,5.0,1.0,4.0,2.2940238259328543,-0.893078664960126,1236.0,-989.8,-82.5814126394052,30134305.0,6163700.0,6183737.5
BL031,Diazinon,0.5,1.0,1.0,2.0358761329305137,-0.8890672205438066,1849.6,-776.0,-59.09855072463768,21523897.5,4603757.5,5395440.0
BL031,Diazinon,0.5,1.0,2.0,2.1469171147266253,-0.8622768428647907,1616.8,-1008.2,-63.00802919708029,23522812.5,4925495.0,6159797.5
BL031,Diazinon,0.5,1.0,3.0,2.193897231023557,-0.8891491022638564,1661.8,-1126.4,-65.98181818181818,23866947.5,4707350.0,5664907.5
BL031,Diazinon,0.5,1.0,4.0,2.4999676745038037,-0.9067948193004762,1572.4,-1039.8,-83.03420074349442,29472010.0,6242187.5,5320577.5
BL031,Diazinon,0.05,1.0,1.0,2.1686939278891497,-0.9415278214397989,1997.6,-669.2,-62.77985611510791,20066202.5,2915995.0,2343340.0
BL031,Diazinon,0.05,1.0,2.0,2.1139103744628605,-0.8809085328422345,1687.8,-885.8,-58.23584229390681,21086690.0,4299405.0,5518182.5
BL031,Diazinon,0.05,1.0,3.0,2.3379382373187116,-0.8951553561679603,1794.8,-1135.6,-68.42036363636363,24141360.0,4717147.5,5504957.5
BL031,Diazinon,0.05,1.0,4.0,2.4501365323126474,-0.8979625177958783,1688.6,-1048.0,-73.7062271062271,26090510.0,5172825.0,5802942.5
BL031,Diazinon,500.0,2.0,1.0,1.7,-1.0,2.0,-2.0,-0.013654618473895583,2752.5,1127.5,2205.0
BL031,Diazinon,500.0,2.0,2.0,1.0,-0.9800399201596807,7.8,-24.2,-0.34097222222222223,65212.5,13160.0,23695.0
BL031,Diazinon,500.0,2.0,3.0,1.0,-0.9251072253381722,52.8,-416.2,-11.683333333333334,3911765.0,1783090.0,1911380.0
BL031,Diazinon,500.0,2.0,4.0,2.419889935056467,-0.9402206515218695,2357.6,-602.8,-64.635,20472477.5,3585277.5,2832157.5
BL031,Diazinon,50.0,2.0,1.0,1.2381007304882738,-0.9046520569011919,499.4,-266.4,-21.230714285714285,7182235.0,2908740.0,3446125.0
BL031,Diazinon,50.0,2.0,2.0,1.5938514191302295,-0.9178320646722133,867.2,-475.2,-36.86115107913669,13724312.5,3796560.0,3609590.0
BL031,Diazinon,50.0,2.0,3.0,1.5638294671600927,-0.9215332310376989,738.2,-461.2,-36.035766423357664,13247555.0,3788030.0,3492492.5
BL031,Diazinon,50.0,2.0,4.0,2.2900660010154,-0.9796194666731136,1805.4,-631.8,-67.54028776978417,22504862.5,4420672.5,2058100.0
BL031,Diazinon,5.0,2.0,1.0,1.8546122994652405,-0.9458834670231729,2568.6,-516.6,-45.685512367491164,13087880.0,2422332.5,2335165.0
BL031,Diazinon,5.0,2.0,2.0,1.9583598659985049,-0.982059303967441,1806.0,-598.2,-50.06142857142857,16360027.5,2824512.5,1853802.5
BL031,Diazinon,5.0,2.0,3.0,2.057825022261799,-0.9408949243098842,1500.0,-764.8,-51.30428571428571,18795647.5,4116602.5,4432700.0
BL031,Diazinon,5.0,2.0,4.0,2.22008434370058,-0.9397469688982604,1781.8,-866.6,-59.595636363636366,21682105.0,5441655.0,5086575.0
BL031,Diazinon,0.5,2.0,1.0,1.8825792150215153,-0.9513626287651584,2190.8,-456.4,-39.758303886925795,11361420.0,2002625.0,1798385.0
BL031,Diazinon,0.5,2.0,2.0,1.941987562032791,-0.940134430554683,1781.6,-603.2,-42.49858156028369,14313397.5,2640222.5,2511815.0
BL031,Diazinon,0.5,2.0,3.0,2.21924796686973,-0.952435254929028,1642.2,-944.0,-52.43985507246377,19684975.0,4874440.0,3822685.0
BL031,Diazinon,0.5,2.0,4.0,2.3780859178665406,-0.938119031428318,1716.2,-893.2,-56.975272727272724,20117932.5,5016380.0,4884092.5
BL031,Diazinon,0.05,2.0,1.0,1.9725560965644047,-0.9811365725765263,2200.0,-543.2,-40.54982332155477,11710417.5,2242842.5,1445412.5
BL031,Diazinon,0.05,2.0,2.0,2.0479185878013437,-0.9561322618890792,1797.8,-607.4,-43.31032028469751,15972107.5,4085612.5,3410490.0
BL031,Diazinon,0.05,2.0,3.0,2.191919191919192,-0.9410878976096367,1677.4,-854.4,-49.09458483754513,18048955.0,4461320.0,4193960.0
BL031,Diazinon,0.05,2.0,4.0,2.4160854402789886,-0.9361377506538797,1770.2,-709.0,-54.544404332129965,19607125.0,4547430.0,4618832.5
BL031,Diazinon,500.0,3.0,1.0,100.38888888888889,99.38888888888889,33.4,-2.2,0.0,4705.0,2997.5,104915.0
BL031,Diazinon,500.0,3.0,2.0,1.0,-0.9769585253456221,3.0,-24.4,-0.29444444444444445,35247.5,6952.5,8555.0
BL031,Diazinon,500.0,3.0,3.0,1.0,-0.9402907580477674,22.0,-383.0,-5.030555555555556,1017935.0,507532.5,519252.5
BL031,Diazinon,500.0,3.0,4.0,1.8292280312604783,-0.9865879136467979,2536.8,-434.6,-49.753356890459365,15681130.0,2859220.0,1354202.5
BL031,Diazinon,50.0,3.0,1.0,1.3991133589335332,-0.9615060410227592,940.0,-722.2,-30.69154929577465,9121887.5,3528690.0,2297817.5
BL031,Diazinon,50.0,3.0,2.0,1.4281128757640886,-0.9644681385547214,831.6,-472.6,-35.135211267605634,11969425.0,3757575.0,2016640.0
BL031,Diazinon,50.0,3.0,3.0,1.551903641146338,-0.9677142461581061,1195.6,-497.2,-38.78515901060071,12759407.5,3622827.5,3346647.5
BL031,Diazinon,50.0,3.0,4.0,1.6366112624381566,-0.965534493301462,1418.8,-372.8,-40.73639575971731,13095340.0,3584272.5,3290502.5
BL031,Diazinon,5.0,3.0,1.0,1.7318065999627121,-0.9731216207818035,1898.4,-602.6,-38.63943661971831,10177765.0,2335085.0,2189507.5
BL031,Diazinon,5.0,3.0,2.0,1.8236788003386142,-0.9760853791268593,1626.4,-448.8,-42.06996466431095,12381272.5,2512132.5,2133552.5
BL031,Diazinon,5.0,3.0,3.0,1.9646767810026384,-0.975065963060686,1582.6,-460.8,-42.00928571428572,12974725.0,2611820.0,2057180.0
BL031,Diazinon,5.0,3.0,4.0,2.222791833780646,-0.9375471186031784,2125.8,-486.4,-51.354121863799286,17716395.0,5485930.0,4451245.0
BL031,Diazinon,0.5,3.0,1.0,1.7757320233628593,-0.9752446524581286,1683.2,-397.0,-31.87887323943662,8879850.0,2111490.0,1821282.5
BL031,Diazinon,0.5,3.0,2.0,1.932968700095816,-0.9722931970616416,1378.4,-344.2,-33.72650176678445,10173180.0,2184805.0,1773730.0
BL031,Diazinon,0.5,3.0,3.0,1.9881283548172237,-0.9766485131058261,1316.4,-416.4,-35.94767025089606,11107132.5,2352702.5,1760367.5
BL031,Diazinon,0.5,3.0,4.0,2.371310507674144,-0.9232585596221959,1853.8,-485.4,-44.582078853046596,15508567.5,4900125.0,4395482.5
BL031,Diazinon,0.05,3.0,1.0,1.8476845901911199,-0.9794784627503006,1509.4,-414.8,-31.03732394366197,8662350.0,2052832.5,1672182.5
BL031,Diazinon,0.05,3.0,2.0,1.9327279244832118,-0.9172740669932689,1350.4,-462.6,-32.825441696113074,11731040.0,3620647.5,3408682.5
BL031,Diazinon,0.05,3.0,3.0,2.279957882800794,-0.9135382497063945,1400.8,-535.4,-39.107581227436825,14891462.5,4731177.5,3691845.0
BL031,Diazinon,0.05,3.0,4.0,2.327335585762552,-0.9141195882768917,1554.0,-401.6,-41.194223826714804,14546322.5,4766012.5,4418500.0
BL031,Diazinon,500.0,4.0,1.0,118.17724288840263,5.606126914660831,275.8,-191.4,-62.18048780487805,872675.0,14763347.5,14860142.5
BL031,Diazinon,500.0,4.0,2.0,1.0,-0.9769585253456221,3.0,-24.4,-0.29444444444444445,35247.5,6952.5,8555.0
BL031,Diazinon,500.0,4.0,3.0,1.0,-0.9402907580477674,22.0,-383.0,-5.030555555555556,1017935.0,507532.5,519252.5
BL031,Diazinon,500.0,4.0,4.0,1.8292280312604783,-0.9865879136467979,2536.8,-434.6,-49.753356890459365,15681130.0,2859220.0,1354202.5
BL031,Diazinon,50.0,4.0,1.0,1.3991133589335332,-0.9615060410227592,940.0,-722.2,-30.69154929577465,9121887.5,3528690.0,2297817.5
BL031,Diazinon,50.0,4.0,2.0,1.4281128757640886,-0.9644681385547214,831.6,-472.6,-35.135211267605634,11969425.0,3757575.0,2016640.0
BL031,Diazinon,50.0,4.0,3.0,1.551903641146338,-0.9677142461581061,1195.6,-497.2,-38.78515901060071,12759407.5,3622827.5,3346647.5
BL031,Diazinon,50.0,4.0,4.0,1.6366112624381566,-0.965534493301462,1418.8,-372.8,-40.73639575971731,13095340.0,3584272.5,3290502.5
BL031,Diazinon,5.0,4.0,1.0,1.7318065999627121,-0.9731216207818035,1898.4,-602.6,-38.63943661971831,10177765.0,2335085.0,2189507.5
BL031,Diazinon,5.0,4.0,2.0,1.8236788003386142,-0.9760853791268593,1626.4,-448.8,-42.06996466431095,12381272.5,2512132.5,2133552.5
BL031,Diazinon,5.0,4.0,3.0,1.9646767810026384,-0.975065963060686,1582.6,-460.8,-42.00928571428572,12974725.0,2611820.0,2057180.0
BL031,Diazinon,5.0,4.0,4.0,2.222791833780646,-0.9375471186031784,2125.8,-486.4,-51.354121863799286,17716395.0,5485930.0,4451245.0
BL031,Diazinon,0.5,4.0,1.0,1.7757320233628593,-0.9752446524581286,1683.2,-397.0,-31.87887323943662,8879850.0,2111490.0,1821282.5
BL031,Diazinon,0.5,4.0,2.0,1.932968700095816,-0.9722931970616416,1378.4,-344.2,-33.72650176678445,10173180.0,2184805.0,1773730.0
BL031,Diazinon,0.5,4.0,3.0,1.9881283548172237,-0.9766485131058261,1316.4,-416.4,-35.94767025089606,11107132.5,2352702.5,1760367.5
BL031,Diazinon,0.5,4.0,4.0,2.371310507674144,-0.9232585596221959,1853.8,-485.4,-44.582078853046596,15508567.5,4900125.0,4395482.5
BL031,Diazinon,0.05,4.0,1.0,1.8476845901911199,-0.9794784627503006,1509.4,-414.8,-31.03732394366197,8662350.0,2052832.5,1672182.5
BL031,Diazinon,0.05,4.0,2.0,1.9327279244832118,-0.9172740669932689,1350.4,-462.6,-32.825441696113074,11731040.0,3620647.5,3408682.5
BL031,Diazinon,0.05,4.0,3.0,2.279957882800794,-0.9135382497063945,1400.8,-535.4,-39.107581227436825,14891462.5,4731177.5,3691845.0
BL031,Diazinon,0.05,4.0,4.0,2.327335585762552,-0.9141195882768917,1554.0,-401.6,-41.194223826714804,14546322.5,4766012.5,4418500.0
BL031,Diazinon,500.0,5.0,1.0,2.717359413202934,-0.9753200057529124,1326.8,-1286.6,-69.59925650557621,18467820.0,2323390.0,1780502.5
BL031,Diazinon,500.0,5.0,2.0,2.1191810924746615,-0.9791909588303884,1093.8,-976.2,-69.31777777777778,19137157.5,2282712.5,1827905.0
BL031,Diazinon,500.0,5.0,3.0,2.109750281800052,-0.9807508887540103,1154.0,-1058.0,-71.43629629629629,19390695.0,2234602.5,1803697.5
BL031,Diazinon,500.0,5.0,4.0,2.1874726524897175,-0.9801566465388991,900.4,-1289.6,-73.39111111111112,21779965.0,2349077.5,1776980.0
BL031,Diazinon,50.0,5.0,1.0,2.481186067590315,-0.866399067719798,1263.2,-1513.2,-67.14962962962963,16590552.5,2771257.5,5023930.0
BL031,Diazinon,50.0,5.0,2.0,2.2556325403362565,-0.8860652163380008,1116.0,-1076.2,-65.48518518518519,17074747.5,2860682.5,5093147.5
BL031,Diazinon,50.0,5.0,3.0,2.3114944907143964,-0.8732347007397444,1082.6,-1035.6,-62.56740740740741,16831772.5,2925590.0,4899280.0
BL031,Diazinon,50.0,5.0,4.0,2.4593123777670702,-0.973866953884527,749.6,-1048.2,-63.825278810408925,19214510.0,3069350.0,2028062.5
BL031,Diazinon,5.0,5.0,1.0,2.5444047751868792,-0.9184424857748522,1097.0,-1206.4,-65.64907063197026,16807745.0,2078725.0,2295780.0
BL031,Diazinon,5.0,5.0,2.0,2.5000278102230378,-0.9755548139496079,1045.2,-1154.4,-65.93851851851852,17165855.0,2009225.0,1734137.5
BL031,Diazinon,5.0,5.0,3.0,2.4507457838174385,-0.9768279147830324,1070.8,-1245.4,-66.4274074074074,17499565.0,2029285.0,1787752.5
BL031,Diazinon,5.0,5.0,4.0,2.615346191202997,-0.9752185375329541,821.8,-1573.6,-69.40594795539033,19404952.5,2227400.0,1832182.5
BL031,Diazinon,0.5,5.0,1.0,2.7625189681335356,-0.9735356600910471,1128.8,-1254.0,-67.02825278810408,17022817.5,2340530.0,1718187.5
BL031,Diazinon,0.5,5.0,2.0,2.5900204012240735,-0.975631871245608,1047.2,-1063.4,-67.07185185185185,17537455.0,1957930.0,1643845.0
BL031,Diazinon,0.5,5.0,3.0,2.5116186011947295,-0.97130362706148,983.6,-1154.8,-64.58736059479554,16959972.5,1948852.5,1821322.5
BL031,Diazinon,0.5,5.0,4.0,2.502508056606417,-0.9728177105226286,979.2,-1448.2,-65.67434944237918,17992017.5,2070110.0,1838155.0
BL031,Diazinon,0.05,5.0,1.0,2.7544692485653335,-0.9051768169936605,1196.4,-1207.6,-65.57111111111111,16813885.0,1942042.5,2419825.0
BL031,Diazinon,0.05,5.0,2.0,2.7779337707920035,-0.9622157790325042,773.0,-1100.0,-66.75167286245353,16677455.0,2302565.0,2262707.5
BL031,Diazinon,0.05,5.0,3.0,2.5787077569602523,-0.9659721006245258,908.4,-1229.0,-64.82973977695167,16799130.0,1948485.0,1895570.0
BL031,Diazinon,0.05,5.0,4.0,2.6488200281159333,-0.9686836359285735,870.2,-1387.6,-65.0639405204461,17527150.0,1997060.0,1842940.0
BL031,Trimethoprim,500.0,1.0,1.0,1.8857142857142857,-0.2571428571428571,4.0,-3.6,-0.029411764705882353,16945.0,10755.0,28547.5
BL031,Trimethoprim,500.0,1.0,2.0,319.6825396825397,170.94444444444446,405.4,-316.4,-61.53719008264463,959090.0,13251200.0,49989100.0
BL031,Trimethoprim,500.0,1.0,3.0,11.658182541260688,2.563034400477232,651.8,-530.0,-182.9685393258427,9857285.0,17533540.0,57693092.5
BL031,Trimethoprim,500.0,1.0,4.0,3.0079802259887005,-0.6428907721280602,2210.4,-1533.8,-87.97578125,30819567.5,18957820.0,34189672.5
BL031,Trimethoprim,50.0,1.0,1.0,4.0090744744957645,-0.03984261458296409,1248.2,-1061.8,-67.99446640316205,28389030.0,18264882.5,47207167.5
BL031,Trimethoprim,50.0,1.0,2.0,4.123663225567164,-0.18331581875502256,1512.4,-1479.4,-84.2472440944882,31519097.5,19064062.5,46032777.5
BL031,Trimethoprim,50.0,1.0,3.0,4.359912600145666,-0.4614712308812819,2749.8,-1625.0,-103.28267716535433,35437650.0,22306620.0,45075115.0
BL031,Trimethoprim,50.0,1.0,4.0,3.6345387243735763,-0.6235525816249051,4000.2,-1846.8,-107.27265625,33712390.0,11891860.0,21065107.5
BL031,Trimethoprim,5.0,1.0,1.0,3.055178119281005,-0.3453583694752939,1727.4,-1428.0,-75.10196078431373,31346385.0,17090210.0,41908520.0
BL031,Trimethoprim,5.0,1.0,2.0,4.156174047068587,-0.35900171912976464,2599.8,-1948.2,-93.0156862745098,33102357.5,19444662.5,41847300.0
BL031,Trimethoprim,5.0,1.0,3.0,4.12524325423335,-0.4502309099886723,2713.0,-1591.2,-96.171875,33848230.0,21087342.5,39707490.0
BL031,Trimethoprim,5.0,1.0,4.0,3.5028893704506308,-0.5588153581152414,2685.2,-1479.8,-86.09609375,28707685.0,10773440.0,16827285.0
BL031,Trimethoprim,0.5,1.0,1.0,3.1081615686724193,-0.5723131611386635,939.6,-1516.4,-73.3356862745098,28651535.0,16481165.0,29350740.0
BL031,Trimethoprim,0.5,1.0,2.0,3.1978728446998876,-0.7077383421224152,1042.2,-1178.2,-76.32373540856031,27686405.0,18459215.0,27519607.5
BL031,Trimethoprim,0.5,1.0,3.0,2.6935750082525582,-0.7208834738769019,1480.4,-1086.2,-62.85703125,21004382.5,7021322.5,10877295.0
BL031,Trimethoprim,0.5,1.0,4.0,2.9985796689759123,-0.7583698078205166,2040.6,-976.0,-74.30625,25709000.0,18381722.5,26663400.0
BL031,Trimethoprim,0.05,1.0,1.0,2.827533809451451,-0.5438383224433977,1118.8,-1409.2,-61.2,24976632.5,16973055.0,29751605.0
BL031,Trimethoprim,0.05,1.0,2.0,2.85405791697738,-0.6963708675118071,924.2,-1250.2,-64.37882352941176,24372115.0,17207960.0,27099880.0
BL031,Trimethoprim,0.05,1.0,3.0,2.8630676405208004,-0.6208955223880597,1150.4,-1199.8,-61.109375,22942992.5,14406762.5,23212920.0
BL031,Trimethoprim,0.05,1.0,4.0,3.108920620297866,-0.5951788730231844,1350.6,-1064.2,-68.79609375,24545295.0,15281840.0,25326895.0
BL031,Trimethoprim,500.0,2.0,1.0,1.88,-0.64,3.4,-3.0,-0.02945736434108527,12390.0,10060.0,10710.0
BL031,Trimethoprim,500.0,2.0,2.0,86.2008797653959,14.494134897360704,283.4,-217.0,-49.20612244897959,5944580.0,19687140.0,22686912.5
BL031,Trimethoprim,500.0,2.0,3.0,1.4504652655222205,-0.7737846943686828,383.2,-444.2,-23.66124031007752,10538570.0,8670827.5,10054657.5
BL031,Trimethoprim,500.0,2.0,4.0,2.3509051476120923,-0.9591023768423849,2595.4,-917.2,-79.6793893129771,27126970.0,11884780.0,12242425.0
BL031,Trimethoprim,50.0,2.0,1.0,2.0362666666666667,-0.9647492063492064,715.2,-385.4,-61.07751937984496,22205485.0,12408337.5,12928380.0
BL031,Trimethoprim,50.0,2.0,2.0,2.437135989645928,-0.8701349727281131,1095.0,-583.6,-89.53452914798206,27745355.0,30222345.0,29348462.5
BL031,Trimethoprim,50.0,2.0,3.0,2.300870794106033,-0.8241369993973024,1018.6,-524.8,-78.95675675675676,31122995.0,27085280.0,34121102.5
BL031,Trimethoprim,50.0,2.0,4.0,1.9711258411168022,-0.9270697331860333,1918.0,-886.2,-86.89808429118774,29563385.0,13256150.0,15065542.5
BL031,Trimethoprim,5.0,2.0,1.0,2.186060381704508,-0.924831358999671,1419.0,-667.6,-79.25868725868726,32249815.0,23636167.5,22140510.0
BL031,Trimethoprim,5.0,2.0,2.0,2.485495577493057,-0.852902051389764,1038.4,-519.8,-78.89606299212599,29573112.5,26831115.0,28808247.5
BL031,Trimethoprim,5.0,2.0,3.0,2.3936409193018835,-0.8914377052013133,1369.6,-513.4,-82.6484375,32232972.5,26811930.0,27433302.5
BL031,Trimethoprim,5.0,2.0,4.0,2.0616072779134345,-0.9116623808803509,2295.0,-693.2,-69.4425855513308,23747077.5,10912690.0,11064925.0
BL031,Trimethoprim,0.5,2.0,1.0,2.395222151360544,-0.8867453231292517,1592.2,-576.8,-65.80459770114942,27579687.5,20903060.0,22166597.5
BL031,Trimethoprim,0.5,2.0,2.0,2.600251936426255,-0.8899252231245477,1504.2,-463.6,-72.02403100775194,28785812.5,22869807.5,23606715.0
BL031,Trimethoprim,0.5,2.0,3.0,2.7061105220966617,-0.8762380078094696,1720.8,-458.6,-76.81692307692308,30008497.5,23845845.0,25719635.0
BL031,Trimethoprim,0.5,2.0,4.0,2.205015723685949,-0.9674162944953886,1720.8,-831.4,-62.514828897338404,20477180.0,9041410.0,7090655.0
BL031,Trimethoprim,0.05,2.0,1.0,2.4144876026064144,-0.8624016247778624,1738.2,-419.6,-61.616793893129774,26596800.0,19698097.5,21759640.0
BL031,Trimethoprim,0.05,2.0,2.0,2.568055164649592,-0.8775963974106389,1659.6,-497.2,-66.33129770992366,27421232.5,20520247.5,21396517.5
BL031,Trimethoprim,0.05,2.0,3.0,2.4460853452805664,-0.8116098343427639,1848.0,-480.6,-62.3175572519084,24651925.0,16809975.0,20078402.5
BL031,Trimethoprim,0.05,2.0,4.0,2.0745674829303353,-0.9713537655937163,2144.6,-666.6,-60.61216730038023,20393817.5,8599897.5,6309895.0
BL031,Trimethoprim,500.0,3.0,1.0,2.736842105263158,-0.3684210526315789,2.8,-3.4,-0.0311284046692607,13770.0,11412.5,17720.0
BL031,Trimethoprim,500.0,3.0,2.0,181.7978494623656,89.8236559139785,339.2,-401.0,-128.1909090909091,357387.5,11321565.0,49851222.5
BL031,Trimethoprim,500.0,3.0,3.0,15.212422562764917,1.749266384088686,643.4,-488.2,-184.2144578313253,6758885.0,19966882.5,44460242.5
BL031,Trimethoprim,500.0,3.0,4.0,2.6047092777699565,-0.860833450654653,1866.0,-451.2,-59.617872340425535,21647302.5,19918287.5,18772590.0
BL031,Trimethoprim,50.0,3.0,1.0,3.304538742519624,-0.916686096215124,663.0,-544.2,-71.77056277056278,24164905.0,25195567.5,19536352.5
BL031,Trimethoprim,50.0,3.0,2.0,2.787832041538114,-0.9553013770787869,827.6,-4086.0,-56.95859375,20040640.0,13645415.0,11097350.0
BL031,Trimethoprim,50.0,3.0,3.0,3.5272661999641,-0.9234966792317357,955.4,-626.0,-82.86293103448276,27499075.0,25152777.5,18156402.5
BL031,Trimethoprim,50.0,3.0,4.0,2.6273130649137224,-0.9521117502054232,1024.6,-483.2,-60.6015444015444,23104537.5,12889480.0,6837462.5
BL031,Trimethoprim,5.0,3.0,1.0,3.7673337465686707,-0.9366421677145134,940.2,-493.0,-71.19829787234042,23194612.5,21379335.0,15807170.0
BL031,Trimethoprim,5.0,3.0,2.0,3.821964658939768,-0.9338780163404902,888.2,-497.4,-67.57948717948717,22625032.5,20990230.0,13980257.5
BL031,Trimethoprim,5.0,3.0,3.0,4.3107492444404345,-0.9358112679868285,1052.4,-532.4,-80.46324786324786,26081007.5,25256487.5,13845845.0
BL031,Trimethoprim,5.0,3.0,4.0,2.5742017778132102,-0.9507314545382071,1118.4,-545.0,-48.35343511450382,18924890.0,10298707.5,5173635.0
BL031,Trimethoprim,0.5,3.0,1.0,3.891672994178689,-0.9098962288028347,919.8,-599.4,-63.91489361702128,20856235.0,20248852.5,16112570.0
BL031,Trimethoprim,0.5,3.0,2.0,3.8029754062362757,-0.914580588493632,807.4,-398.8,-57.87948717948718,19129477.5,17558367.5,13820580.0
BL031,Trimethoprim,0.5,3.0,3.0,3.023479415670651,-0.9581938911022576,821.2,-378.0,-48.38793103448276,16951207.5,11217085.0,6975877.5
BL031,Trimethoprim,0.5,3.0,4.0,2.566358386930191,-0.9496737242382987,1043.4,-457.2,-40.60151515151515,15989232.5,8951845.0,5159510.0
BL031,Trimethoprim,0.05,3.0,1.0,4.178831910442698,-0.8411827896194946,872.8,-514.2,-60.51234042553192,19582670.0,19080012.5,17564397.5
BL031,Trimethoprim,0.05,3.0,2.0,4.371177582564217,-0.8591126431669076,837.4,-414.0,-65.30987124463519,21123062.5,20281102.5,16593015.0
BL031,Trimethoprim,0.05,3.0,3.0,3.2416040653999114,-0.95929076447194,813.0,-402.0,-49.52905982905983,17464080.0,10883137.5,6532060.0
BL031,Trimethoprim,0.05,3.0,4.0,2.6333385735995387,-0.9491694178064246,903.8,-353.2,-37.47680608365019,15124600.0,9133415.0,4470567.5
BL031,Trimethoprim,500.0,4.0,1.0,2.736842105263158,-0.3684210526315789,2.8,-3.4,-0.0311284046692607,13770.0,11412.5,17720.0
BL031,Trimethoprim,500.0,4.0,2.0,181.7978494623656,89.8236559139785,339.2,-401.0,-128.1909090909091,357387.5,11321565.0,49851222.5
BL031,Trimethoprim,500.0,4.0,3.0,15.212422562764917,1.749266384088686,643.4,-488.2,-184.2144578313253,6758885.0,19966882.5,44460242.5
BL031,Trimethoprim,500.0,4.0,4.0,2.6047092777699565,-0.860833450654653,1866.0,-451.2,-59.617872340425535,21647302.5,19918287.5,18772590.0
BL031,Trimethoprim,50.0,4.0,1.0,3.304538742519624,-0.916686096215124,663.0,-544.2,-71.77056277056278,24164905.0,25195567.5,19536352.5
BL031,Trimethoprim,50.0,4.0,2.0,2.787832041538114,-0.9553013770787869,827.6,-4086.0,-56.95859375,20040640.0,13645415.0,11097350.0
BL031,Trimethoprim,50.0,4.0,3.0,3.5272661999641,-0.9234966792317357,955.4,-626.0,-82.86293103448276,27499075.0,25152777.5,18156402.5
BL031,Trimethoprim,50.0,4.0,4.0,2.6273130649137224,-0.9521117502054232,1024.6,-483.2,-60.6015444015444,23104537.5,12889480.0,6837462.5
BL031,Trimethoprim,5.0,4.0,1.0,3.7673337465686707,-0.9366421677145134,940.2,-493.0,-71.19829787234042,23194612.5,21379335.0,15807170.0
BL031,Trimethoprim,5.0,4.0,2.0,3.821964658939768,-0.9338780163404902,888.2,-497.4,-67.57948717948717,22625032.5,20990230.0,13980257.5
BL031,Trimethoprim,5.0,4.0,3.0,4.3107492444404345,-0.9358112679868285,1052.4,-532.4,-80.46324786324786,26081007.5,25256487.5,13845845.0
BL031,Trimethoprim,5.0,4.0,4.0,2.5742017778132102,-0.9507314545382071,1118.4,-545.0,-48.35343511450382,18924890.0,10298707.5,5173635.0
BL031,Trimethoprim,0.5,4.0,1.0,3.891672994178689,-0.9098962288028347,919.8,-599.4,-63.91489361702128,20856235.0,20248852.5,16112570.0
BL031,Trimethoprim,0.5,4.0,2.0,3.8029754062362757,-0.914580588493632,807.4,-398.8,-57.87948717948718,19129477.5,17558367.5,13820580.0
BL031,Trimethoprim,0.5,4.0,3.0,3.023479415670651,-0.9581938911022576,821.2,-378.0,-48.38793103448276,16951207.5,11217085.0,6975877.5
BL031,Trimethoprim,0.5,4.0,4.0,2.566358386930191,-0.9496737242382987,1043.4,-457.2,-40.60151515151515,15989232.5,8951845.0,5159510.0
BL031,Trimethoprim,0.05,4.0,1.0,4.178831910442698,-0.8411827896194946,872.8,-514.2,-60.51234042553192,19582670.0,19080012.5,17564397.5
BL031,Trimethoprim,0.05,4.0,2.0,4.371177582564217,-0.8591126431669076,837.4,-414.0,-65.30987124463519,21123062.5,20281102.5,16593015.0
BL031,Trimethoprim,0.05,4.0,3.0,3.2416040653999114,-0.95929076447194,813.0,-402.0,-49.52905982905983,17464080.0,10883137.5,6532060.0
BL031,Trimethoprim,0.05,4.0,4.0,2.6333385735995387,-0.9491694178064246,903.8,-353.2,-37.47680608365019,15124600.0,9133415.0,4470567.5
BL031,Trimethoprim,500.0,5.0,1.0,1.7272727272727273,-0.9318181818181818,3.6,-2.8,-0.05270758122743682,15975.0,5992.5,2485.0
BL031,Trimethoprim,500.0,5.0,2.0,2.260869565217391,-0.9937888198757764,11.0,-6.0,-0.26115107913669067,65352.5,9892.5,3310.0
BL031,Trimethoprim,500.0,5.0,3.0,1.7863018363764964,-0.9978780813664108,2657.0,-1660.2,-102.80377358490566,29309405.0,20895235.0,8032485.0
BL031,Trimethoprim,500.0,5.0,4.0,2.506062815630992,-0.9948958924086527,1087.0,-1646.0,-69.11044776119402,18749362.5,9482317.5,9799860.0
BL031,Trimethoprim,50.0,5.0,1.0,1.8425671389300065,-0.9969338126453796,2099.6,-2008.4,-91.91396226415094,26821742.5,12817117.5,1957267.5
BL031,Trimethoprim,50.0,5.0,2.0,1.9739948414504627,-0.9984827795478683,1957.0,-1837.6,-98.1177358490566,28453572.5,12930535.0,1731527.5
BL031,Trimethoprim,50.0,5.0,3.0,1.9661774961341378,-0.998590097328765,1953.4,-1900.2,-97.81132075471699,28274905.0,12874080.0,1888207.5
BL031,Trimethoprim,50.0,5.0,4.0,1.7561633281972264,-0.9986874393654055,1688.4,-1849.6,-93.18257575757576,25219657.5,15837415.0,6594352.5
BL031,Trimethoprim,5.0,5.0,1.0,1.5526168771886795,-0.9978607148210222,1600.6,-1482.8,-85.8777358490566,26671380.0,9612895.0,1478300.0
BL031,Trimethoprim,5.0,5.0,2.0,1.7477605594569632,-0.9975369819232066,1597.8,-1458.0,-89.84528301886793,26887145.0,11492665.0,1990902.5
BL031,Trimethoprim,5.0,5.0,3.0,1.7154574845058095,-0.9983764629480609,2161.0,-1498.6,-91.27518796992481,28646095.0,9979367.5,1325972.5
BL031,Trimethoprim,5.0,5.0,4.0,1.6870027635876392,-0.9069033860927337,2161.8,-1572.6,-85.86240601503759,26881515.0,12150690.0,7336570.0
BL031,Trimethoprim,0.5,5.0,1.0,1.4357371621308002,-0.9943217860845079,1506.6,-1248.0,-69.7577358490566,20753922.5,9738997.5,2261480.0
BL031,Trimethoprim,0.5,5.0,2.0,1.490905987150439,-0.9969583165213073,1399.6,-1664.2,-72.35849056603773,21398815.0,10203782.5,1982607.5
BL031,Trimethoprim,0.5,5.0,3.0,1.5351371721435032,-0.997482665058788,1749.2,-1308.6,-76.44661654135338,23275000.0,10232425.0,2101907.5
BL031,Trimethoprim,0.5,5.0,4.0,1.5552018260451705,-0.9874759730898607,1859.0,-1302.6,-77.2406015037594,23219130.0,11178407.5,4795297.5
BL031,Trimethoprim,0.05,5.0,1.0,1.3405924895238404,-0.9928972446486644,919.8,-1101.8,-59.081720430107524,17982047.5,8750437.5,2202590.0
BL031,Trimethoprim,0.05,5.0,2.0,1.4012711252347247,-0.9951209334424703,1493.8,-1329.6,-62.369175627240146,19462550.0,8282685.0,2142077.5
BL031,Trimethoprim,0.05,5.0,3.0,1.4694336303366944,-0.9947386424720236,1516.6,-1102.8,-67.58421052631579,20721912.5,8336447.5,2399235.0
BL031,Trimethoprim,0.05,5.0,4.0,1.5456991830850553,-0.9983661701105238,1167.8,-882.6,-72.47819548872181,21499950.0,10853302.5,7519687.5
BL031,DEET,500.0,5.0,1.0,1.0,-0.868421052631579,2.0,-2.8,-0.022916666666666665,3987.5,1752.5,2932.5
BL031,DEET,500.0,5.0,2.0,1.9230769230769231,-1.0,1.8,-2.2,-0.017985611510791366,4392.5,2077.5,2852.5
BL031,DEET,500.0,5.0,3.0,1.0,-1.0,6.0,-19.0,-0.20694444444444443,18175.0,3602.5,4587.5
BL031,DEET,500.0,5.0,4.0,3.6196843753764605,-0.9956631731116733,1212.2,-772.4,-43.18129496402878,11050852.5,4449762.5,3555890.0
BL031,DEET,50.0,5.0,1.0,4.239718083682755,-0.883664912124186,946.6,-813.0,-33.49202898550725,8308732.5,2635912.5,2920962.5
BL031,DEET,50.0,5.0,2.0,3.8676602756141403,-0.774266027561414,1085.8,-879.8,-35.109747292418774,9182765.0,2517132.5,2963077.5
BL031,DEET,50.0,5.0,3.0,3.9317465583015427,-0.9927848731132858,968.8,-732.6,-34.16750902527076,8391445.0,3809167.5,4302535.0
BL031,DEET,50.0,5.0,4.0,4.390968986019605,-0.9048690342278644,1113.0,-693.8,-38.60361010830325,10444460.0,3164552.5,3119887.5
BL031,DEET,5.0,5.0,1.0,3.6929154367077617,-0.8023094287202639,1042.2,-723.8,-28.962589928057554,7017472.5,1654450.0,2226040.0
BL031,DEET,5.0,5.0,2.0,3.6689826302729527,-0.9101736972704715,985.6,-678.0,-31.13093525179856,7599602.5,1798485.0,2216232.5
BL031,DEET,5.0,5.0,3.0,3.5760361099712763,-0.8909314731226918,864.2,-691.0,-30.392086330935253,7655145.0,1779227.5,2430477.5
BL031,DEET,5.0,5.0,4.0,4.103174603174603,-0.908816425120773,975.0,-571.4,-33.579061371841156,8790310.0,2077285.0,2315857.5
BL031,DEET,0.5,5.0,1.0,3.806566270694977,-0.8900944719857824,977.0,-715.6,-28.432374100719425,6725717.5,1567220.0,2043892.5
BL031,DEET,0.5,5.0,2.0,3.701713465506414,-0.8935139499416883,891.0,-574.4,-28.831654676258992,7199635.0,1799690.0,2332440.0
BL031,DEET,0.5,5.0,3.0,3.032686328879926,-0.883959331148643,830.6,-451.6,-25.152898550724636,6823697.5,1830455.0,2484857.5
BL031,DEET,0.5,5.0,4.0,3.935478641484964,-0.9092972359568777,961.8,-590.4,-34.124460431654676,8468925.0,1864930.0,2181535.0
BL031,DEET,0.05,5.0,1.0,3.703935366171488,-0.9900964295022153,1011.4,-721.4,-30.59136690647482,6534560.0,2028112.5,3114215.0
BL031,DEET,0.05,5.0,2.0,4.117304639266185,-0.8968071970365143,1031.8,-542.2,-32.742446043165465,7592400.0,1702962.5,2321697.5
BL031,DEET,0.05,5.0,3.0,3.471652593486128,-0.889109081509564,907.6,-565.2,-28.162454873646208,7073195.0,1941617.5,2525890.0
BL031,DEET,0.05,5.0,4.0,3.687757455923546,-0.9123414071510957,900.8,-521.2,-31.550902527075813,7931927.5,1934640.0,2340937.5
BL031,DEET,500.0,4.0,1.0,1.0,-0.9899497487437185,1.8,-5.6,-0.13680555555555557,17622.5,3310.0,2480.0
BL031,DEET,500.0,4.0,2.0,1.0,-0.9974226804123711,9.2,-7.2,-0.26875,48432.5,3550.0,2805.0
BL031,DEET,500.0,4.0,3.0,1.0383795309168444,-0.9936034115138592,7.2,-9.2,-0.3457142857142857,57962.5,4045.0,3567.5
BL031,DEET,500.0,4.0,4.0,1.204165444411851,-0.7931944851862717,110.0,-36.6,-4.839857651245552,2153530.0,1215222.5,2701797.5
BL031,DEET,50.0,4.0,1.0,6.047625303816593,-0.8230309400249622,761.6,-675.0,-70.09333333333333,20449545.0,7935205.0,3819407.5
BL031,DEET,50.0,4.0,2.0,7.0502531888981474,-0.9769886545734248,917.8,-963.6,-84.9860465116279,23787282.5,7940482.5,5146245.0
BL031,DEET,50.0,4.0,3.0,7.284769062760969,-0.973469518853986,1020.6,-1008.6,-87.25019305019305,24066837.5,8100815.0,5118667.5
BL031,DEET,50.0,4.0,4.0,8.355574107372206,-0.7425507320832263,1254.2,-2071.2,-98.13540856031129,27311927.5,8214917.5,5771072.5
BL031,DEET,5.0,4.0,1.0,5.930694434866561,-0.7800151713674919,1175.4,-787.4,-62.97414448669201,17608925.0,4351375.0,3148117.5
BL031,DEET,5.0,4.0,2.0,6.986646672379321,-0.7697800628391888,945.8,-752.0,-72.7823076923077,20502105.0,4621442.5,2945902.5
BL031,DEET,5.0,4.0,3.0,7.965480350902218,-0.8347478781827259,1246.0,-848.8,-85.11050583657588,24575157.5,6243607.5,2367250.0
BL031,DEET,5.0,4.0,4.0,8.19775371038909,-0.8231715469982618,1232.4,-928.2,-93.36731517509727,27043255.0,6550107.5,2730640.0
BL031,DEET,0.5,4.0,1.0,6.007578676942839,-0.8692999357739242,1362.6,-776.0,-69.58403041825095,20336932.5,5045750.0,1949795.0
BL031,DEET,0.5,4.0,2.0,6.411892819429778,-0.8536166842661035,1226.0,-749.2,-72.19391634980988,20746640.0,5019977.5,2166162.5
BL031,DEET,0.5,4.0,3.0,6.7815903020341075,-0.8505581809465105,1010.2,-650.6,-73.9206106870229,21874410.0,5285352.5,2229995.0
BL031,DEET,0.5,4.0,4.0,7.706333028748155,-0.7771842271736839,1229.0,-785.4,-82.85447470817121,23790992.5,5684637.5,3411062.5
BL031,DEET,0.05,4.0,1.0,5.043647857959513,-0.8393974039948887,857.4,-755.4,-55.6367816091954,15783447.5,4113680.0,3058075.0
BL031,DEET,0.05,4.0,2.0,6.365960604425256,-0.8510523475445224,1261.0,-673.8,-70.08441064638784,19810655.0,4841465.0,2320510.0
BL031,DEET,0.05,4.0,3.0,6.575196636832112,-0.8302142663411988,1033.6,-834.2,-72.11221374045802,21252385.0,5060770.0,3064685.0
BL031,DEET,0.05,4.0,4.0,7.03431997958663,-0.8102832355192651,1072.0,-782.4,-83.4988326848249,23611677.5,4933857.5,2903230.0
BL031,DEET,500.0,3.0,1.0,1.0,-0.9969788519637462,3.2,-21.8,-0.22916666666666666,11452.5,3222.5,3215.0
BL031,DEET,500.0,3.0,2.0,1.0,-0.9975062344139651,3.0,-36.6,-0.5555555555555556,34610.0,4090.0,3570.0
BL031,DEET,500.0,3.0,3.0,1.0,-0.9959183673469387,2.4,-40.2,-0.6777777777777778,49202.5,5000.0,4222.5
BL031,DEET,500.0,3.0,4.0,1.0,-0.8319223818129934,44.6,-191.2,-6.073611111111111,2204735.0,1090925.0,1849005.0
BL031,DEET,50.0,3.0,1.0,2.5295736254693204,-0.9933137890243275,1564.4,-1147.6,-73.76315789473684,24699845.0,8984457.5,5754797.5
BL031,DEET,50.0,3.0,2.0,3.031165382212039,-0.8861955842532806,1449.4,-1083.8,-83.93258426966293,27685150.0,9864845.0,5975977.5
BL031,DEET,50.0,3.0,3.0,3.012959281348943,-0.8891834180104558,1698.8,-1324.4,-88.57078651685393,28452722.5,10111352.5,5704755.0
BL031,DEET,50.0,3.0,4.0,3.852670117409418,-0.8854185077641712,2248.0,-1590.2,-110.89662921348315,35054337.5,10843995.0,5188425.0
BL031,DEET,5.0,3.0,1.0,2.3439773147577365,-0.8832449759585748,1475.0,-852.8,-68.95038167938931,22782855.0,5535890.0,3444920.0
BL031,DEET,5.0,3.0,2.0,2.528865783601576,-0.9211650761999716,1533.8,-1050.6,-77.31086142322097,24415615.0,5925947.5,3183840.0
BL031,DEET,5.0,3.0,3.0,2.451352850295131,-0.9395079824109654,1613.4,-873.4,-90.41573033707866,29179035.0,6700807.5,2449107.5
BL031,DEET,5.0,3.0,4.0,3.7562306006938107,-0.9335174365528573,2374.2,-1362.6,-121.10112359550561,38161650.0,7724997.5,2467260.0
BL031,DEET,0.5,3.0,1.0,2.3138487812451483,-0.9087615794648864,1381.4,-864.2,-64.5827067669173,20962892.5,4779507.5,2802990.0
BL031,DEET,0.5,3.0,2.0,2.760314967797729,-0.9440385972098951,1645.6,-638.2,-89.34736842105264,28085175.0,5835082.5,2002702.5
BL031,DEET,0.5,3.0,3.0,2.947114375655824,-0.9287163343826513,1673.2,-796.8,-92.38202247191012,29571645.0,6167170.0,2431525.0
BL031,DEET,0.5,3.0,4.0,3.4192554180323858,-0.9225820654566802,2041.8,-918.6,-102.3378277153558,32759310.0,7005710.0,2680607.5
BL031,DEET,0.05,3.0,1.0,2.5998817966903074,-0.8889694820545885,1346.4,-890.6,-70.72137404580153,22708775.0,5049777.5,2902730.0
BL031,DEET,0.05,3.0,2.0,2.843228834949166,-0.9218503054749605,1636.6,-645.2,-88.4679245283019,29045242.5,6710067.5,2605845.0
BL031,DEET,0.05,3.0,3.0,3.080247931936556,-0.9236407343687398,1678.6,-677.8,-95.83308270676692,30763932.5,6808510.0,2726715.0
BL031,DEET,0.05,3.0,4.0,3.461836725102223,-0.9204775109272924,1961.0,-879.8,-108.2187969924812,34682935.0,7671707.5,2900782.5
BL031,DEET,500.0,2.0,1.0,1.0,-0.9444444444444444,1.8,-4.4,-0.035416666666666666,5277.5,2670.0,3965.0
BL031,DEET,500.0,2.0,2.0,1.0,-0.9896193771626297,1.6,-21.0,-0.1986111111111111,9082.5,3212.5,5260.0
BL031,DEET,500.0,2.0,3.0,1.0,-0.9883720930232558,1.6,-12.6,-0.11805555555555555,7727.5,4045.0,6892.5
BL031,DEET,500.0,2.0,4.0,1.232904365379763,-0.6521574564723694,59.4,-221.6,-15.417582417582418,1298967.5,1848885.0,5321040.0
BL031,DEET,50.0,2.0,1.0,1.8074554294975689,-0.9966587707268421,1557.2,-1194.6,-52.24115523465704,11290265.0,4902220.0,7041652.5
BL031,DEET,50.0,2.0,2.0,1.7710972619534124,-0.9950194115243155,1420.4,-1067.8,-49.92563176895307,11238972.5,4879815.0,7814255.0
BL031,DEET,50.0,2.0,3.0,1.9977721756463622,-0.9941666178108695,1526.6,-1187.8,-49.063537906137185,11190947.5,4938760.0,7522175.0
BL031,DEET,50.0,2.0,4.0,2.2460134256679667,-0.9963649871315238,1993.8,-1566.8,-61.020216606498195,14089087.5,5035535.0,6621467.5
BL031,DEET,5.0,2.0,1.0,1.990351215746816,-0.8960136737056845,1518.0,-1454.0,-49.2273381294964,9964065.0,2516212.5,4539907.5
BL031,DEET,5.0,2.0,2.0,2.146008215752813,-0.8897422158718818,1557.2,-1421.6,-49.20071942446043,10316500.0,2459465.0,4827040.0
BL031,DEET,5.0,2.0,3.0,2.173633162057618,-0.8857167600023094,1435.6,-1332.2,-51.32374100719424,10975827.5,2706415.0,4498120.0
BL031,DEET,5.0,2.0,4.0,2.4185850561222955,-0.9718034365502092,1806.0,-1323.0,-57.35379061371841,12991312.5,2190070.0,2429987.5
BL031,DEET,0.5,2.0,1.0,1.8836532176599916,-0.881484342504011,1002.0,-1272.8,-42.58853046594982,9062395.0,2368032.5,4105100.0
BL031,DEET,0.5,2.0,2.0,2.1987938288920055,-0.9182608695652174,1591.4,-1136.4,-54.10250896057347,11645867.5,2523605.0,3878302.5
BL031,DEET,0.5,2.0,3.0,2.218743067220233,-0.9674515893892816,1580.0,-1189.2,-49.62661870503597,10946800.0,2096437.5,2632122.5
BL031,DEET,0.5,2.0,4.0,2.4420602160980938,-0.973260895957266,1702.8,-1215.4,-57.458483754512635,12920290.0,2245382.5,2497415.0
BL031,DEET,0.05,2.0,1.0,1.9358880556063656,-0.8882994939332968,1396.0,-1238.2,-42.893906810035844,8825792.5,2197935.0,4233687.5
BL031,DEET,0.05,2.0,2.0,2.2078633767288123,-0.976050334889385,1695.8,-1149.4,-54.18776978417266,11297217.5,1796482.5,2052337.5
BL031,DEET,0.05,2.0,3.0,2.4584526328893315,-0.9695008091622059,1489.0,-1295.2,-56.53260869565217,12951830.0,2527242.5,2787622.5
BL031,DEET,0.05,2.0,4.0,2.52377275562023,-0.9705401954087844,1799.4,-1283.4,-60.64332129963899,14107985.0,2650975.0,2909887.5
BL031,DEET,500.0,1.0,1.0,1.0,-0.9891304347826086,1.4,-3.2,-0.06319444444444444,10060.0,2445.0,3067.5
BL031,DEET,500.0,1.0,2.0,1.0,-0.9904761904761905,3.2,-3.2,-0.07222222222222222,12045.0,3317.5,4367.5
BL031,DEET,500.0,1.0,3.0,1.1795366795366795,-0.9980694980694981,18.2,-11.8,-0.43109540636042404,52457.5,2975.0,5205.0
BL031,DEET,500.0,1.0,4.0,1.0,-0.9966887417218543,5.6,-18.4,-0.6270833333333333,96635.0,4157.5,6015.0
BL031,DEET,50.0,1.0,1.0,1.690728317717285,-0.9981334663931548,1546.6,-954.0,-65.7453237410072,16068335.0,4369097.5,5462267.5
BL031,DEET,50.0,1.0,2.0,1.6231372480829087,-0.998695856300753,1272.4,-979.4,-67.34296028880867,17148780.0,4714637.5,5134147.5
BL031,DEET,50.0,1.0,3.0,1.592531199390302,-0.9977517385919786,982.6,-772.0,-60.26425992779783,15223102.5,4251832.5,6245812.5
BL031,DEET,50.0,1.0,4.0,1.693211611369938,-0.9980949506761982,893.8,-1226.2,-65.21309090909091,17247537.5,4649232.5,6476230.0
BL031,DEET,5.0,1.0,1.0,1.6255795600276215,-0.9646838315083358,1024.8,-640.0,-46.38992805755396,11239677.5,2418260.0,4476552.5
BL031,DEET,5.0,1.0,2.0,1.5463419168913266,-0.9948405689318583,883.4,-773.8,-47.70791366906475,11937275.0,2621982.5,4351507.5
BL031,DEET,5.0,1.0,3.0,1.7472764511068504,-0.9811312532682587,1062.6,-718.4,-57.27581227436823,15107187.5,1708515.0,1894782.5
BL031,DEET,5.0,1.0,4.0,1.8667131080924184,-0.9764077557181006,938.2,-921.0,-57.93722627737226,15677125.0,1946762.5,2197400.0
BL031,DEET,0.5,1.0,1.0,1.671899296556831,-0.9969147229421202,929.6,-586.0,-48.641726618705036,11588570.0,2259480.0,3451740.0
BL031,DEET,0.5,1.0,2.0,1.612564020090556,-0.8987059900536902,910.6,-807.0,-43.943165467625896,11386320.0,2253502.5,4063970.0
BL031,DEET,0.5,1.0,3.0,1.7122662790114793,-0.9696225374705499,871.0,-730.4,-48.62608695652174,12995672.5,1828560.0,2297522.5
BL031,DEET,0.5,1.0,4.0,1.8060854522619019,-0.9733642977321737,911.4,-828.2,-55.01172161172161,15025177.5,1919062.5,2319567.5
BL031,DEET,0.05,1.0,1.0,1.3413234301147874,-0.9102380148548278,1460.6,-1713.6,-42.51899641577061,10834225.0,2115815.0,3972135.0
BL031,DEET,0.05,1.0,2.0,1.577714161995718,-0.910101277394212,975.8,-592.0,-44.334767025089604,11476590.0,2235385.0,4117770.0
BL031,DEET,0.05,1.0,3.0,1.7593846153846153,-0.9784615384615385,900.4,-782.4,-55.05270758122744,14824560.0,1659125.0,1864900.0
BL031,DEET,0.05,1.0,4.0,1.8927261949195338,-0.9791863349946209,1023.8,-983.0,-62.69117647058823,16918210.0,1918595.0,2004072.5
BL031,Propoxur,500.0,1.0,1.0,1.0,-0.9038461538461539,3.0,-4.8,-0.03263888888888889,7442.5,6977.5,9222.5
BL031,Propoxur,500.0,1.0,2.0,1.0,-0.9230769230769231,3.0,-5.2,-0.06666666666666667,10642.5,6667.5,9310.0
BL031,Propoxur,500.0,1.0,3.0,1.0,-0.8630952380952381,5.0,-5.8,-0.10069444444444445,17012.5,14265.0,31285.0
BL031,Propoxur,500.0,1.0,4.0,9.235952081540804,1.806870077437289,1443.0,-1101.4,-160.55702479338842,17733732.5,28523760.0,63511822.5
BL031,Propoxur,50.0,1.0,1.0,2.161386507640701,-0.6739553567730981,668.2,-698.6,-40.473059360730595,14450812.5,14131200.0,15639752.5
BL031,Propoxur,50.0,1.0,2.0,2.262916913360963,-0.7700809157292283,843.2,-848.2,-37.323188405797104,16936945.0,12216847.5,12778212.5
BL031,Propoxur,50.0,1.0,3.0,2.291684669468557,-0.8069444989983896,842.0,-784.8,-41.90509803921569,17794955.0,9510370.0,10528080.0
BL031,Propoxur,50.0,1.0,4.0,1.8622921877298808,-0.77361335883478,787.0,-656.8,-32.22971014492754,14701725.0,11097577.5,9871715.0
BL031,Propoxur,5.0,1.0,1.0,1.6999110659382544,-0.9992377080421802,444.2,-547.2,-29.07391304347826,9873465.0,1000272.5,153020.0
BL031,Propoxur,5.0,1.0,2.0,1.7265081330316356,-0.9993169107287708,561.2,-467.0,-29.187003610108302,10426072.5,1285205.0,215215.0
BL031,Propoxur,5.0,1.0,3.0,1.742622605767207,-0.9992843611871185,593.2,-465.8,-29.87653429602888,10958167.5,1369037.5,221430.0
BL031,Propoxur,5.0,1.0,4.0,1.8842241307429333,-0.9994997081630952,623.4,-486.4,-36.29156626506024,12160372.5,1432312.5,188900.0
BL031,Propoxur,0.5,1.0,1.0,1.6045224817009411,-0.9993900313698153,431.8,-471.0,-26.579783393501806,8775282.5,854667.5,168605.0
BL031,Propoxur,0.5,1.0,2.0,1.6646837284943936,-0.999272447145425,416.8,-439.6,-28.072202166064983,9961395.0,919265.0,146237.5
BL031,Propoxur,0.5,1.0,3.0,1.6022323016720028,-0.923025613660619,474.6,-444.8,-24.855072463768117,9445547.5,3379575.0,2729675.0
BL031,Propoxur,0.5,1.0,4.0,1.6304805331462644,-0.9187565766397755,562.6,-421.2,-25.605072463768117,10329500.0,3753202.5,2837385.0
BL031,Propoxur,0.05,1.0,1.0,1.6142384105960266,-0.9990414778668526,441.0,-454.6,-26.831884057971013,9035510.0,1211822.5,331292.5
BL031,Propoxur,0.05,1.0,2.0,1.7049959675707798,-0.9995330871429178,493.8,-393.8,-28.9942238267148,9937480.0,1009895.0,191925.0
BL031,Propoxur,0.05,1.0,3.0,1.6699611719025769,-0.9995146487822096,542.8,-376.2,-27.418115942028987,9999900.0,1138762.5,272130.0
BL031,Propoxur,0.05,1.0,4.0,1.6661563323977204,-0.9260015310028068,500.8,-331.4,-30.31417004048583,11224690.0,3550685.0,2367090.0
BL031,Propoxur,500.0,2.0,1.0,1.1714285714285715,-0.8571428571428571,2.6,-3.0,-0.03287671232876712,8247.5,10720.0,11047.5
BL031,Propoxur,500.0,2.0,2.0,1.0,-0.9166666666666666,2.6,-3.4,-0.030555555555555555,7697.5,10382.5,9780.0
BL031,Propoxur,500.0,2.0,3.0,1.0,-0.9494949494949495,3.2,-8.6,-0.06527777777777778,12237.5,24722.5,29720.0
BL031,Propoxur,500.0,2.0,4.0,10.038285957757624,-0.967496500091302,2015.0,-2918.2,-199.25454545454545,15144242.5,46777057.5,58424302.5
BL031,Propoxur,50.0,2.0,1.0,2.407630886489429,-0.7696216314309047,804.2,-585.8,-42.65866666666667,13126625.0,17031002.5,13671757.5
BL031,Propoxur,50.0,2.0,2.0,2.4443507588532882,-0.7455499344200862,805.0,-787.2,-41.55555555555556,12358830.0,16884785.0,12819610.0
BL031,Propoxur,50.0,2.0,3.0,2.059645888543227,-0.9832161923416676,1090.0,-1299.0,-38.26618705035971,14215537.5,10803702.5,7209875.0
BL031,Propoxur,50.0,2.0,4.0,1.8643151699563598,-0.8603114865676422,1063.6,-1017.0,-30.878853046594983,12432762.5,14580682.5,12077545.0
BL031,Propoxur,5.0,2.0,1.0,1.6391632154613995,-0.9992566634809388,680.6,-643.4,-22.120430107526882,6879427.5,1543880.0,348692.5
BL031,Propoxur,5.0,2.0,2.0,1.6286775934032374,-0.9180494757202484,805.2,-473.4,-21.78279569892473,7092675.0,5927215.0,3797065.0
BL031,Propoxur,5.0,2.0,3.0,1.4671897602244335,-0.9992548108534608,941.0,-593.6,-23.895714285714284,7970600.0,2155217.5,531532.5
BL031,Propoxur,5.0,2.0,4.0,1.542671658058096,-0.92384968961759,798.6,-556.0,-22.105714285714285,7835970.0,6016615.0,3787355.0
BL031,Propoxur,0.5,2.0,1.0,1.5419385899219,-0.9988766449128063,681.0,-624.2,-20.648028673835125,6381857.5,1902735.0,536505.0
BL031,Propoxur,0.5,2.0,2.0,1.5257896261953057,-0.9995170481985898,791.0,-594.6,-22.559285714285714,7009432.5,1158635.0,247552.5
BL031,Propoxur,0.5,2.0,3.0,1.5512566641279513,-0.9991876110687992,894.8,-586.0,-21.889605734767024,7333277.5,1628650.0,429385.0
BL031,Propoxur,0.5,2.0,4.0,1.5097252384099706,-0.9995751109432537,998.4,-735.0,-22.835714285714285,8102290.0,1267250.0,261277.5
BL031,Propoxur,0.05,2.0,1.0,1.658750416158029,-0.9970591499278659,664.4,-679.0,-21.46834532374101,7067727.5,2735412.5,926292.5
BL031,Propoxur,0.05,2.0,2.0,1.710279867915336,-0.9973474801061007,691.0,-621.6,-22.612903225806452,7826500.0,2313790.0,889805.0
BL031,Propoxur,0.05,2.0,3.0,1.549168245946515,-0.9984207201516109,750.6,-555.6,-20.998571428571427,7058670.0,1579622.5,688177.5
BL031,Propoxur,0.05,2.0,4.0,1.4766852256909921,-0.9242891230861006,840.2,-579.8,-20.20215053763441,7723970.0,5325665.0,3310692.5
BL031,Propoxur,500.0,3.0,1.0,3.0,-0.88,2.6,-2.2,-0.05714285714285714,16722.5,9857.5,5190.0
BL031,Propoxur,500.0,3.0,2.0,1.0,-0.9830508474576272,2.6,-11.0,-0.08055555555555556,18785.0,11157.5,5467.5
BL031,Propoxur,500.0,3.0,3.0,1.0,-0.9155844155844156,2.8,-11.8,-0.09791666666666667,17835.0,13497.5,15220.0
BL031,Propoxur,500.0,3.0,4.0,14.389820950232624,5.401804596080643,383.8,-238.4,-83.93925925925926,12044665.0,26416685.0,51582452.5
BL031,Propoxur,50.0,3.0,1.0,15.264906161767149,-0.6962298621491446,2040.8,-1497.8,-141.85984251968503,41223487.5,26639247.5,10776175.0
BL031,Propoxur,50.0,3.0,2.0,16.914728047182177,-0.788826998689384,2358.0,-1788.2,-160.56456692913386,43750415.0,27701150.0,9028415.0
BL031,Propoxur,50.0,3.0,3.0,14.849908566605711,-0.7281614854409902,2451.0,-1974.4,-163.20551181102363,44381585.0,27262457.5,9885665.0
BL031,Propoxur,50.0,3.0,4.0,10.847346368715083,-0.0808659217877095,3220.0,-1628.0,-111.94645669291339,33189105.0,23301067.5,21911307.5
BL031,Propoxur,5.0,3.0,1.0,8.60752809836313,-0.863242060798069,1261.4,-1379.6,-89.12460317460318,25459025.0,14370350.0,4620750.0
BL031,Propoxur,5.0,3.0,2.0,10.596711878339498,-0.8909987669543773,1891.8,-1331.4,-101.25634920634921,28104392.5,15174600.0,4213020.0
BL031,Propoxur,5.0,3.0,3.0,9.771890686001116,-0.8973786949247072,2026.2,-1234.0,-96.31666666666666,27837915.0,15772360.0,4241282.5
BL031,Propoxur,5.0,3.0,4.0,8.237925121463276,-0.5191483280937411,2499.2,-1239.6,-81.93811320754718,25836632.5,14526210.0,8092632.5
BL031,Propoxur,0.5,3.0,1.0,7.0036079817391945,-0.8790221633163979,1143.4,-1266.2,-73.89169960474308,21323885.0,11388772.5,3733697.5
BL031,Propoxur,0.5,3.0,2.0,8.735019865401767,-0.8765912592232222,1657.6,-1216.0,-84.29126984126984,24175002.5,13255602.5,4021022.5
BL031,Propoxur,0.5,3.0,3.0,8.795542949756888,-0.8786871961102107,1732.2,-1188.0,-84.95238095238095,25264922.5,14863685.0,4619190.0
BL031,Propoxur,0.5,3.0,4.0,8.053696105952637,-0.9774706686820701,2591.2,-1091.0,-88.5531746031746,26630052.5,13030247.5,2404075.0
BL031,Propoxur,0.05,3.0,1.0,8.270234291799786,-0.5870607028753994,1122.6,-1250.2,-69.98893280632412,20824680.0,13257837.5,6737550.0
BL031,Propoxur,0.05,3.0,2.0,7.515290618736665,-0.6782181418503912,1525.2,-1462.4,-87.95415019762846,25138252.5,15332727.5,6861725.0
BL031,Propoxur,0.05,3.0,3.0,8.323072090466468,-0.8660279566514842,1744.2,-1285.8,-82.76190476190476,23801740.0,12899957.5,4114027.5
BL031,Propoxur,0.05,3.0,4.0,8.254076923076923,-0.3240769230769231,2413.4,-1135.2,-74.35169811320755,23912115.0,13349552.5,8812770.0
BL031,Propoxur,500.0,4.0,1.0,1.0,-0.8902439024390244,2.6,-2.8,-0.050694444444444445,11607.5,10492.5,11437.5
BL031,Propoxur,500.0,4.0,2.0,1.0,-0.9308943089430894,4.8,-8.8,-0.15902777777777777,25570.0,12397.5,13585.0
BL031,Propoxur,500.0,4.0,3.0,1.0,-0.9054726368159204,3.4,-5.0,-0.12638888888888888,22812.5,13210.0,20062.5
BL031,Propoxur,500.0,4.0,4.0,27.406714140386573,15.779654120040691,774.6,-592.6,-125.86024096385542,8074187.5,21781807.5,79475807.5
BL031,Propoxur,50.0,4.0,1.0,14.61839381061349,1.0123133921760925,2177.4,-2143.4,-88.64827586206897,22199235.0,27517097.5,31423797.5
BL031,Propoxur,50.0,4.0,2.0,16.720944164869397,1.3964773544212796,2289.4,-1630.4,-92.31814671814672,24624232.5,30579012.5,29981497.5
BL031,Propoxur,50.0,4.0,3.0,17.030808861411643,-0.4236991241628027,2784.4,-2069.4,-122.36858237547892,28660635.0,31063102.5,23496322.5
BL031,Propoxur,50.0,4.0,4.0,15.88347098088019,0.487611720782894,2446.8,-2332.2,-97.88076923076923,22848400.0,22304002.5,25367612.5
BL031,Propoxur,5.0,4.0,1.0,11.178144375553588,-0.7635075287865367,1298.6,-1057.6,-78.12252964426878,20125222.5,16100580.0,6814347.5
BL031,Propoxur,5.0,4.0,2.0,12.531474014336917,-0.7543682795698925,1410.4,-1315.0,-84.7011583011583,21974450.0,19267317.5,7527095.0
BL031,Propoxur,5.0,4.0,3.0,11.061915664949437,-0.5475100171722954,1757.4,-1167.4,-85.54461538461538,22825510.0,17090005.0,7478912.5
BL031,Propoxur,5.0,4.0,4.0,10.376321563933772,-0.471573907839617,1600.2,-1015.0,-76.24324324324324,19397110.0,12159865.0,10264100.0
BL031,Propoxur,0.5,4.0,1.0,9.507178594735697,-0.8739395257776811,1036.2,-927.0,-66.34615384615384,17340040.0,13742187.5,4655375.0
BL031,Propoxur,0.5,4.0,2.0,10.529743127534926,-0.9186570527264534,1196.0,-1174.8,-71.33846153846154,18006805.0,14612407.5,5134617.5
BL031,Propoxur,0.5,4.0,3.0,10.741656365883808,-0.3813911675469154,1274.8,-954.4,-69.56370656370656,18613950.0,12501412.5,8547892.5
BL031,Propoxur,0.5,4.0,4.0,11.340108695652173,-0.841304347826087,1456.6,-1027.8,-79.13,19916502.5,15293887.5,6788045.0
BL031,Propoxur,0.05,4.0,1.0,9.426166705363363,-0.3014859530996053,1071.2,-1075.6,-58.505836575875485,15818930.0,17141642.5,12005415.0
BL031,Propoxur,0.05,4.0,2.0,10.967525332682213,-0.6534000732511293,1197.4,-1106.6,-67.43875968992248,16813412.5,17170490.0,9505072.5
BL031,Propoxur,0.05,4.0,3.0,11.098039215686274,-0.49310094408133626,1499.6,-1245.8,-78.52923076923076,19829257.5,11398205.0,7422055.0
BL031,Propoxur,0.05,4.0,4.0,11.600686498855834,-0.9312460994383192,1775.0,-1192.2,-85.28307692307692,21939250.0,15836125.0,4813892.5
BL031,Propoxur,500.0,5.0,1.0,1.6666666666666667,-1.0,2.4,-2.2,-0.02032520325203252,6092.5,3770.0,2660.0
BL031,Propoxur,500.0,5.0,2.0,4.333333333333333,-1.0,2.6,-2.2,-0.022033898305084745,5160.0,3065.0,1690.0
BL031,Propoxur,500.0,5.0,3.0,1.25,-1.0,3.6,-3.8,-0.032,7500.0,6970.0,5885.0
BL031,Propoxur,500.0,5.0,4.0,13.16084053417125,-0.9752553024351924,724.2,-514.2,-58.674561403508775,12559885.0,17456322.5,14659302.5
BL031,Propoxur,50.0,5.0,1.0,9.48332592263228,-0.9866607381058248,545.4,-441.0,-35.349377593361,8792450.0,4672465.0,1098200.0
BL031,Propoxur,50.0,5.0,2.0,10.619024970273484,-0.98525564803805,508.0,-461.6,-37.00497925311203,9464172.5,4724892.5,1012977.5
BL031,Propoxur,50.0,5.0,3.0,11.927720413026211,-0.9936457505957109,573.0,-570.4,-37.36680497925311,9487485.0,4501800.0,797872.5
BL031,Propoxur,50.0,5.0,4.0,9.514472690661968,-0.9604832620186258,457.6,-211.4,-31.901694915254236,8402735.0,9635752.5,7091597.5
BL031,Propoxur,5.0,5.0,1.0,4.658626560726447,-0.9897843359818388,352.8,-255.4,-14.757657657657658,4212037.5,1836745.0,446007.5
BL031,Propoxur,5.0,5.0,2.0,4.588341968911917,-0.9800518134715026,367.0,-313.4,-15.744642857142857,4407877.5,1411147.5,210072.5
BL031,Propoxur,5.0,5.0,3.0,5.315301391035549,-0.9953632148377125,390.6,-340.8,-18.325333333333333,5037322.5,1958115.0,352457.5
BL031,Propoxur,5.0,5.0,4.0,5.13178689778231,-0.8072903390262555,363.6,-162.8,-17.94074074074074,4719927.5,3866330.0,2262290.0
BL031,Propoxur,0.5,5.0,1.0,3.5560671722643553,-0.9948537378114843,323.4,-220.8,-11.601769911504425,3415555.0,1081015.0,211627.5
BL031,Propoxur,0.5,5.0,2.0,4.175868569889577,-0.9954214920549421,329.6,-272.8,-13.706194690265487,3878030.0,1379490.0,281095.0
BL031,Propoxur,0.5,5.0,3.0,4.355023141845902,-0.9959161448407297,355.4,-283.6,-14.205333333333334,3971305.0,1211442.5,161327.5
BL031,Propoxur,0.5,5.0,4.0,4.491895874263261,-0.987475442043222,358.8,-268.2,-16.141592920353983,4509477.5,1478410.0,343100.0
BL031,Propoxur,0.05,5.0,1.0,3.7522522522522523,-0.9726914414414415,297.8,-171.2,-11.357081545064379,3483265.0,1710175.0,513302.5
BL031,Propoxur,0.05,5.0,2.0,4.410337857349119,-0.9846953508518625,319.6,-276.4,-13.711711711711711,3921445.0,1815932.5,495202.5
BL031,Propoxur,0.05,5.0,3.0,4.886402753872633,-0.9945496270797476,357.4,-349.8,-15.057522123893806,4191817.5,1319907.5,198542.5
BL031,Propoxur,0.05,5.0,4.0,4.853023020490767,-0.9964583860359221,363.4,-356.4,-16.889867841409693,4594150.0,1156795.0,138382.5
BL032,Trimethoprim,50.0,1.0,1.0,6.316735315160542,3.608725913086637,3691.4190000000003,-473.0,-28.108661417322836,7496424.025,15436137.5,42357057.5
BL032,Trimethoprim,50.0,1.0,2.0,6.146926536731634,3.0175348833519746,4239.8730000000005,-315.0,-31.1231884057971,8612356.241666667,16423977.5,38076445.0
BL032,Trimethoprim,50.0,1.0,3.0,6.104612898092405,3.6508810406803924,3621.715,-339.8,-22.254135338345865,7640501.983333333,15448807.5,40101177.5
BL032,Trimethoprim,5.0,1.0,1.0,16.01536365268191,6.938227182976781,6708.2,-604.0,-108.4876712328767,14144332.283333333,45047135.0,80499030.0
BL032,Trimethoprim,5.0,1.0,2.0,17.030129245465478,5.868357985553434,7653.9,-765.4,-128.28535031847133,16398030.941666666,51808215.0,74958247.5
BL032,Trimethoprim,5.0,1.0,3.0,16.94190163453248,6.474521406021471,8124.1,-631.8,-120.52738853503185,16695023.291666666,52939870.0,77511322.5
BL032,Trimethoprim,0.5,1.0,1.0,9.089494791949404,-0.3093556899293366,8620.48,-681.4,-72.2897435897436,17387795.7,18714685.0,17736035.0
BL032,Trimethoprim,0.5,1.0,2.0,8.4072122266458,-0.07901793562001003,7916.65,-558.8,-60.957142857142856,15776073.958333334,18706612.5,20869960.0
BL032,Trimethoprim,0.5,1.0,3.0,7.699068984031372,-0.10256553486266069,7977.2,-500.4600000000006,-57.739748953974896,15631476.166666666,18823752.5,20988862.5
BL032,Trimethoprim,0.05,1.0,1.0,6.225792963023349,-0.2723451310398115,5927.45,-385.7599999999999,-48.23171806167401,12804115.791666666,15295135.0,15620370.0
BL032,Trimethoprim,0.05,1.0,2.0,5.996994776043204,-0.1115754934886815,5464.04,-483.62999999999954,-43.49339207048458,12291742.05,15708700.0,19769675.0
BL032,Trimethoprim,0.05,1.0,3.0,6.275380254271412,-0.21945950015561733,5416.29,-458.05,-48.013215859030836,12574129.15,16342817.5,19104490.0
BL032,Trimethoprim,0.005,1.0,1.0,8.134409249668794,2.7022762856798743,12.6,-5.839999999999998,-3.3454545454545452,32434.6125,0.0,0.0
BL032,Trimethoprim,0.005,1.0,2.0,7.679206914082359,2.3299440772750377,7.15,-4.75,-3.1109090909090913,31185.2,0.0,0.0
BL032,Trimethoprim,0.005,1.0,3.0,8.606516290726816,2.7067669172932334,10.719999999999994,-4.1,-3.5545454545454542,33232.375,0.0,0.0
BL032,Trimethoprim,50.0,2.0,1.0,5.847398105902187,4.051102876133286,5053.5,-300.0,-18.776470588235295,10940874.315518333,17834835.0,48935247.5
BL032,Trimethoprim,50.0,2.0,2.0,6.477946191408652,4.821193384351186,4785.112999999999,-235.2,-20.44507042253521,10435549.545875832,17043367.5,50073040.0
BL032,Trimethoprim,50.0,2.0,3.0,5.152955689759318,3.4717276069372356,5438.008,-277.2,-14.510909090909092,11419959.594310833,16398947.5,42013102.5
BL032,Trimethoprim,5.0,2.0,1.0,10.435628011708616,7.439776327744833,6449.63,-444.2,-68.11940298507463,14551866.3245675,38040270.0,81249575.0
BL032,Trimethoprim,5.0,2.0,2.0,11.54643329928835,6.586484766740915,7318.1,-589.4,-50.33222222222222,16713219.745706666,43743965.0,78575040.0
BL032,Trimethoprim,5.0,2.0,3.0,10.64187195672736,7.171722414505577,7094.889999999999,-417.6,-32.544,15842508.63762,40016900.0,80921392.5
BL032,Trimethoprim,0.5,2.0,1.0,7.187616768235888,-0.5222331404571421,7683.222,-593.0,-67.16681222707423,16149352.505221667,18426087.5,9074912.5
BL032,Trimethoprim,0.5,2.0,2.0,7.000884147816224,-0.5045244658314735,7446.625999999999,-414.6,-63.85565217391304,15576429.043501666,18859402.5,9931215.0
BL032,Trimethoprim,0.5,2.0,3.0,5.534329643332581,-0.8766043637365274,6227.885,-408.2,-51.0125,13360355.619863333,11468572.5,6422320.0
BL032,Trimethoprim,0.05,2.0,1.0,4.118126718820569,-0.907169118292133,4676.115,-314.0,-38.7725,10804013.051849166,9774005.0,7231942.5
BL032,Trimethoprim,0.05,2.0,2.0,4.174632951773168,-0.9069778566168162,4618.446,-281.2,-38.6125,10676526.209135,9608202.5,6000735.0
BL032,Trimethoprim,0.05,2.0,3.0,4.351924914719903,-0.9110118942725062,4795.344999999999,-360.4,-39.321666666666665,10877657.431935834,9192145.0,4581737.5
BL032,Trimethoprim,0.005,2.0,1.0,9.784332925823605,3.338745783558378,3.4400000000000035,-7.519999999999999,-1.8066000000000002,14873.0346975,0.0,0.0
BL032,Trimethoprim,0.005,2.0,2.0,10.547640649276284,3.551134432021257,3.6199999999999988,-8.379999999999995,-2.1628888888888884,15067.2666825,0.0,0.0
BL032,Trimethoprim,0.005,2.0,3.0,9.988816632019846,3.3717680531554817,3.5400000000000036,-8.640000000000004,-1.8602,15118.4746975,0.0,0.0
BL032,Trimethoprim,50.0,3.0,1.0,8.931389832694553,6.685291522407822,3136.282,-140.2,-21.58823529411765,5758006.881375,13879429.2,52361292.5
BL032,Trimethoprim,50.0,3.0,2.0,11.742711860734614,8.896766751991048,3094.733,-130.8,-19.99811320754717,6465778.8515,13108646.2,44652662.5
BL032,Trimethoprim,50.0,3.0,3.0,4.121253796344049,2.8614406051229158,2857.296,-1368.9807100000003,-12.090666666666667,5681181.59275,12110461.05,47794792.5
BL032,Trimethoprim,5.0,3.0,1.0,26.635511566402638,20.500315879555504,10686.909,-764.6,-240.13513513513513,9036042.4,33207846.1125,119228057.5
BL032,Trimethoprim,5.0,3.0,2.0,39.649128855157485,29.775777229627572,11170.184,-881.2,-280.65,9458018.348083334,34546523.3625,118751740.0
BL032,Trimethoprim,5.0,3.0,3.0,13.865982387589666,11.085612643611128,11451.411,-1384.4804499999998,-210.53793103448277,9065249.9,34993721.8125,126138677.5
BL032,Trimethoprim,0.5,3.0,1.0,6.396410558738982,-0.6464183428961201,5444.65,-358.6,-58.18064516129032,10404167.994,12680078.75,8525992.5
BL032,Trimethoprim,0.5,3.0,2.0,10.558063779907242,-0.400686616559794,5543.33,-389.8,-60.68324324324324,10292445.525333334,13768956.375,9027327.5
BL032,Trimethoprim,0.5,3.0,3.0,3.4214398023360286,-0.8279986522911051,5774.89,-1398.07856,-61.88877005347594,11071694.055,13988210.75,8172170.0
BL032,Trimethoprim,0.05,3.0,1.0,5.978244586387279,-0.6661120564408889,4565.4,-305.4,-55.575,8221960.4105,13050166.225,10848317.5
BL032,Trimethoprim,0.05,3.0,2.0,9.148823736289074,-0.8257268697663601,4743.0650000000005,-353.2,-59.003389830508475,9624669.64675,13173403.6,8284437.5
BL032,Trimethoprim,0.05,3.0,3.0,3.4107682655563796,-0.8281526264757885,5291.835,-1317.87942,-64.16723163841807,9460939.51525,14301179.6625,9270682.5
BL032,Trimethoprim,0.005,3.0,1.0,612.5221500295333,177.5587714116952,1.436,-4.16,-0.2721111111111111,15298.42775,3505.35,0.0
BL032,Trimethoprim,0.005,3.0,2.0,591.3528591352859,157.1589958158996,1.4420000000000002,-4.124,-0.28236363636363637,15417.094125,3306.0,0.0
BL032,Trimethoprim,0.005,3.0,3.0,491.0344827586207,127.32183908045977,1.375999999999999,-3.189999999999999,-0.2868727272727273,15168.63675,3203.325,0.0
BL032,Trimethoprim,50.0,4.0,1.0,8.931373254887687,6.685277257519495,3242.657,-140.2,-21.58823529411765,7646304.712375,15657130.0,52361292.5
BL032,Trimethoprim,50.0,4.0,2.0,11.742672117050253,8.896733255982745,3767.525,-199.6,-19.99811320754717,8569022.223083334,14879445.0,44652662.5
BL032,Trimethoprim,50.0,4.0,3.0,4.121253796344049,2.8614406051229158,3039.415,-1368.97951,-12.090666666666667,7426759.67325,13746437.5,47794792.5
BL032,Trimethoprim,5.0,4.0,1.0,26.63547600556288,20.500287174670834,5693.174,-764.6,-240.13513513513513,13150149.586875001,38524070.0,119228057.5
BL032,Trimethoprim,5.0,4.0,2.0,39.64899792484484,29.775675601111367,5981.58,-881.2,-280.65,13864680.183583334,40212250.0,118751740.0
BL032,Trimethoprim,5.0,4.0,3.0,13.865982387589666,11.085612643611128,5543.117,-1384.47967,-210.53793103448277,13278945.77275,40733820.0,126138677.5
BL032,Trimethoprim,0.5,4.0,1.0,8.319538121007847,-0.6464190714539313,6948.860000000001,-491.0,-61.22575107296137,14542176.272125,15469737.5,8525992.5
BL032,Trimethoprim,0.5,4.0,2.0,13.011698635978108,-0.40068832843831403,6732.210000000001,-428.8,-60.05321888412017,14389240.380833333,16692312.5,9027327.5
BL032,Trimethoprim,0.5,4.0,3.0,4.505390835579515,-0.8279986522911051,6912.85,-1398.0799900000002,-66.23948497854077,15534526.88875,17122882.5,8172170.0
BL032,Trimethoprim,0.05,4.0,1.0,6.852478308756557,-0.666112780893443,5286.258,-319.6,-48.481545064377684,11520603.831,15616552.5,10848317.5
BL032,Trimethoprim,0.05,4.0,2.0,12.091661444983131,-0.8257274578180244,6460.976000000001,-417.4,-58.7635593220339,13452002.597583333,15957782.5,8284437.5
BL032,Trimethoprim,0.05,4.0,3.0,4.080876062282553,-0.8281526264757885,5924.416,-1317.8782800000001,-58.08220338983051,13304399.9065,17267402.5,9270682.5
BL032,Trimethoprim,0.005,4.0,1.0,298.31718510963793,191.4018357980622,0.7579999999999998,-0.7760000000000005,-0.5934285714285715,5705.76275,0.0,0.0
BL032,Trimethoprim,0.005,4.0,2.0,297.271104310125,188.13542463657228,0.8060000000000003,-0.736,-0.6057142857142858,5692.603625,0.0,0.0
BL032,Trimethoprim,0.005,4.0,3.0,290.32416502946955,182.59528487229863,0.7700000000000002,-0.7780000000000001,-0.5432499999999999,5777.328,0.0,0.0
BL032,Trimethoprim,50.0,5.0,1.0,1.7557443620359499,-0.9986528891352007,258.9014600000002,-256.4072,-16.339329298892988,5254781.9459999995,697212.525,122705.0
BL032,Trimethoprim,50.0,5.0,2.0,2.626478827455986,-0.9986956710119294,851.7282833333335,-255.59570000000022,-16.338960405904057,5504501.880083334,778576.2374999999,127335.0
BL032,Trimethoprim,50.0,5.0,3.0,1.0,-0.9993183094073301,270.799,-2375.77932,-17.30625,6088954.9765,827873.7625,199092.5
BL032,Trimethoprim,5.0,5.0,1.0,1.7046287507610938,-0.9984929716381189,258.2016600000003,-239.76100000000005,-15.846690221402215,5313138.089375,694214.85,113647.5
BL032,Trimethoprim,5.0,5.0,2.0,2.7954102694843925,-0.9985121109826337,846.3972766666668,-214.56399999999994,-16.62975110701107,5750388.682666667,758658.875,112662.5
BL032,Trimethoprim,5.0,5.0,3.0,1.0,-0.9995064368856168,286.00095,-2366.78017,-16.875694444444445,6401217.6775,816566.375,122325.0
BL032,Trimethoprim,0.5,5.0,1.0,1.7230135807314473,-0.9992974837742169,266.3779999999999,-248.4800000000003,-16.34421148148148,5869451.08475,709356.5,105050.0
BL032,Trimethoprim,0.5,5.0,2.0,2.852411081998276,-0.9988572081160013,846.6311599999999,-196.17999999999955,-17.011378787878787,6207834.2575,842794.0,115360.0
BL032,Trimethoprim,0.5,5.0,3.0,1.0,-0.9994743014274738,280.14,-2350.97948,-17.163888888888888,6664682.00925,807099.625,111192.5
BL032,Trimethoprim,0.05,5.0,1.0,1.8133219131623421,-0.999087333281563,258.533,-227.2729999999996,-16.803253846153847,5975362.621625,787958.625,112257.5
BL032,Trimethoprim,0.05,5.0,2.0,2.907979957252572,-0.9983493698122492,814.5652066666668,-246.99599999999992,-17.40654752851711,6400776.1581666665,755806.2375,106192.5
BL032,Trimethoprim,0.05,5.0,3.0,1.0,-0.9131745907417561,1234.17,-2405.57896,-16.19236111111111,6481989.83775,3062342.625,2991447.5
BL032,Trimethoprim,0.005,5.0,1.0,456.0712358337831,151.45547760388558,1.239999999999999,-2.776,-0.19740350877192983,12238.94525,3063.475,0.0
BL032,Trimethoprim,0.005,5.0,2.0,474.8291571753989,159.1366742596812,1.1959999999999993,-2.554,-0.19389473684210523,12056.608,3012.425,0.0
BL032,Trimethoprim,0.005,5.0,3.0,402.13178294573646,137.66279069767444,1.230000000000001,-2.85,-0.18751724137931033,12089.8455,3085.775,0.0
BL032,Trimethoprim,50.0,6.0,1.0,1.9672358098754037,0.9672358098754037,0.40599999999999953,-0.13699999999999973,0.0,5389.8225,8052.1925,0.0
BL032,Trimethoprim,50.0,6.0,2.0,1.018743667679838,-0.8533434650455927,0.0740000000000002,-0.23399999999999962,-0.02494927536231884,2296.546,549.133,0.0
BL032,Trimethoprim,50.0,6.0,3.0,1.7947897623400368,0.7947897623400368,0.3920000000000002,-0.14600000000000007,0.0,5296.2825,7755.2625,0.0
BL032,Trimethoprim,5.0,6.0,1.0,3.8266475644699134,2.826647564469914,0.43200000000000005,-0.18999999999999986,0.0,6989.35,16934.425,0.0
BL032,Trimethoprim,5.0,6.0,2.0,4.7740686985970004,3.7740686985970004,0.46399999999999936,-0.17199999999999988,0.0,8198.6,22541.075,0.0
BL032,Trimethoprim,5.0,6.0,3.0,5.670055452865065,4.670055452865065,0.4519999999999996,-0.19199999999999875,0.0,10033.6,30361.5,0.0
BL032,Trimethoprim,0.5,6.0,1.0,70.08426966292134,11.696629213483146,12.340000000000009,-27.519999999999982,-3.5530434782608693,171050.2,218069.0,0.0
BL032,Trimethoprim,0.5,6.0,2.0,71.14738358137302,10.915506481036967,12.0,-30.420000000000005,-3.5762318840579708,162099.325,215024.0,0.0
BL032,Trimethoprim,0.5,6.0,3.0,68.6752529898804,8.889604415823367,14.2,-28.439999999999987,-3.5013698630136987,185587.5,169895.5,0.0
BL032,Trimethoprim,0.05,6.0,1.0,11.244196843082637,0.13695450324976785,4.1800000000000015,-2.780000000000001,-0.4583368421052631,34040.125,10978.1,0.0
BL032,Trimethoprim,0.05,6.0,2.0,11.196660482374769,-0.011131725417439632,4.219999999999999,-2.960000000000002,-0.4633263157894737,33287.2,9710.4,0.0
BL032,Trimethoprim,0.05,6.0,3.0,10.931283905967451,-0.0791139240506329,4.2,-2.8200000000000047,-0.4661684210526316,33702.2,9761.575,0.0
BL032,Trimethoprim,0.005,6.0,1.0,9.580064605445315,1.1278264882325795,3.5199999999999987,-2.280000000000001,-0.3472903225806452,30232.325,19652.575,0.0
BL032,Trimethoprim,0.005,6.0,2.0,9.3436645396536,0.9858705560619871,3.6400000000000006,-2.3800000000000012,-0.343468085106383,29734.125,18084.65,0.0
BL032,Trimethoprim,0.005,6.0,3.0,9.308462238398544,0.8412192902638762,3.4219999999999997,-2.280000000000001,-0.35296774193548386,29900.525,17200.7,0.0
BL032,Metaldehyde,500.0,1.0,1.0,12.416121053397353,-0.8633784373635967,1380.2,-1453.2,-62.05661764705882,14161715.0,2193360.0,1816005.0
BL032,Metaldehyde,500.0,1.0,2.0,10.354349338900487,-0.8869867780097426,1444.0,-1371.8,-53.71094890510949,11945635.0,2218227.5,1661825.0
BL032,Metaldehyde,500.0,1.0,3.0,10.722537112010796,-0.8515519568151148,1335.8,-1346.8,-57.402197802197804,12728910.0,2219297.5,1983517.5
BL032,Metaldehyde,500.0,1.0,4.0,11.320709893795417,-0.8193124650642817,1283.4,-1532.8,-58.616176470588236,12921200.0,2284605.0,2202772.5
BL032,Metaldehyde,50.0,1.0,1.0,10.329396325459317,-0.8409448818897638,1454.0,-1215.2,-56.56788321167883,12728862.5,2047052.5,2161640.0
BL032,Metaldehyde,50.0,1.0,2.0,11.287256371814093,-0.42083958020989504,1276.4,-1054.4,-52.51691176470588,11579447.5,2305877.5,3660137.5
BL032,Metaldehyde,50.0,1.0,3.0,10.581030818278427,-0.8929330499468651,1433.8,-1253.8,-57.55328467153284,12457185.0,2007825.0,1682790.0
BL032,Metaldehyde,50.0,1.0,4.0,10.905299973096584,-0.873015873015873,1333.2,-1335.2,-58.7003663003663,12602622.5,2036380.0,1790692.5
BL032,Metaldehyde,5.0,1.0,1.0,10.610208155118334,-0.41488451668092385,1315.4,-1308.4,-51.513553113553115,11373175.0,2207985.0,3736510.0
BL032,Metaldehyde,5.0,1.0,2.0,11.473692284092651,-0.37383034207700566,1233.8,-1309.0,-51.99632352941177,11518122.5,2188485.0,3765755.0
BL032,Metaldehyde,5.0,1.0,3.0,9.801958510501224,-0.5253189022033243,1385.4,-1595.8,-52.64654545454545,11725950.0,2572735.0,3694757.5
BL032,Metaldehyde,5.0,1.0,4.0,11.117773595052434,-0.8912342027426727,1410.0,-1392.8,-59.77007299270073,12959040.0,2027580.0,1761952.5
BL032,Metaldehyde,0.5,1.0,1.0,10.907832786417464,-0.45298901412469683,1351.4,-1314.4,-53.2007326007326,11923920.0,2313202.5,3633015.0
BL032,Metaldehyde,0.5,1.0,2.0,10.581758304696448,-0.4551832760595647,1344.4,-1114.0,-51.353846153846156,11482842.5,2328652.5,3690047.5
BL032,Metaldehyde,0.5,1.0,3.0,11.433597552496176,-0.45918509247670697,1349.6,-1240.8,-57.38461538461539,12963187.5,2435177.5,3704835.0
BL032,Metaldehyde,0.5,1.0,4.0,9.430771365149834,-0.9639289678135405,1296.4,-1603.2,-49.60952380952381,11223945.0,2901787.5,3335197.5
BL032,Metaldehyde,0.05,1.0,1.0,9.70985691573927,-0.40474297827239003,1376.4,-1257.0,-50.4007326007326,11067977.5,2174162.5,4104467.5
BL032,Metaldehyde,0.05,1.0,2.0,10.713459592308805,-0.355645511059708,1362.0,-1191.6,-51.02417582417583,11392330.0,2257155.0,4148050.0
BL032,Metaldehyde,0.05,1.0,3.0,10.306386313177484,-0.43659396630534153,1344.6,-1486.6,-54.65347985347985,12230272.5,2432272.5,4142977.5
BL032,Metaldehyde,0.05,1.0,4.0,11.762055933484504,-0.9268329554043839,1182.6,-1339.4,-56.43941605839416,12863280.0,1614825.0,1048137.5
BL032,Metaldehyde,500.0,2.0,1.0,3.1286340230914385,-0.9600217481689961,764.2,-1129.2,-72.33932584269662,18097767.5,2098337.5,2086897.5
BL032,Metaldehyde,500.0,2.0,2.0,2.5695240507932486,-0.9461667563887394,901.0,-673.4,-59.507865168539325,16996122.5,2323052.5,2210167.5
BL032,Metaldehyde,500.0,2.0,3.0,2.5824229928916513,-0.9462411914945995,933.6,-975.0,-61.553558052434454,17137847.5,2399285.0,2190337.5
BL032,Metaldehyde,500.0,2.0,4.0,2.7653649375040477,-0.9530147011203938,851.4,-1197.6,-62.88314606741573,17741357.5,2353762.5,2043662.5
BL032,Metaldehyde,50.0,2.0,1.0,2.9918252690717417,-0.9455228355900641,779.6,-1407.6,-69.45074626865672,17159995.0,2083662.5,2374830.0
BL032,Metaldehyde,50.0,2.0,2.0,2.9740385860416936,-0.964133108895507,760.2,-1394.8,-67.98951310861423,16859362.5,1989137.5,1873145.0
BL032,Metaldehyde,50.0,2.0,3.0,2.899805029576022,-0.9615346485575493,755.8,-1210.2,-64.85917602996254,16964100.0,2071782.5,1916430.0
BL032,Metaldehyde,50.0,2.0,4.0,2.8253719163894293,-0.9603289184608624,856.2,-1064.8,-66.48539325842697,18020750.0,2207620.0,2017460.0
BL032,Metaldehyde,5.0,2.0,1.0,3.057721900271748,-0.8351831843630292,763.2,-1419.2,-66.18576779026218,16649057.5,2629705.0,4332995.0
BL032,Metaldehyde,5.0,2.0,2.0,3.005861478993727,-0.8770356758126862,821.4,-1405.8,-67.90298507462687,17094980.0,2173895.0,3388922.5
BL032,Metaldehyde,5.0,2.0,3.0,2.847097018218496,-0.959969740906512,947.0,-1078.2,-66.46044776119403,17659767.5,2124255.0,2064222.5
BL032,Metaldehyde,5.0,2.0,4.0,2.846413185989886,-0.9657239183367672,811.6,-1338.2,-67.22686567164179,18341660.0,2108767.5,1959142.5
BL032,Metaldehyde,0.5,2.0,1.0,2.9736080750932237,-0.856982126784107,790.6,-1348.6,-65.71194029850746,16027457.5,2426030.0,4381520.0
BL032,Metaldehyde,0.5,2.0,2.0,2.7647989084932867,-0.8514682625817854,807.0,-1100.8,-62.73011152416357,15942265.0,2513717.5,4507535.0
BL032,Metaldehyde,0.5,2.0,3.0,3.0356828624498973,-0.9489034444553068,746.4,-1079.4,-68.60524344569288,18622510.0,2287485.0,2400402.5
BL032,Metaldehyde,0.5,2.0,4.0,3.06698210377237,-0.9658812926483842,756.0,-1258.6,-70.31716417910448,18869967.5,2144570.0,1958607.5
BL032,Metaldehyde,0.05,2.0,1.0,3.1979485454851186,-0.9597780393475702,771.2,-1503.6,-70.33333333333333,16835132.5,2224935.0,2633385.0
BL032,Metaldehyde,0.05,2.0,2.0,3.0618184207068717,-0.8455524898173696,772.2,-1509.6,-66.30112359550562,16389742.5,2487597.5,4283940.0
BL032,Metaldehyde,0.05,2.0,3.0,3.1323958970178656,-0.837714829155628,723.6,-1675.2,-65.74887218045113,17292180.0,2594910.0,4373640.0
BL032,Metaldehyde,0.05,2.0,4.0,3.1262930889240828,-0.8480304612999966,703.2,-1534.4,-66.36766917293232,18054387.5,2718167.5,4278187.5
BL032,Metaldehyde,500.0,3.0,1.0,3.974875132435296,-0.948388073255638,1219.6,-1406.6,-76.51955719557195,19587557.5,2796707.5,2517765.0
BL032,Metaldehyde,500.0,3.0,2.0,3.8637560419695838,-0.9509961881557748,1146.2,-862.0,-71.90666666666667,18441187.5,2947652.5,2511910.0
BL032,Metaldehyde,500.0,3.0,3.0,3.6706537832151485,-0.95250525987688,1040.6,-765.4,-68.88296296296296,18734180.0,2890560.0,2366222.5
BL032,Metaldehyde,500.0,3.0,4.0,4.078022843639228,-0.9580543521071287,1111.0,-909.0,-76.19033457249071,20823552.5,2986882.5,2162752.5
BL032,Metaldehyde,50.0,3.0,1.0,3.455993031358885,-0.8257491289198606,1214.2,-1275.6,-69.25441176470588,17907790.0,2965315.0,4635382.5
BL032,Metaldehyde,50.0,3.0,2.0,3.658298572576633,-0.8049443190080747,1118.8,-800.2,-66.78819188191882,16893482.5,2842120.0,4688707.5
BL032,Metaldehyde,50.0,3.0,3.0,3.6790467111534797,-0.9606101048617731,1168.8,-1041.2,-70.44280442804428,18700125.0,2546550.0,2141095.0
BL032,Metaldehyde,50.0,3.0,4.0,3.5060663357756243,-0.952926810052785,941.4,-800.8,-65.04444444444445,17683812.5,2716667.5,2301627.5
BL032,Metaldehyde,5.0,3.0,1.0,3.6073814478151354,-0.8163764465374366,1051.6,-1054.2,-69.21549815498155,17633120.0,2646047.5,4689990.0
BL032,Metaldehyde,5.0,3.0,2.0,3.7844489731932907,-0.8019673930083085,1093.6,-1071.2,-67.78592592592592,17038022.5,2748517.5,4662712.5
BL032,Metaldehyde,5.0,3.0,3.0,3.592296055787182,-0.9637309522931041,1087.2,-772.4,-71.39185185185185,18860717.5,2733700.0,2156407.5
BL032,Metaldehyde,5.0,3.0,4.0,3.9321486268174475,-0.9027542456361559,1080.4,-731.8,-72.36133828996283,20204565.0,3294267.5,3739275.0
BL032,Metaldehyde,0.5,3.0,1.0,3.402328997062526,-0.8228423555742062,1266.8,-1253.0,-67.81397058823529,17252735.0,2899860.0,4633085.0
BL032,Metaldehyde,0.5,3.0,2.0,3.502460945859191,-0.8198872958128255,1066.8,-875.2,-68.74686346863469,17454777.5,2710387.5,4679860.0
BL032,Metaldehyde,0.5,3.0,3.0,3.5377107364685005,-0.8270452528837622,1153.4,-858.0,-69.96457564575645,19331357.5,3157872.5,4653235.0
BL032,Metaldehyde,0.5,3.0,4.0,3.656367247848157,-0.827595085705878,1167.4,-755.4,-70.15925925925926,19599227.5,3240632.5,4618247.5
BL032,Metaldehyde,0.05,3.0,1.0,3.558942194835681,-0.8079151995305164,1106.2,-1187.6,-67.74464944649446,16979695.0,2716532.5,4795770.0
BL032,Metaldehyde,0.05,3.0,2.0,3.560211331754418,-0.8130078338495172,1070.8,-1068.4,-68.32324723247233,17334260.0,2831040.0,4662772.5
BL032,Metaldehyde,0.05,3.0,3.0,3.460560941828255,-0.8277700831024931,1142.6,-908.8,-70.08634686346863,19458552.5,3069757.5,4741375.0
BL032,Metaldehyde,0.05,3.0,4.0,3.6960769633899826,-0.8078535599311223,1195.6,-897.0,-69.3362962962963,19181510.0,3014577.5,4847590.0
BL032,Metaldehyde,500.0,4.0,1.0,5.463067469275145,-0.7279909706546276,1339.8,-918.6,-63.92818532818533,19477870.0,4567285.0,7146885.0
BL032,Metaldehyde,500.0,4.0,2.0,5.5560077640723815,-0.7744662200237932,1337.6,-876.2,-64.00977443609023,19577260.0,4421740.0,6649947.5
BL032,Metaldehyde,500.0,4.0,3.0,5.594616487008536,-0.771387625397221,1335.0,-959.0,-64.75112781954887,20575575.0,4577915.0,6620645.0
BL032,Metaldehyde,500.0,4.0,4.0,5.653045538973932,-0.6866073144174726,1275.4,-927.4,-64.12923076923077,20477480.0,4683995.0,6914970.0
BL032,Metaldehyde,50.0,4.0,1.0,4.9570275958840035,-0.791510757717493,1461.2,-1094.6,-62.236781609195404,18580075.0,4267265.0,6563115.0
BL032,Metaldehyde,50.0,4.0,2.0,5.181022243256034,-0.7983317557974444,1405.6,-1292.0,-64.25267175572519,18968370.0,4271962.5,6441325.0
BL032,Metaldehyde,50.0,4.0,3.0,5.077252198716425,-0.8107321131447587,1348.8,-1215.8,-61.61423220973783,19223810.0,4222145.0,6374247.5
BL032,Metaldehyde,50.0,4.0,4.0,5.471704263919676,-0.7980831920719781,1253.4,-1118.4,-61.937164750957855,19237165.0,4387795.0,6601247.5
BL032,Metaldehyde,5.0,4.0,1.0,5.319148936170213,-0.7633521493703864,1343.2,-1361.6,-62.545801526717554,18767040.0,4646072.5,6632447.5
BL032,Metaldehyde,5.0,4.0,2.0,5.4525477093105446,-0.6749983936259076,1289.8,-1183.6,-60.916030534351144,18912045.0,4500810.0,7005302.5
BL032,Metaldehyde,5.0,4.0,3.0,5.569044723685988,-0.7405080394541278,1194.4,-1167.8,-59.993893129770996,18736472.5,4383515.0,6349940.0
BL032,Metaldehyde,5.0,4.0,4.0,5.378767256465098,-0.7970056387322574,1235.6,-1352.8,-61.19310344827586,18636925.0,4137677.5,6454845.0
BL032,Metaldehyde,0.5,4.0,1.0,5.17608497723824,-0.7787556904400607,1438.8,-1648.0,-62.552490421455936,17283742.5,4564180.0,7715357.5
BL032,Metaldehyde,0.5,4.0,2.0,5.295766733266733,-0.7690434565434565,1355.0,-1747.4,-62.15938697318008,17206480.0,4529287.5,7748630.0
BL032,Metaldehyde,0.5,4.0,3.0,5.329957148422283,-0.770808985845994,1294.2,-1346.4,-60.200766283524906,17658117.5,4319417.5,7481510.0
BL032,Metaldehyde,0.5,4.0,4.0,5.33388262137153,-0.789136772721511,1311.6,-1241.0,-61.939463601532566,18595865.0,4148317.5,6513470.0
BL032,Metaldehyde,0.05,4.0,1.0,5.061095973357554,-0.7521646987587042,1417.0,-1517.4,-60.91264367816092,16845557.5,4358760.0,7835872.5
BL032,Metaldehyde,0.05,4.0,2.0,5.249419006343823,-0.7594372212800703,1332.2,-1684.2,-61.10804597701149,16913537.5,4290517.5,7796332.5
BL032,Metaldehyde,0.05,4.0,3.0,5.2572593900286115,-0.7589943385889085,1423.6,-1228.0,-62.90229007633588,18819355.0,4326067.5,7825542.5
BL032,Metaldehyde,0.05,4.0,4.0,5.223985672821589,-0.7777434694003582,1359.8,-1562.4,-62.06360153256705,17661677.5,4576545.0,7641037.5
BL032,Metaldehyde,500.0,5.0,1.0,2.3878566066066065,-0.9736298798798799,1846.6,-1165.2,-55.71365313653136,16396825.0,2127492.5,1674400.0
BL032,Metaldehyde,500.0,5.0,2.0,2.471318534889012,-0.8760765705742793,1648.0,-849.4,-52.528727272727274,16042802.5,2531995.0,4290032.5
BL032,Metaldehyde,500.0,5.0,3.0,2.487433582162532,-0.9693255533461551,1605.2,-1083.8,-55.011678832116786,16852185.0,2265222.5,1740932.5
BL032,Metaldehyde,500.0,5.0,4.0,2.5233527802498434,-0.9670061636837074,1561.6,-1080.8,-55.35164835164835,17609067.5,2389467.5,1791965.0
BL032,Metaldehyde,50.0,5.0,1.0,2.3685176686553464,-0.9674162459843965,1761.0,-1155.2,-56.34686346863469,16442070.0,2102262.5,1904537.5
BL032,Metaldehyde,50.0,5.0,2.0,2.422365245374095,-0.8457602574416734,1634.6,-1000.0,-52.01623616236162,15519765.0,2504037.5,4784277.5
BL032,Metaldehyde,50.0,5.0,3.0,2.476258805113488,-0.9653665536133577,1577.8,-1071.2,-54.64963503649635,16262250.0,2150760.0,1851725.0
BL032,Metaldehyde,50.0,5.0,4.0,2.4509225331560685,-0.9695191154058173,1548.4,-924.2,-54.68424908424908,17132125.0,2207562.5,1722100.0
BL032,Metaldehyde,5.0,5.0,1.0,2.3597054380664653,-0.8502958207452165,1765.8,-1185.2,-52.01851851851852,15647747.5,2519635.0,4753670.0
BL032,Metaldehyde,5.0,5.0,2.0,2.42296252230815,-0.9745191354352568,1614.0,-1029.4,-53.73555555555556,16000685.0,2057200.0,1571797.5
BL032,Metaldehyde,5.0,5.0,3.0,2.443634232885185,-0.9577785735212735,1582.2,-920.4,-54.64370370370371,17436842.5,2218050.0,1706332.5
BL032,Metaldehyde,5.0,5.0,4.0,2.382160104902933,-0.8489461732817347,1531.2,-769.2,-51.10622710622711,16207827.5,2613362.5,4867605.0
BL032,Metaldehyde,0.5,5.0,1.0,2.3568766066838047,-0.8593508997429306,1759.6,-1265.6,-51.08814814814815,15328365.0,2448225.0,4714877.5
BL032,Metaldehyde,0.5,5.0,2.0,2.3677823077652413,-0.8613191744887961,1691.4,-1170.6,-52.245185185185186,15600880.0,2501492.5,4670680.0
BL032,Metaldehyde,0.5,5.0,3.0,2.3484988521510988,-0.9743299245699294,1721.6,-1131.4,-57.71111111111111,17845867.5,2212477.5,1740090.0
BL032,Metaldehyde,0.5,5.0,4.0,2.4264183845052,-0.9616678084324594,1674.4,-1055.2,-56.59852398523985,18329105.0,2372600.0,1669172.5
BL032,Metaldehyde,0.05,5.0,1.0,2.3129652327284687,-0.854802547009058,1837.6,-1199.6,-53.51586715867159,15911095.0,2555620.0,4800255.0
BL032,Metaldehyde,0.05,5.0,2.0,2.3679676242450256,-0.855811386700187,1765.2,-1207.0,-53.52988929889299,15755655.0,2482265.0,4838510.0
BL032,Metaldehyde,0.05,5.0,3.0,2.350688896258555,-0.8530857125629353,1744.2,-1166.6,-55.58707224334601,17139067.5,2846630.0,4941597.5
BL032,Metaldehyde,0.05,5.0,4.0,2.3613089448749727,-0.9788222006086656,1637.8,-998.8,-56.936641221374046,17868107.5,2287307.5,1478820.0
BL032,Boric Acid,500.0,1.0,1.0,6.292454881495978,-0.9949989128071319,723.4,-973.0,-20.953623188405796,6186195.0,2000070.0,245685.0
BL032,Boric Acid,500.0,1.0,2.0,5.812526096033403,-0.64321503131524,740.6,-832.0,-18.93695652173913,6211912.5,4832877.5,3447182.5
BL032,Boric Acid,500.0,1.0,3.0,6.194375,-0.9927083333333333,780.0,-1192.4,-21.520289855072463,6805640.0,2471530.0,462752.5
BL032,Boric Acid,500.0,1.0,4.0,5.99942073759413,-0.9876424020081097,718.0,-1199.8,-22.468840579710147,8075137.5,3227967.5,1204932.5
BL032,Boric Acid,50.0,1.0,1.0,5.9005078485687905,-0.6484302862419206,610.2,-749.0,-17.418840579710146,5555377.5,3840077.5,2837742.5
BL032,Boric Acid,50.0,1.0,2.0,6.267263986013986,-0.9980332167832168,662.6,-828.0,-20.85090909090909,6604825.0,1391935.0,133672.5
BL032,Boric Acid,50.0,1.0,3.0,6.010660106601066,-0.9969249692496925,711.2,-1105.0,-21.235507246376812,7052407.5,1661895.0,139275.0
BL032,Boric Acid,50.0,1.0,4.0,6.21468808679324,-0.5975380763613604,674.0,-1053.0,-20.260363636363635,7411462.5,5127467.5,3248935.0
BL032,Boric Acid,5.0,1.0,1.0,6.279963611553332,-0.9972708664998863,717.6,-922.2,-20.00072463768116,5986902.5,1453235.0,140885.0
BL032,Boric Acid,5.0,1.0,2.0,5.815300084530854,-0.9970414201183432,758.2,-1023.2,-19.930434782608696,6369077.5,1707792.5,184160.0
BL032,Boric Acid,5.0,1.0,3.0,6.210046629927936,-0.6515472657905892,684.8,-1054.2,-20.03985507246377,7259995.0,3701345.0,2680920.0
BL032,Boric Acid,5.0,1.0,4.0,5.894562463457416,-0.9982459559540051,690.8,-1048.2,-21.910144927536233,7753327.5,1597140.0,148177.5
BL032,Boric Acid,0.5,1.0,1.0,6.448022079116836,-0.9967801287948482,666.2,-860.6,-20.379636363636365,6697582.5,2408292.5,603475.0
BL032,Boric Acid,0.5,1.0,2.0,6.725850965961362,-0.9958601655933763,650.4,-846.6,-21.25527272727273,7493062.5,1370550.0,129307.5
BL032,Boric Acid,0.5,1.0,3.0,6.598455598455598,-0.9972114972114973,659.2,-940.6,-22.362909090909092,7967870.0,1606465.0,207277.5
BL032,Boric Acid,0.5,1.0,4.0,5.986377097729516,-0.9970384995064165,640.4,-932.8,-22.040727272727274,8106190.0,1678345.0,147200.0
BL032,Boric Acid,0.05,1.0,1.0,6.679510022271715,-0.9977728285077951,667.8,-800.6,-21.804363636363636,7609500.0,1269830.0,109130.0
BL032,Boric Acid,0.05,1.0,2.0,6.903859486942454,-0.9967645019644095,651.4,-886.4,-21.715636363636364,7644290.0,1318047.5,168890.0
BL032,Boric Acid,0.05,1.0,3.0,6.763900955690704,-0.9717636837532581,628.0,-1025.0,-22.635766423357666,8287150.0,1452480.0,743840.0
BL032,Boric Acid,0.05,1.0,4.0,6.2264808362369335,-0.4176829268292683,611.4,-927.4,-18.91824817518248,6838117.5,4832095.0,3910302.5
BL032,Boric Acid,500.0,2.0,1.0,1.6671595950403821,-0.9989003905509423,486.0,-572.0,-32.42730627306273,10575620.0,1568647.5,261627.5
BL032,Boric Acid,500.0,2.0,2.0,1.7765848086807539,-0.9992004568817818,503.0,-543.0,-34.54888888888889,12031827.5,1569920.0,176472.5
BL032,Boric Acid,500.0,2.0,3.0,1.9119394921663966,-0.9993439839469013,529.0,-489.8,-37.5219696969697,13112617.5,1711955.0,197505.0
BL032,Boric Acid,500.0,2.0,4.0,2.0224049251870326,-0.9989089775561097,538.0,-737.2,-39.29924242424242,14471477.5,1917977.5,276985.0
BL032,Boric Acid,50.0,2.0,1.0,1.7557351717579937,-0.9993264392408574,517.8,-513.2,-32.69077490774908,10495585.0,1094080.0,122705.0
BL032,Boric Acid,50.0,2.0,2.0,1.7509881422924902,-0.9995652173913043,458.4,-511.6,-32.685608856088564,11016552.5,1225145.0,127335.0
BL032,Boric Acid,50.0,2.0,3.0,1.8460181249498757,-0.9993183094073301,515.8,-471.8,-34.862878787878785,12101970.0,1288385.0,199092.5
BL032,Boric Acid,50.0,2.0,4.0,1.917786656980264,-0.9651693102474068,644.6,-502.0,-35.343939393939394,13382572.5,2826225.0,2628477.5
BL032,Boric Acid,5.0,2.0,1.0,1.7046202657148524,-0.9992464802696808,516.4,-480.0,-31.707011070110703,10609430.0,1094227.5,113647.5
BL032,Boric Acid,5.0,2.0,2.0,1.8636081835089895,-0.9995040297582145,587.0,-429.6,-33.26789667896679,11504320.0,1180430.0,112662.5
BL032,Boric Acid,5.0,2.0,3.0,1.937399744992391,-0.9995064368856168,572.0,-600.8,-35.811406844106465,12725120.0,1259942.5,122325.0
BL032,Boric Acid,5.0,2.0,4.0,1.8710008284350468,-0.988914750088761,550.0,-486.2,-35.717424242424244,13388477.5,2964447.5,2255065.0
BL032,Boric Acid,0.5,2.0,1.0,1.722660213878698,-0.9996487393646085,532.4,-500.2,-32.68814814814815,11681860.0,1095122.5,105050.0
BL032,Boric Acid,0.5,2.0,2.0,1.8991365444848896,-0.9996190637433336,480.8,-397.4,-33.984848484848484,12351412.5,1283625.0,115360.0
BL032,Boric Acid,0.5,2.0,3.0,1.9591977031016217,-0.9994743014274738,550.4,-557.0,-36.833460076045625,13185882.5,1235600.0,111192.5
BL032,Boric Acid,0.5,2.0,4.0,1.9005678233438486,-0.9082229232386961,525.0,-395.8,-32.82748091603053,13090187.5,4442992.5,3063052.5
BL032,Boric Acid,0.05,2.0,1.0,1.8104542626011202,-0.9995436631404273,382.6,-455.2,-33.56153846153846,11938085.0,1236402.5,112257.5
BL032,Boric Acid,0.05,2.0,2.0,1.9367249333389767,-0.9994497820290346,498.8,-493.8,-34.78783269961977,12809190.0,1178742.5,106192.5
BL032,Boric Acid,0.05,2.0,3.0,1.7710503642202553,-0.9131745907417561,477.6,-565.2,-32.82824427480916,12887607.5,4260087.5,2991447.5
BL032,Boric Acid,0.05,2.0,4.0,2.03414656063261,-0.8932919980230939,433.8,-444.8,-32.99923076923077,13042747.5,4444110.0,3217947.5
BL032,Boric Acid,500.0,3.0,1.0,2.5350424636875943,-0.9981744582903405,496.4,-357.8,-23.04404332129964,7437365.0,1756805.0,256215.0
BL032,Boric Acid,500.0,3.0,2.0,2.277998298837539,-0.8247093847462432,458.8,-343.0,-21.496376811594203,7839117.5,4167460.0,3778810.0
BL032,Boric Acid,500.0,3.0,3.0,2.5943783942462937,-0.9985322178188757,480.4,-375.8,-26.366417910447762,9827142.5,1798075.0,190122.5
BL032,Boric Acid,500.0,3.0,4.0,2.770363552692131,-0.9977647754914207,475.2,-534.8,-34.65514403292181,11520077.5,2005410.0,370415.0
BL032,Boric Acid,50.0,3.0,1.0,2.285415916456608,-0.9904933381346777,442.6,-279.4,-22.89927536231884,7862842.5,1637442.5,593542.5
BL032,Boric Acid,50.0,3.0,2.0,2.504068785505911,-0.9989252264701366,444.8,-277.6,-23.62608695652174,8341935.0,1230872.5,124627.5
BL032,Boric Acid,50.0,3.0,3.0,2.358425513575636,-0.9989943973567016,453.6,-397.8,-24.492537313432837,9113442.5,1415585.0,140152.5
BL032,Boric Acid,50.0,3.0,4.0,2.317706315381635,-0.8585819449825649,432.0,-329.4,-27.968464730290457,10257015.0,4434485.0,3102500.0
BL032,Boric Acid,5.0,3.0,1.0,2.296339422167237,-0.9978167527836402,411.6,-315.6,-22.843478260869563,8104805.0,1583440.0,440452.5
BL032,Boric Acid,5.0,3.0,2.0,2.460338881391513,-0.9988753936122358,432.8,-249.0,-24.478358208955225,8576900.0,1217667.5,121100.0
BL032,Boric Acid,5.0,3.0,3.0,2.2943160614324674,-0.8504377780967418,440.0,-427.8,-21.577617328519857,9184192.5,4178512.5,3032605.0
BL032,Boric Acid,5.0,3.0,4.0,2.6097129930722467,-0.9992223950233281,512.6,-578.0,-30.12734693877551,10265500.0,1336840.0,118642.5
BL032,Boric Acid,0.5,3.0,1.0,2.138238647796633,-0.903145750888725,476.4,-286.6,-21.974729241877256,8815487.5,2681212.5,2492742.5
BL032,Boric Acid,0.5,3.0,2.0,2.316162697350816,-0.9987289269467488,465.8,-420.2,-25.727137546468402,9429047.5,1174475.0,126325.0
BL032,Boric Acid,0.5,3.0,3.0,2.476077366813709,-0.9991856124872752,460.8,-463.4,-27.21865671641791,10383327.5,1462315.0,149610.0
BL032,Boric Acid,0.5,3.0,4.0,2.852700378396973,-0.9988304093567252,443.6,-554.6,-33.97295081967213,11477485.0,1429782.5,117132.5
BL032,Boric Acid,0.05,3.0,1.0,2.4127079978529253,-0.9992619431025228,442.4,-380.8,-26.82686567164179,9863132.5,1167632.5,111407.5
BL032,Boric Acid,0.05,3.0,2.0,2.4247246022031823,-0.9988480092159263,475.4,-450.2,-25.026765799256506,9354045.0,1277982.5,112140.0
BL032,Boric Acid,0.05,3.0,3.0,2.598645894001165,-0.8737623762376238,439.6,-235.8,-25.344029850746267,10043845.0,2964457.5,2660727.5
BL032,Boric Acid,0.05,3.0,4.0,2.5243039169419537,-0.9989213240746984,489.6,-433.8,-30.804115226337448,10634637.5,1505575.0,145850.0
BL032,Boric Acid,500.0,4.0,1.0,5.056562726613488,-0.4205946337926033,795.0,-1180.2,-17.766906474820143,5530250.0,4096205.0,6090925.0
BL032,Boric Acid,500.0,4.0,2.0,5.235155987923515,-0.9317343173431735,878.4,-1392.8,-22.08243727598566,6634630.0,2418022.5,611255.0
BL032,Boric Acid,500.0,4.0,3.0,5.3908629441624365,-0.9967851099830796,875.8,-1568.8,-22.907194244604316,7588452.5,2517812.5,559167.5
BL032,Boric Acid,500.0,4.0,4.0,4.978166591894721,-0.9953641393749065,861.0,-1501.8,-23.92661870503597,8669025.0,2870910.0,772455.0
BL032,Boric Acid,50.0,4.0,1.0,5.000345542501727,-0.9573255010366275,736.8,-1265.0,-20.64388489208633,6150387.5,1844655.0,752945.0
BL032,Boric Acid,50.0,4.0,2.0,4.924823671082057,-0.9962153793222088,879.8,-1273.2,-20.579856115107912,6070590.0,1972230.0,392127.5
BL032,Boric Acid,50.0,4.0,3.0,4.649143887053169,-0.9980474617002103,823.8,-1760.0,-22.179928315412187,7175585.0,1957072.5,391215.0
BL032,Boric Acid,50.0,4.0,4.0,4.394725708644761,-0.9342828938090537,817.2,-1514.6,-22.005017921146955,7789362.5,2364162.5,2775442.5
BL032,Boric Acid,5.0,4.0,1.0,4.766430738119312,-0.9973036737445231,838.8,-1190.8,-20.26379928315412,5970130.0,1818115.0,363270.0
BL032,Boric Acid,5.0,4.0,2.0,5.054490413723512,-0.9968045745038682,765.0,-1371.8,-21.607913669064747,6981507.5,2013692.5,396292.5
BL032,Boric Acid,5.0,4.0,3.0,5.166795366795367,-0.9975289575289575,751.0,-1087.2,-27.297142857142855,9168232.5,2389440.0,524175.0
BL032,Boric Acid,5.0,4.0,4.0,4.415165876777251,-0.5398781313473257,790.4,-1439.2,-24.039506172839506,8717232.5,4978572.5,5543732.5
BL032,Boric Acid,0.5,4.0,1.0,4.938397328881469,-0.9969949916527546,738.8,-1449.4,-21.268345323741006,7091677.5,1766470.0,348032.5
BL032,Boric Acid,0.5,4.0,2.0,5.049600532623169,-0.9971704394141145,815.2,-1597.2,-21.8136690647482,7474705.0,1903172.5,401550.0
BL032,Boric Acid,0.5,4.0,3.0,4.876942395228379,-0.9387851200753414,784.6,-1582.6,-22.072661870503598,7905622.5,2003567.5,481032.5
BL032,Boric Acid,0.5,4.0,4.0,4.871933343619812,-0.43928406110168183,801.0,-1619.6,-20.101438848920864,7642992.5,3979237.5,4617977.5
BL032,Boric Acid,0.05,4.0,1.0,4.965826144658261,-0.8812209688122097,765.6,-1521.6,-21.020143884892086,7158497.5,1834287.5,555420.0
BL032,Boric Acid,0.05,4.0,2.0,4.782207629768606,-0.9978111319574734,835.0,-1416.0,-21.994964028776977,7498845.0,1911977.5,372572.5
BL032,Boric Acid,0.05,4.0,3.0,4.892653626982905,-0.9970737717541969,785.2,-1598.8,-22.841007194244604,8255760.0,1978320.0,399480.0
BL032,Boric Acid,0.05,4.0,4.0,4.526323339549562,-0.6128245588868169,853.4,-1609.2,-20.758273381294963,7695190.0,4039577.5,4623607.5
BL032,Boric Acid,500.0,5.0,1.0,1.943962886094494,-0.9993081837789444,1196.6,-666.4,-38.822764227642274,13819362.5,2731442.5,305970.0
BL032,Boric Acid,500.0,5.0,2.0,1.8995833508690712,-0.9985690837927697,1112.0,-465.4,-36.817959183673466,13295002.5,2970360.0,338695.0
BL032,Boric Acid,500.0,5.0,3.0,2.1779554540262707,-0.9992385303636018,1171.8,-416.4,-46.49105691056911,15911205.0,3185267.5,328275.0
BL032,Boric Acid,500.0,5.0,4.0,2.3357859531772576,-0.9974730583426236,1158.2,-469.0,-51.89090909090909,17008760.0,4232390.0,987285.0
BL032,Boric Acid,50.0,5.0,1.0,1.840618423182775,-0.999433381900599,1100.6,-377.8,-37.1134693877551,12475855.0,2157925.0,242100.0
BL032,Boric Acid,50.0,5.0,2.0,2.024885177453027,-0.9991231732776618,1105.8,-430.2,-39.57142857142857,12585950.0,2213267.5,247850.0
BL032,Boric Acid,50.0,5.0,3.0,2.1981650665840817,-0.999380613192939,1075.6,-413.4,-46.53032786885246,14126827.5,2521122.5,293040.0
BL032,Boric Acid,50.0,5.0,4.0,1.7793915745357323,-0.8908158103909242,1197.6,-359.2,-37.73714285714286,13989695.0,5257195.0,5442245.0
BL032,Boric Acid,5.0,5.0,1.0,2.1676356589147288,-0.9990731378496798,1078.2,-383.0,-42.15491803278689,12789742.5,2216222.5,252930.0
BL032,Boric Acid,5.0,5.0,2.0,2.292520345151924,-0.9991412096675255,1094.0,-448.4,-45.9327868852459,13486807.5,2276400.0,245047.5
BL032,Boric Acid,5.0,5.0,3.0,2.325144454799627,-0.999291705498602,1150.4,-530.8,-50.900408163265304,14876760.0,2477305.0,270525.0
BL032,Boric Acid,5.0,5.0,4.0,2.2717214328004736,-0.9992229129662522,1149.6,-484.4,-50.510288065843625,14891117.5,2921930.0,343435.0
BL032,Boric Acid,0.5,5.0,1.0,2.0292010787122874,-0.9987358840384292,1005.6,-402.6,-39.61069958847737,11648370.0,1853402.5,200122.5
BL032,Boric Acid,0.5,5.0,2.0,2.424354097321287,-0.9995244888254874,1068.8,-463.8,-50.34485596707819,14018145.0,2339582.5,244832.5
BL032,Boric Acid,0.5,5.0,3.0,2.4428350116189,-0.9426800929512006,1071.4,-540.4,-50.69465020576132,14622522.5,3652105.0,3620147.5
BL032,Boric Acid,0.5,5.0,4.0,2.368874323603384,-0.9993902903742092,1197.6,-388.2,-51.36198347107438,14777180.0,2920532.5,330717.5
BL032,Boric Acid,0.05,5.0,1.0,2.2902521823472357,-0.9989492402198513,1078.6,-501.2,-46.429508196721315,13574772.5,2614487.5,263775.0
BL032,Boric Acid,0.05,5.0,2.0,1.9146943979599969,-0.8840146625229102,1105.8,-354.2,-37.00327868852459,12884692.5,4384150.0,4782890.0
BL032,Boric Acid,0.05,5.0,3.0,1.657646111029735,-0.8716493335286363,1120.2,-351.4,-34.09142857142857,13336695.0,5410630.0,5712702.5
BL032,Boric Acid,0.05,5.0,4.0,2.344378521586626,-0.989029441397067,1131.0,-392.4,-51.256557377049184,15732512.5,3492842.5,627442.5
BL032,Trimethoprim,500.0,1.0,1.0,2.95611880303707,0.9342340330504689,615.2,-423.0,-41.28721804511278,16359542.5,20586062.5,47351782.5
BL032,Trimethoprim,500.0,1.0,2.0,2.9389853747714807,0.47989031078610606,543.2,-487.0,-57.609022556390975,17293815.0,22030480.0,40692835.0
BL032,Trimethoprim,500.0,1.0,3.0,2.8704039219865716,0.32342179118263525,675.8,-511.8,-60.480555555555554,20955422.5,23581157.5,38861310.0
BL032,Trimethoprim,500.0,1.0,4.0,3.079148598099904,0.2680327054851203,581.0,-838.2,-70.59612903225806,20622082.5,31696197.5,40519957.5
BL032,Trimethoprim,50.0,1.0,4.0,1.7403515537131655,0.16337285902503293,554.0,-374.8,-28.728,13880490.0,14501370.0,32227955.0
BL032,Trimethoprim,5.0,1.0,4.0,4.448375627440044,0.7864612381483547,751.6,-651.0,-88.79651162790698,23181905.0,40707707.5,54109027.5
BL032,Trimethoprim,0.5,1.0,4.0,3.4692993879411382,-0.8898945175153015,1884.4,-831.8,-81.56600790513833,25238270.0,9689652.5,7112202.5
BL032,Trimethoprim,0.05,1.0,4.0,3.0509111279533396,-0.7425775200184532,1876.4,-996.0,-66.75118110236221,22988032.5,16519812.5,19456632.5
BL032,Trimethoprim,500.0,2.0,1.0,2.5111227186136547,0.7738278129416826,1028.2,-336.2,-40.32941176470588,21839842.5,22491310.0,52963440.0
BL032,Trimethoprim,500.0,2.0,2.0,2.3876206359187466,0.6831342100226918,1242.2,-564.2,-43.30756302521009,24549530.0,24305125.0,57105572.5
BL032,Trimethoprim,500.0,2.0,3.0,2.3136311128224873,0.8841520435667528,1179.8,-377.6,-32.53125,23114625.0,21656715.0,57565950.0
BL032,Trimethoprim,500.0,2.0,4.0,2.1414648552864737,0.49150915534554046,1425.6,-405.2,-21.470731707317075,26838775.0,22093662.5,51243775.0
BL032,Trimethoprim,50.0,2.0,4.0,1.8582170321845628,0.07935061236115067,1790.2,-385.0,-19.744404332129964,18924337.5,11843180.0,29188417.5
BL032,Trimethoprim,5.0,2.0,4.0,4.557024649924777,1.7691239439879645,1672.8,-667.6,-67.53770491803279,28944487.5,51928770.0,86171972.5
BL032,Trimethoprim,0.5,2.0,4.0,2.543263288009889,-0.8808854927519946,1857.4,-629.8,-65.87022900763358,23275585.0,13634842.5,10783687.5
BL032,Trimethoprim,0.05,2.0,4.0,2.6542585413133026,-0.9169796462321299,1686.8,-806.6,-64.55665399239544,24503700.0,18755647.5,12087050.0
BL032,Trimethoprim,500.0,3.0,1.0,4.528062085254752,2.024631649983129,650.8,-212.6,-50.44150943396227,13785970.0,17912902.5,51092152.5
BL032,Trimethoprim,500.0,3.0,2.0,4.401661897424609,1.8707902267224301,611.6,-429.8,-49.676785714285714,16093180.0,19225152.5,49493517.5
BL032,Trimethoprim,500.0,3.0,3.0,5.048862042929565,2.413224031927516,576.8,-558.2,-53.67787610619469,17212237.5,20505315.0,58243207.5
BL032,Trimethoprim,500.0,3.0,4.0,4.902074771975544,2.21664829106946,696.6,-436.8,-67.94141414141414,17879582.5,20436942.5,61580697.5
BL032,Trimethoprim,50.0,3.0,4.0,2.024578337230708,0.271655306234141,872.4,-285.2,-11.962845849802372,12598867.5,8931150.0,23346937.5
BL032,Trimethoprim,5.0,3.0,4.0,4.877918315038725,1.784197916086254,794.6,-373.6,-50.77837837837838,16356655.0,28207150.0,52302782.5
BL032,Trimethoprim,0.5,3.0,4.0,3.0888335197803314,-0.9314044543882843,1115.4,-464.8,-45.340458015267174,17462825.0,10045770.0,4565952.5
BL032,Trimethoprim,0.05,3.0,4.0,4.193829071691667,-0.7652271392729408,1199.2,-505.8,-62.851694915254235,20202692.5,16915477.5,9368792.5
BL032,Trimethoprim,500.0,4.0,1.0,4.528062085254752,2.024631649983129,650.8,-212.6,-50.44150943396227,13785970.0,17912902.5,51092152.5
BL032,Trimethoprim,500.0,4.0,2.0,4.401661897424609,1.8707902267224301,611.6,-429.8,-49.676785714285714,16093180.0,19225152.5,49493517.5
BL032,Trimethoprim,500.0,4.0,3.0,5.048862042929565,2.413224031927516,576.8,-558.2,-53.67787610619469,17212237.5,20505315.0,58243207.5
BL032,Trimethoprim,500.0,4.0,4.0,4.902074771975544,2.21664829106946,696.6,-436.8,-67.94141414141414,17879582.5,20436942.5,61580697.5
BL032,Trimethoprim,50.0,4.0,4.0,2.024578337230708,0.271655306234141,872.4,-285.2,-11.962845849802372,12598867.5,8931150.0,23346937.5
BL032,Trimethoprim,5.0,4.0,4.0,4.877918315038725,1.784197916086254,794.6,-373.6,-50.77837837837838,16356655.0,28207150.0,52302782.5
BL032,Trimethoprim,0.5,4.0,4.0,3.0888335197803314,-0.9314044543882843,1115.4,-464.8,-45.340458015267174,17462825.0,10045770.0,4565952.5
BL032,Trimethoprim,0.05,4.0,4.0,4.193829071691667,-0.7652271392729408,1199.2,-505.8,-62.851694915254235,20202692.5,16915477.5,9368792.5
BL032,Trimethoprim,500.0,5.0,1.0,1.6671595950403821,-0.9989003905509423,486.0,-572.0,-32.42730627306273,10575620.0,1568647.5,261627.5
BL032,Trimethoprim,500.0,5.0,2.0,1.7765848086807539,-0.9992004568817818,503.0,-543.0,-34.54888888888889,12031827.5,1569920.0,176472.5
BL032,Trimethoprim,500.0,5.0,3.0,1.9119394921663966,-0.9993439839469013,529.0,-489.8,-37.5219696969697,13112617.5,1711955.0,197505.0
BL032,Trimethoprim,500.0,5.0,4.0,2.0224049251870326,-0.9989089775561097,538.0,-737.2,-39.29924242424242,14471477.5,1917977.5,276985.0
BL032,Trimethoprim,50.0,5.0,4.0,1.917786656980264,-0.9651693102474068,644.6,-502.0,-35.343939393939394,13382572.5,2826225.0,2628477.5
BL032,Trimethoprim,5.0,5.0,4.0,1.8710008284350468,-0.988914750088761,550.0,-486.2,-35.717424242424244,13388477.5,2964447.5,2255065.0
BL032,Trimethoprim,0.5,5.0,4.0,1.9005678233438486,-0.9082229232386961,525.0,-395.8,-32.82748091603053,13090187.5,4442992.5,3063052.5
BL032,Trimethoprim,0.05,5.0,4.0,2.03414656063261,-0.8932919980230939,433.8,-444.8,-32.99923076923077,13042747.5,4444110.0,3217947.5
BL032,Diazinon,500.0,5.0,1.0,3.1286340230914385,-0.9600217481689961,764.2,-1129.2,-72.33932584269662,18097767.5,2098337.5,2086897.5
BL032,Diazinon,500.0,5.0,2.0,2.5695240507932486,-0.9461667563887394,901.0,-673.4,-59.507865168539325,16996122.5,2323052.5,2210167.5
BL032,Diazinon,500.0,5.0,3.0,2.5824229928916513,-0.9462411914945995,933.6,-975.0,-61.553558052434454,17137847.5,2399285.0,2190337.5
BL032,Diazinon,500.0,5.0,4.0,2.7653649375040477,-0.9530147011203938,851.4,-1197.6,-62.88314606741573,17741357.5,2353762.5,2043662.5
BL032,Diazinon,50.0,5.0,1.0,2.9918252690717417,-0.9455228355900641,779.6,-1407.6,-69.45074626865672,17159995.0,2083662.5,2374830.0
BL032,Diazinon,50.0,5.0,2.0,2.9740385860416936,-0.964133108895507,760.2,-1394.8,-67.98951310861423,16859362.5,1989137.5,1873145.0
BL032,Diazinon,50.0,5.0,3.0,2.899805029576022,-0.9615346485575493,755.8,-1210.2,-64.85917602996254,16964100.0,2071782.5,1916430.0
BL032,Diazinon,50.0,5.0,4.0,2.8253719163894293,-0.9603289184608624,856.2,-1064.8,-66.48539325842697,18020750.0,2207620.0,2017460.0
BL032,Diazinon,5.0,5.0,1.0,3.057721900271748,-0.8351831843630292,763.2,-1419.2,-66.18576779026218,16649057.5,2629705.0,4332995.0
BL032,Diazinon,5.0,5.0,2.0,3.005861478993727,-0.8770356758126862,821.4,-1405.8,-67.90298507462687,17094980.0,2173895.0,3388922.5
BL032,Diazinon,5.0,5.0,3.0,2.847097018218496,-0.959969740906512,947.0,-1078.2,-66.46044776119403,17659767.5,2124255.0,2064222.5
BL032,Diazinon,5.0,5.0,4.0,2.846413185989886,-0.9657239183367672,811.6,-1338.2,-67.22686567164179,18341660.0,2108767.5,1959142.5
BL032,Diazinon,0.5,5.0,1.0,2.9736080750932237,-0.856982126784107,790.6,-1348.6,-65.71194029850746,16027457.5,2426030.0,4381520.0
BL032,Diazinon,0.5,5.0,2.0,2.7647989084932867,-0.8514682625817854,807.0,-1100.8,-62.73011152416357,15942265.0,2513717.5,4507535.0
BL032,Diazinon,0.5,5.0,3.0,3.0356828624498973,-0.9489034444553068,746.4,-1079.4,-68.60524344569288,18622510.0,2287485.0,2400402.5
BL032,Diazinon,0.5,5.0,4.0,3.06698210377237,-0.9658812926483842,756.0,-1258.6,-70.31716417910448,18869967.5,2144570.0,1958607.5
BL032,Diazinon,0.05,5.0,1.0,3.1979485454851186,-0.9597780393475702,771.2,-1503.6,-70.33333333333333,16835132.5,2224935.0,2633385.0
BL032,Diazinon,0.05,5.0,2.0,3.0618184207068717,-0.8455524898173696,772.2,-1509.6,-66.30112359550562,16389742.5,2487597.5,4283940.0
BL032,Diazinon,0.05,5.0,3.0,3.1323958970178656,-0.837714829155628,723.6,-1675.2,-65.74887218045113,17292180.0,2594910.0,4373640.0
BL032,Diazinon,0.05,5.0,4.0,3.1262930889240828,-0.8480304612999966,703.2,-1534.4,-66.36766917293232,18054387.5,2718167.5,4278187.5
BL032,Diazinon,500.0,4.0,1.0,9.063856585079138,4.710357277803435,1111.6,-1479.2,-84.08105263157894,33555585.0,66883322.5,125684817.5
BL032,Diazinon,500.0,4.0,2.0,9.872584288463147,7.115786831757718,1056.6,-1612.8,-80.76538461538462,35073185.0,66362182.5,157945067.5
BL032,Diazinon,500.0,4.0,3.0,10.802993986796182,8.287077919347379,1085.0,-1310.2,-80.11111111111111,39570950.0,72788445.0,172587957.5
BL032,Diazinon,500.0,4.0,4.0,12.608868422029932,8.398856166672855,1729.0,-2173.2,-185.88387096774193,47430882.5,100485552.5,217535220.0
BL032,Diazinon,50.0,4.0,1.0,6.326551635333505,4.464932612241394,1100.0,-882.6,-50.82025316455696,26032780.0,45135955.0,99919355.0
BL032,Diazinon,50.0,4.0,2.0,11.407750779911243,10.356606177775825,1039.2,-1022.4,-232.8,29402890.0,59520652.5,171835807.5
BL032,Diazinon,50.0,4.0,3.0,12.046628721541156,11.022723292469353,1084.6,-1077.2,-109.2,33701307.5,66990167.5,187180272.5
BL032,Diazinon,50.0,4.0,4.0,13.653197381671703,12.653197381671703,1172.0,-942.4,0.0,38579087.5,72348917.5,207692767.5
BL032,Diazinon,5.0,4.0,1.0,5.343991462113127,2.465784418356457,1078.6,-404.6,-53.9840490797546,17273290.0,43085082.5,71787945.0
BL032,Diazinon,5.0,4.0,2.0,13.047833893467152,12.039685097371208,1264.8,-751.4,-7.08,26230152.5,84761690.0,181963537.5
BL032,Diazinon,5.0,4.0,3.0,13.370246133739926,12.318536266608582,1451.2,-919.2,-23.74,30848287.5,91736637.5,195726140.0
BL032,Diazinon,5.0,4.0,4.0,12.621703942215648,11.354668871290576,1697.2,-898.2,-7.177777777777778,34480072.5,93622990.0,186527510.0
BL032,Diazinon,0.5,4.0,1.0,1.840976988292289,-0.9755349212757368,1491.4,-450.6,-31.79858657243816,12003917.5,3124527.5,1157195.0
BL032,Diazinon,0.5,4.0,2.0,1.9150807678079658,-0.9697891405318756,1370.4,-422.2,-32.40777385159011,12225480.0,3356525.0,1476290.0
BL032,Diazinon,0.5,4.0,3.0,2.356661897146705,-0.9356114805151081,1202.4,-644.4,-39.327797833935016,17597105.0,6724545.0,2780530.0
BL032,Diazinon,0.5,4.0,4.0,2.5215891670924884,-0.9236075625958099,1234.2,-615.8,-48.2546218487395,18722290.0,7555457.5,3266072.5
BL032,Diazinon,0.05,4.0,1.0,1.8145599420499818,-0.9762565898024065,1387.8,-351.2,-31.448763250883392,10358317.5,2632047.5,1056277.5
BL032,Diazinon,0.05,4.0,2.0,1.903337851575737,-0.9771687563537784,1255.2,-385.4,-31.374558303886925,9816045.0,2622267.5,1757305.0
BL032,Diazinon,0.05,4.0,3.0,2.289978765109441,-0.9707611891538713,1351.0,-470.2,-39.543571428571425,12183762.5,2926207.5,1424680.0
BL032,Diazinon,0.05,4.0,4.0,2.3553222792158732,-0.9766988747067478,1385.4,-452.4,-41.89142857142857,13808127.5,2700457.5,1291772.5
BL032,Diazinon,500.0,3.0,1.0,9.063856585079138,4.710357277803435,1111.6,-1479.2,-84.08105263157894,33555585.0,66883322.5,125684817.5
BL032,Diazinon,500.0,3.0,2.0,9.872584288463147,7.115786831757718,1056.6,-1612.8,-80.76538461538462,35073185.0,66362182.5,157945067.5
BL032,Diazinon,500.0,3.0,3.0,10.802993986796182,8.287077919347379,1085.0,-1310.2,-80.11111111111111,39570950.0,72788445.0,172587957.5
BL032,Diazinon,500.0,3.0,4.0,12.608868422029932,8.398856166672855,1729.0,-2173.2,-185.88387096774193,47430882.5,100485552.5,217535220.0
BL032,Diazinon,50.0,3.0,1.0,6.326551635333505,4.464932612241394,1100.0,-882.6,-50.82025316455696,26032780.0,45135955.0,99919355.0
BL032,Diazinon,50.0,3.0,2.0,11.407750779911243,10.356606177775825,1039.2,-1022.4,-232.8,29402890.0,59520652.5,171835807.5
BL032,Diazinon,50.0,3.0,3.0,12.046628721541156,11.022723292469353,1084.6,-1077.2,-109.2,33701307.5,66990167.5,187180272.5
BL032,Diazinon,50.0,3.0,4.0,13.653197381671703,12.653197381671703,1172.0,-942.4,0.0,38579087.5,72348917.5,207692767.5
BL032,Diazinon,5.0,3.0,1.0,5.343991462113127,2.465784418356457,1078.6,-404.6,-53.9840490797546,17273290.0,43085082.5,71787945.0
BL032,Diazinon,5.0,3.0,2.0,13.047833893467152,12.039685097371208,1264.8,-751.4,-7.08,26230152.5,84761690.0,181963537.5
BL032,Diazinon,5.0,3.0,3.0,13.370246133739926,12.318536266608582,1451.2,-919.2,-23.74,30848287.5,91736637.5,195726140.0
BL032,Diazinon,5.0,3.0,4.0,12.621703942215648,11.354668871290576,1697.2,-898.2,-7.177777777777778,34480072.5,93622990.0,186527510.0
BL032,Diazinon,0.5,3.0,1.0,1.840976988292289,-0.9755349212757368,1491.4,-450.6,-31.79858657243816,12003917.5,3124527.5,1157195.0
BL032,Diazinon,0.5,3.0,2.0,1.9150807678079658,-0.9697891405318756,1370.4,-422.2,-32.40777385159011,12225480.0,3356525.0,1476290.0
BL032,Diazinon,0.5,3.0,3.0,2.356661897146705,-0.9356114805151081,1202.4,-644.4,-39.327797833935016,17597105.0,6724545.0,2780530.0
BL032,Diazinon,0.5,3.0,4.0,2.5215891670924884,-0.9236075625958099,1234.2,-615.8,-48.2546218487395,18722290.0,7555457.5,3266072.5
BL032,Diazinon,0.05,3.0,1.0,1.8145599420499818,-0.9762565898024065,1387.8,-351.2,-31.448763250883392,10358317.5,2632047.5,1056277.5
BL032,Diazinon,0.05,3.0,2.0,1.903337851575737,-0.9771687563537784,1255.2,-385.4,-31.374558303886925,9816045.0,2622267.5,1757305.0
BL032,Diazinon,0.05,3.0,3.0,2.289978765109441,-0.9707611891538713,1351.0,-470.2,-39.543571428571425,12183762.5,2926207.5,1424680.0
BL032,Diazinon,0.05,3.0,4.0,2.3553222792158732,-0.9766988747067478,1385.4,-452.4,-41.89142857142857,13808127.5,2700457.5,1291772.5
BL032,Diazinon,500.0,2.0,1.0,9.951918105676766,5.916347844069899,1844.8,-2041.4,-103.00701754385965,48779975.0,94719680.0,175558732.5
BL032,Diazinon,500.0,2.0,2.0,9.766379310344828,7.4656896551724135,1798.4,-1305.4,-119.74603174603175,44854062.5,85150280.0,186687925.0
BL032,Diazinon,500.0,2.0,3.0,10.456908251900108,8.04726520086862,1752.4,-1590.4,-98.91666666666667,53192712.5,91581745.0,207532305.0
BL032,Diazinon,500.0,2.0,4.0,12.009849343917057,8.552502834926292,1679.2,-1503.0,-219.84347826086957,56490885.0,98762107.5,236957260.0
BL032,Diazinon,50.0,2.0,1.0,10.498017667107185,9.265702163177297,2095.8,-882.2,-55.666666666666664,40740135.0,74649110.0,196692415.0
BL032,Diazinon,50.0,2.0,2.0,12.05424180759245,10.962914883166093,1575.6,-823.8,-86.76666666666667,38935370.0,70384282.5,211266815.0
BL032,Diazinon,50.0,2.0,3.0,11.510957524398291,9.968672941339909,1228.2,-1615.4,-80.07179487179488,43892652.5,88067685.0,220562087.5
BL032,Diazinon,50.0,2.0,4.0,10.822455579123057,9.16189714524149,1250.6,-1461.6,-84.43111111111111,44745170.0,80377267.5,203285620.0
BL032,Diazinon,5.0,2.0,1.0,6.94951564828614,3.4126676602086436,1637.4,-913.8,-75.65444444444445,25022912.5,60852020.0,109575287.5
BL032,Diazinon,5.0,2.0,2.0,7.147239263803681,3.439922190632949,1469.2,-761.2,-80.41333333333333,25457370.0,62219577.5,110829257.5
BL032,Diazinon,5.0,2.0,3.0,12.604448875747783,9.676132847418002,1407.4,-906.2,-80.70071942446043,41323097.5,112131952.5,241678180.0
BL032,Diazinon,5.0,2.0,4.0,12.807002414625734,8.744877543980683,1647.6,-1294.2,-112.36835443037975,42512920.0,115531982.5,225315357.5
BL032,Diazinon,0.5,2.0,1.0,1.7872572858300737,-0.9492194382774782,1752.4,-407.0,-34.82402826855124,14210972.5,3382522.5,2043905.0
BL032,Diazinon,0.5,2.0,2.0,1.7943072152736648,-0.9465561091175139,1662.0,-442.8,-35.43829787234043,14633730.0,3377432.5,2130045.0
BL032,Diazinon,0.5,2.0,3.0,2.4131800866082767,-0.9532771139256992,1607.6,-800.6,-56.78203125,23557242.5,8207245.0,3501502.5
BL032,Diazinon,0.5,2.0,4.0,2.4807648158472992,-0.9661211505034273,1451.2,-856.8,-56.09624060150376,23514990.0,7423942.5,3038707.5
BL032,Diazinon,0.05,2.0,1.0,1.8227275771987408,-0.9783977493469087,1934.6,-559.2,-38.00565371024735,12178747.5,2527540.0,1991085.0
BL032,Diazinon,0.05,2.0,2.0,1.9392897658908865,-0.9814019044999828,1833.0,-573.4,-39.48480565371025,13900482.5,2919332.5,1017095.0
BL032,Diazinon,0.05,2.0,3.0,2.227780892391914,-0.9804109092108301,1616.4,-675.8,-48.34584837545126,17228155.0,3098210.0,1128752.5
BL032,Diazinon,0.05,2.0,4.0,2.3008210285132384,-0.982911150712831,1577.2,-787.4,-51.815162454873644,18224887.5,3306377.5,1313547.5
BL032,Diazinon,500.0,1.0,1.0,10.780549595429516,5.969262983739627,2728.0,-1383.6,-307.15,55555272.5,125101497.5,252125897.5
BL032,Diazinon,500.0,1.0,2.0,12.976683379157906,9.058790231279314,2073.8,-1907.2,-200.45925925925926,52658177.5,128264722.5,299787477.5
BL032,Diazinon,500.0,1.0,3.0,13.228854141863112,9.283038336375903,2432.0,-2413.4,-220.48118811881187,59268020.0,125562422.5,308342910.0
BL032,Diazinon,500.0,1.0,4.0,12.834580564132084,8.585535611491967,1869.4,-2225.2,-258.69166666666666,51339687.5,118319402.5,300004080.0
BL032,Diazinon,50.0,1.0,1.0,11.476730190571715,8.514217652958877,2767.4,-1665.2,-198.13924050632912,50456405.0,100198102.5,287916655.0
BL032,Diazinon,50.0,1.0,2.0,13.933480802654447,11.058197714225523,1812.2,-1520.4,-187.4,49576532.5,107329770.0,338714272.5
BL032,Diazinon,50.0,1.0,3.0,12.655543325995597,10.173153892335401,1701.0,-1754.0,-134.6818181818182,49576170.0,108384532.5,323636337.5
BL032,Diazinon,50.0,1.0,4.0,12.220668105051708,9.788854995908043,1876.2,-1550.0,-139.12048192771084,49959357.5,104805202.5,315383665.0
BL032,Diazinon,5.0,1.0,1.0,11.373781774339395,7.61398573294484,2348.0,-1038.4,-175.7968,40545527.5,116445320.0,284472197.5
BL032,Diazinon,5.0,1.0,2.0,12.64879556872343,7.669277341234059,2073.4,-1033.4,-243.251968503937,40799632.5,125234135.0,300162805.0
BL032,Diazinon,5.0,1.0,3.0,13.37980205091577,8.32271312688128,2261.4,-1270.4,-239.16691729323307,42977947.5,142813852.5,317471792.5
BL032,Diazinon,5.0,1.0,4.0,13.020735958683021,7.457740477727566,2317.4,-1359.2,-257.95912408759125,42310630.0,137644152.5,288663740.0
BL032,Diazinon,0.5,1.0,1.0,2.149221794839137,-0.9450289120411647,1889.2,-904.6,-63.24153846153846,24411810.0,7379055.0,4079627.5
BL032,Diazinon,0.5,1.0,2.0,1.9888246326977181,-0.9531624465978952,1610.0,-682.6,-57.34538461538462,21568450.0,3940237.5,2214152.5
BL032,Diazinon,0.5,1.0,3.0,2.447192843728378,-0.9524562617376693,1302.2,-1259.4,-74.69923076923077,28944047.5,8150035.0,4482817.5
BL032,Diazinon,0.5,1.0,4.0,2.571831202439212,-0.9461169899305645,1335.0,-1235.8,-75.88648648648649,29464165.0,8015380.0,4734105.0
BL032,Diazinon,0.05,1.0,1.0,1.9230672816604832,-0.950566529630001,1849.4,-834.4,-53.77194244604316,19660045.0,4314537.5,3262582.5
BL032,Diazinon,0.05,1.0,2.0,2.0532817947551916,-0.9869385074023546,1695.8,-896.4,-57.682857142857145,20062542.5,2959750.0,1661745.0
BL032,Diazinon,0.05,1.0,3.0,2.3496887679241953,-0.9522693480507044,1472.2,-993.2,-66.432,23734842.5,4669122.5,3426887.5
BL032,Diazinon,0.05,1.0,4.0,2.3703071237415574,-0.949815216006117,1303.8,-930.6,-66.68864468864469,22958977.5,3244287.5,1993140.0
BL032,Propoxur,500.0,1.0,1.0,812.939393939394,179.59595959595958,470.0,-903.8,-278.2311111111111,26590.0,18300.0,26292560.0
BL032,Propoxur,500.0,1.0,2.0,1.0,-0.9527027027027027,2.2,-4.6,-0.09791666666666667,21505.0,5672.5,12035.0
BL032,Propoxur,500.0,1.0,3.0,3.2,-0.88,3.0,-2.8,-0.06497890295358649,20495.0,12887.5,8597.5
BL032,Propoxur,500.0,1.0,4.0,21.728520589730554,-0.972928317234367,1694.4,-2147.4,-145.31659574468085,37193212.5,35550245.0,5307030.0
BL032,Propoxur,50.0,1.0,1.0,2.81208786921066,-0.972453080494752,961.0,-1474.0,-57.321285140562246,19700942.5,7479862.5,2938412.5
BL032,Propoxur,50.0,1.0,2.0,3.8557828219838695,-0.9743493805604058,935.6,-1070.2,-75.51639344262296,20858812.5,6377485.0,2624060.0
BL032,Propoxur,50.0,1.0,3.0,3.197571356057944,-0.6654172035453516,882.6,-1091.4,-60.101639344262296,21461417.5,13407042.5,17207560.0
BL032,Propoxur,50.0,1.0,4.0,4.249910075536549,-0.9952439950441629,876.4,-1071.4,-86.70857142857143,22899197.5,5617850.0,963102.5
BL032,Propoxur,5.0,1.0,1.0,1.6913081872082756,-0.9992851436020352,457.6,-406.2,-32.55384615384615,11183525.0,1290910.0,403170.0
BL032,Propoxur,5.0,1.0,2.0,2.007384013166674,-0.999154841866465,426.0,-420.2,-36.52550607287449,11913922.5,1209265.0,218567.5
BL032,Propoxur,5.0,1.0,3.0,1.806597017440391,-0.9031510658016683,416.0,-406.2,-33.2672131147541,11730590.0,4139377.5,3454450.0
BL032,Propoxur,5.0,1.0,4.0,2.657319200322018,-0.9964667471711615,443.0,-528.4,-47.851612903225806,15148517.5,2595067.5,482445.0
BL032,Propoxur,0.5,1.0,1.0,1.7449485322150209,-0.9993645952471725,395.6,-422.2,-33.61469387755102,11436865.0,1932417.5,217162.5
BL032,Propoxur,0.5,1.0,2.0,1.6675489020305199,-0.9057938050535544,391.6,-487.6,-31.184426229508198,11139377.5,3719605.0,3124950.0
BL032,Propoxur,0.5,1.0,3.0,2.041284198271616,-0.8975954864997985,432.6,-400.2,-35.638683127572016,12526272.5,4323202.5,3313180.0
BL032,Propoxur,0.5,1.0,4.0,2.3595113438045376,-0.9992146596858639,410.0,-617.8,-43.598387096774196,14126965.0,1949157.5,267192.5
BL032,Propoxur,0.05,1.0,1.0,1.5552947938119641,-0.9108673787058768,360.4,-338.0,-22.182608695652174,9458910.0,2917425.0,2581105.0
BL032,Propoxur,0.05,1.0,2.0,1.6048420759705022,-0.9186030332544872,318.8,-359.0,-27.258921161825725,10124812.5,2933282.5,2465910.0
BL032,Propoxur,0.05,1.0,3.0,1.7057402088177631,-0.9191173118132494,368.0,-401.8,-29.575103734439836,10879655.0,3276652.5,2501065.0
BL032,Propoxur,0.05,1.0,4.0,2.1425016130518943,-0.9985712968937229,410.8,-659.0,-37.617004048583,12469152.5,1355660.0,183950.0
BL032,Propoxur,500.0,2.0,1.0,640.2588235294118,619.4823529411765,225.0,-136.6,-112.06666666666666,17645.0,12867.5,14521242.5
BL032,Propoxur,500.0,2.0,2.0,1.0,-0.8560606060606061,3.0,-10.8,-0.07847222222222222,16585.0,9150.0,11387.5
BL032,Propoxur,500.0,2.0,3.0,1.0,-0.9333333333333333,2.8,-10.6,-0.09722222222222222,17760.0,18900.0,18380.0
BL032,Propoxur,500.0,2.0,4.0,8.676858890095446,0.18980396639423902,2464.0,-1693.8,-129.7039603960396,24373217.5,38679417.5,39170362.5
BL032,Propoxur,50.0,2.0,1.0,2.566185854054681,-0.9354576743106848,1294.6,-1182.2,-47.04727272727273,16858477.5,12519177.5,8097615.0
BL032,Propoxur,50.0,2.0,2.0,2.800802139037433,-0.9754287294855246,1152.6,-938.8,-43.63913043478261,16163290.0,9545950.0,4749667.5
BL032,Propoxur,50.0,2.0,3.0,2.343765503555482,-0.7392922110137258,948.6,-1017.8,-63.37735849056604,14114202.5,19206705.0,17482677.5
BL032,Propoxur,50.0,2.0,4.0,2.391884032034361,-0.9916782246879334,1088.2,-782.2,-38.46570397111913,14949147.5,15025702.5,10480677.5
BL032,Propoxur,5.0,2.0,1.0,1.8388047138047139,-0.9878472222222222,615.0,-794.4,-25.251636363636365,8694480.0,5191007.5,2657990.0
BL032,Propoxur,5.0,2.0,2.0,2.0242842820541385,-0.9953770747465746,532.2,-721.2,-26.46788321167883,8840485.0,2405567.5,1016165.0
BL032,Propoxur,5.0,2.0,3.0,1.7515923566878981,-0.9043515495370122,668.2,-701.0,-22.337906137184117,8455430.0,5816720.0,4302895.0
BL032,Propoxur,5.0,2.0,4.0,1.8731831975722728,-0.9948357557365703,744.0,-790.0,-25.61094890510949,9662977.5,2079747.5,560410.0
BL032,Propoxur,0.5,2.0,1.0,1.790809511087363,-0.9993053700240448,539.6,-682.2,-24.36509090909091,7974475.0,1051027.5,368847.5
BL032,Propoxur,0.5,2.0,2.0,1.6731112916328188,-0.9981045220687788,557.4,-641.0,-22.44290909090909,7753712.5,1311235.0,551772.5
BL032,Propoxur,0.5,2.0,3.0,1.8092183015363836,-0.987900275761157,650.0,-583.6,-23.30875912408759,8604722.5,1852645.0,2643202.5
BL032,Propoxur,0.5,2.0,4.0,1.8936556213649218,-0.9992529747612188,642.2,-685.0,-25.8,9781662.5,1190565.0,248545.0
BL032,Propoxur,0.05,2.0,1.0,1.7653765376537653,-0.9401140114011401,407.8,-516.8,-20.670545454545454,8065880.0,3071857.5,2935700.0
BL032,Propoxur,0.05,2.0,2.0,1.710193955796121,-0.9990978800180425,486.0,-589.8,-22.12846715328467,7982087.5,1421092.5,488735.0
BL032,Propoxur,0.05,2.0,3.0,1.7642162886828288,-0.923192939336387,437.0,-504.0,-22.04963503649635,9200822.5,3823080.0,2560915.0
BL032,Propoxur,0.05,2.0,4.0,1.7283904420805045,-0.999251617041749,731.6,-758.2,-23.504727272727273,9136270.0,1413300.0,377237.5
BL032,Propoxur,500.0,3.0,1.0,910.4146341463414,909.4146341463414,319.6,-5.8,0.0,42055.0,26182.5,14903357.5
BL032,Propoxur,500.0,3.0,2.0,212.79057591623035,211.79057591623035,195.2,-18.4,0.0,40745.0,28367.5,7091367.5
BL032,Propoxur,500.0,3.0,3.0,3.841530054644809,2.841530054644809,9.4,-13.4,0.0,37905.0,25310.0,130930.0
BL032,Propoxur,500.0,3.0,4.0,1.0,-0.9780966767371602,4.4,-33.0,-0.8993055555555556,99767.5,27692.5,34512.5
BL032,Propoxur,50.0,3.0,1.0,14.502864058087939,1.4329164985881404,2170.6,-1575.0,-117.80078740157481,41568582.5,31875522.5,27011847.5
BL032,Propoxur,50.0,3.0,2.0,15.798942229454841,0.779739625711961,2486.0,-1493.0,-136.74285714285713,43927392.5,33367990.0,26612125.0
BL032,Propoxur,50.0,3.0,3.0,17.383063843973996,0.2406234372395399,2250.4,-1620.0,-153.10434782608695,46256122.5,31632532.5,20026952.5
BL032,Propoxur,50.0,3.0,4.0,14.829721102150538,0.7886424731182796,2585.2,-1581.0,-122.23700787401575,37460040.0,26125625.0,26195650.0
BL032,Propoxur,5.0,3.0,1.0,9.879183159409859,-0.4938826916156891,1083.8,-1575.0,-83.0207171314741,23486475.0,14913775.0,8284050.0
BL032,Propoxur,5.0,3.0,2.0,13.122946638098153,-0.3367003367003367,1537.6,-1643.6,-96.91825396825396,27158332.5,17895320.0,9723357.5
BL032,Propoxur,5.0,3.0,3.0,13.5050796812749,-0.43147410358565735,2131.2,-1748.8,-103.08174603174604,29627895.0,17936210.0,7264565.0
BL032,Propoxur,5.0,3.0,4.0,11.414299365823995,-0.935974285466076,2752.0,-1418.0,-103.69285714285714,30083820.0,15783932.5,3887682.5
BL032,Propoxur,0.5,3.0,1.0,8.90196467553086,-0.8674340146854534,1214.6,-1114.2,-69.86403162055336,20240852.5,9444845.0,2569622.5
BL032,Propoxur,0.5,3.0,2.0,10.950314836678473,-0.7276662731208186,1961.0,-1235.4,-86.13571428571429,25251117.5,14297260.0,5251937.5
BL032,Propoxur,0.5,3.0,3.0,11.248497596153847,-0.8771033653846154,2079.8,-1322.0,-89.21927710843373,26518787.5,15275215.0,4440185.0
BL032,Propoxur,0.5,3.0,4.0,9.725084112149533,-0.9510280373831775,2562.0,-1049.2,-103.95020080321285,31726645.0,16178607.5,3224217.5
BL032,Propoxur,0.05,3.0,1.0,10.647470251612317,-0.9103460804796076,1671.0,-1115.8,-91.88221343873518,26256530.0,10884012.5,2227397.5
BL032,Propoxur,0.05,3.0,2.0,10.460813829270661,-0.8970573953578712,1628.2,-929.8,-84.64682539682539,25312215.0,11675772.5,2999355.0
BL032,Propoxur,0.05,3.0,3.0,10.66150377413979,-0.9527497304185865,2085.0,-1084.8,-86.96867469879518,25948972.5,12747850.0,2442985.0
BL032,Propoxur,0.05,3.0,4.0,10.454668715538281,-0.9883395100786405,2023.6,-1046.4,-92.79598393574297,27212442.5,10024362.5,1722310.0
BL032,Propoxur,500.0,4.0,1.0,1.0,-0.9336283185840708,3.0,-9.4,-0.14652777777777778,23660.0,15382.5,13085.0
BL032,Propoxur,500.0,4.0,2.0,1105.5094339622642,1104.5094339622642,474.8,-5.4,0.0,23290.0,24900.0,6361677.5
BL032,Propoxur,500.0,4.0,3.0,1.0,-0.8776371308016878,5.6,-6.6,-0.14444444444444443,36502.5,29887.5,26540.0
BL032,Propoxur,500.0,4.0,4.0,18.983470414437434,1.6063243631717639,2254.0,-2552.8,-254.77142857142857,50246310.0,72592845.0,69491030.0
BL032,Propoxur,50.0,4.0,1.0,16.733203505355405,0.349129070648058,2242.0,-2101.4,-109.8030888030888,26687577.5,30807945.0,21754645.0
BL032,Propoxur,50.0,4.0,2.0,15.78431773978913,1.5514382229501484,2359.4,-1848.0,-99.82393822393823,28327502.5,38039917.5,34121455.0
BL032,Propoxur,50.0,4.0,3.0,18.39494680851064,1.3922872340425532,3330.0,-2167.2,-129.10038314176245,34800052.5,32209122.5,27419150.0
BL032,Propoxur,50.0,4.0,4.0,17.799455194439226,-0.8815517565282736,3192.2,-1748.2,-144.23908045977012,34404120.0,22010895.0,18994832.5
BL032,Propoxur,5.0,4.0,1.0,11.210953346855984,-0.881398401145448,1282.4,-1111.2,-72.06589147286822,17600577.5,14365850.0,8052005.0
BL032,Propoxur,5.0,4.0,2.0,13.092666742935592,-0.5477634137970484,1540.8,-1335.8,-87.69047619047619,22051410.0,20404500.0,10892820.0
BL032,Propoxur,5.0,4.0,3.0,11.891768726858444,-0.9289850944650148,1924.2,-1515.8,-96.14517374517375,24091767.5,16605820.0,5885750.0
BL032,Propoxur,5.0,4.0,4.0,10.898297409889512,-0.31008875203767433,1834.6,-1193.6,-86.70846153846153,21797335.0,16087145.0,12392645.0
BL032,Propoxur,0.5,4.0,1.0,10.524705882352942,-0.8880672268907563,1311.6,-1093.6,-71.76370656370656,18421570.0,15981972.5,5796172.5
BL032,Propoxur,0.5,4.0,2.0,10.359922178988327,-0.7135981978292033,1254.6,-1506.2,-75.96756756756757,20155707.5,20634105.0,10760155.0
BL032,Propoxur,0.5,4.0,3.0,12.211393119007333,-0.9053581500282007,1652.0,-1136.4,-82.62692307692308,21677510.0,17201232.5,5575652.5
BL032,Propoxur,0.5,4.0,4.0,11.454576659038901,-0.31521739130434784,1639.4,-986.2,-72.40615384615384,18790782.5,12108782.5,10352272.5
BL032,Propoxur,0.05,4.0,1.0,10.328739743320009,-0.8928045444982117,1363.0,-964.0,-74.45670498084291,20397895.0,14918552.5,4690945.0
BL032,Propoxur,0.05,4.0,2.0,10.100299401197605,-0.9624750499001996,1537.2,-1022.8,-77.56076923076922,21291642.5,14501552.5,4249745.0
BL032,Propoxur,0.05,4.0,3.0,9.883018496654861,-0.9429358520267611,1372.0,-1150.0,-77.12046332046332,19383250.0,17954787.5,5617162.5
BL032,Propoxur,0.05,4.0,4.0,10.31070249882131,-0.4792079207920792,1625.0,-932.4,-79.86307692307692,21280850.0,11777415.0,9236745.0
BL032,Propoxur,500.0,5.0,1.0,1.0,-0.6956521739130435,2.4,-3.2,-0.022222222222222223,9132.5,5347.5,11625.0
BL032,Propoxur,500.0,5.0,2.0,4039.5384615384614,1770.3846153846155,732.0,-860.4,-310.37894736842105,8790.0,6842.5,31786107.5
BL032,Propoxur,500.0,5.0,3.0,1743.9636363636364,1627.5636363636363,597.2,-341.8,-211.56666666666666,12902.5,7870.0,16233617.5
BL032,Propoxur,500.0,5.0,4.0,21.563896723801257,-0.7233673247993057,1179.4,-637.8,-83.85726495726496,17678355.0,11372730.0,5305910.0
BL032,Propoxur,50.0,5.0,1.0,17.791325136612024,-0.7404371584699454,557.6,-512.0,-44.06266094420601,9142620.0,8170725.0,3675675.0
BL032,Propoxur,50.0,5.0,2.0,18.26110545947779,-0.6859952526280095,693.4,-513.6,-44.85254237288136,9773950.0,8039942.5,3559455.0
BL032,Propoxur,50.0,5.0,3.0,17.063267233238903,-0.7494491658797607,682.8,-532.8,-44.697907949790796,10448560.0,6632902.5,2611250.0
BL032,Propoxur,50.0,5.0,4.0,12.638123167155426,-0.4624633431085044,608.0,-449.0,-33.822131147540986,9535415.0,5720252.5,4109550.0
BL032,Propoxur,5.0,5.0,1.0,5.104159842777595,-0.9819849328529315,343.2,-283.0,-12.472289156626506,4384072.5,1915517.5,571710.0
BL032,Propoxur,5.0,5.0,2.0,5.872182871860915,-0.9874436574372183,346.8,-341.8,-16.396396396396398,4896850.0,2320270.0,650157.5
BL032,Propoxur,5.0,5.0,3.0,5.756771397616468,-0.9918743228602384,418.2,-372.6,-18.782300884955752,5525407.5,1926212.5,385525.0
BL032,Propoxur,5.0,5.0,4.0,6.862305295950156,-0.4277258566978193,313.4,-209.4,-17.78942731277533,5352297.5,4206355.0,2712375.0
BL032,Propoxur,0.5,5.0,1.0,5.142857142857143,-0.996003996003996,341.6,-317.2,-13.656637168141593,4079860.0,1130432.5,181825.0
BL032,Propoxur,0.5,5.0,2.0,5.656200444021567,-0.9949254678084364,331.2,-373.2,-15.698678414096916,4456967.5,1237495.0,194680.0
BL032,Propoxur,0.5,5.0,3.0,4.968783930510315,-0.996471226927253,359.0,-442.8,-15.975545851528384,4468527.5,974735.0,79715.0
BL032,Propoxur,0.5,5.0,4.0,5.724633596392334,-0.5825817361894025,348.4,-194.4,-16.517543859649123,4907747.5,3667112.5,2342837.5
BL032,Propoxur,0.05,5.0,1.0,5.088853503184714,-0.9958598726114649,310.8,-361.0,-14.005263157894737,4031730.0,850112.5,82190.0
BL032,Propoxur,0.05,5.0,2.0,5.3499526664562955,-0.9974755443357526,361.6,-360.6,-14.864912280701754,4204502.5,816420.0,73675.0
BL032,Propoxur,0.05,5.0,3.0,5.588787878787879,-0.6890909090909091,306.0,-181.2,-15.345374449339207,4686995.0,3399695.0,1920215.0
BL032,Propoxur,0.05,5.0,4.0,5.604927536231884,-0.6591304347826087,347.0,-183.0,-16.00088105726872,4803162.5,3584620.0,2060837.5
BL032,DEET,500.0,5.0,1.0,1.0,-0.9948979591836735,1.8,-37.0,-0.2708333333333333,11185.0,2257.5,4002.5
BL032,DEET,500.0,5.0,2.0,22.222457627118644,11.872881355932204,69.2,-69.6,-27.58125,25330.0,16167.5,3079932.5
BL032,DEET,500.0,5.0,3.0,25.70408163265306,5.910204081632653,87.2,-93.0,-29.706451612903226,34660.0,68407.5,4029217.5
BL032,DEET,500.0,5.0,4.0,2.0665024630541873,-0.8207834858081163,276.4,-207.6,-11.702545454545454,3804810.0,2352327.5,1977662.5
BL032,DEET,50.0,5.0,1.0,5.341530682601701,-0.8688424117061212,1617.6,-1581.2,-49.28333333333333,10730965.0,2918342.5,3201185.0
BL032,DEET,50.0,5.0,2.0,4.118029574202744,-0.8593443791199002,935.4,-830.4,-32.238267148014444,8373945.0,2469720.0,2328342.5
BL032,DEET,50.0,5.0,3.0,5.145361839162716,-0.8579479380982199,951.2,-1032.4,-40.3841155234657,9419700.0,2664102.5,2257520.0
BL032,DEET,50.0,5.0,4.0,4.931604245944322,-0.828359703585019,951.0,-840.2,-34.31985559566787,8571542.5,2530275.0,2394007.5
BL032,DEET,5.0,5.0,1.0,4.877507747512641,-0.7183983037024955,1392.2,-1076.6,-40.68953068592058,8985642.5,2255290.0,3289475.0
BL032,DEET,5.0,5.0,2.0,4.856706769617525,-0.9092296642126055,1163.8,-669.2,-38.327075812274366,8556460.0,1773422.5,2050840.0
BL032,DEET,5.0,5.0,3.0,4.723251972839053,-0.9053037254542118,999.8,-638.6,-36.552173913043475,8952857.5,2069425.0,2260707.5
BL032,DEET,5.0,5.0,4.0,4.850570342205323,-0.8952471482889733,959.0,-665.0,-36.178260869565214,8917807.5,2118092.5,2298100.0
BL032,DEET,0.5,5.0,1.0,4.521750927014561,-0.9876096590395225,1176.0,-847.0,-35.8705035971223,7200095.0,1885605.0,3157335.0
BL032,DEET,0.5,5.0,2.0,4.612486828240253,-0.9937653670530383,1060.2,-894.6,-37.87436823104693,7992670.0,2037435.0,2468877.5
BL032,DEET,0.5,5.0,3.0,5.056274620146314,-0.9171825173513413,994.4,-626.6,-38.286642599277975,8902337.5,1521027.5,1843597.5
BL032,DEET,0.5,5.0,4.0,4.318617535836778,-0.9095945827104036,922.0,-615.4,-34.83985507246377,8561782.5,1673375.0,2115840.0
BL032,DEET,0.05,5.0,1.0,4.32437369519833,-0.9222338204592901,1128.0,-803.6,-35.12158273381295,7650490.0,1482492.5,1857892.5
BL032,DEET,0.05,5.0,2.0,4.802895843063989,-0.921345165810369,1042.8,-825.0,-36.38345323741007,7924915.0,1286807.5,1416340.0
BL032,DEET,0.05,5.0,3.0,4.996739130434783,-0.8969367588932806,956.4,-585.2,-35.75740072202166,8638772.5,1515945.0,1897705.0
BL032,DEET,0.05,5.0,4.0,5.053198525937825,-0.9134460927903241,1026.4,-604.4,-37.95090252707581,9314725.0,1481405.0,1607422.5
BL032,DEET,500.0,4.0,1.0,1.0,-0.9913793103448276,2.2,-8.8,-0.1597222222222222,16650.0,3740.0,2950.0
BL032,DEET,500.0,4.0,2.0,1.0,-0.9798657718120806,3.0,-7.4,-0.10138888888888889,14627.5,4555.0,3412.5
BL032,DEET,500.0,4.0,3.0,1.1421933085501859,-0.9962825278810409,21.4,-15.4,-0.8566433566433567,161802.5,8517.5,4895.0
BL032,DEET,500.0,4.0,4.0,5.903427281792894,-0.8901485330394163,1207.2,-717.8,-85.90272373540856,24981777.5,7138365.0,2957212.5
BL032,DEET,50.0,4.0,1.0,6.115133232780291,-0.7856544327132562,1294.6,-1332.2,-81.25384615384615,24270597.5,8338430.0,5009242.5
BL032,DEET,50.0,4.0,2.0,5.921869870658526,-0.7227365241940779,778.4,-663.0,-67.42980392156863,19657502.5,6848585.0,6170487.5
BL032,DEET,50.0,4.0,3.0,8.270499108734402,-0.847275273745862,1257.8,-1300.4,-99.6203125,28045302.5,8391765.0,3779705.0
BL032,DEET,50.0,4.0,4.0,8.75866288805874,-0.8434883421357723,1297.2,-1196.2,-103.53255813953488,28961215.0,8770747.5,4070322.5
BL032,DEET,5.0,4.0,1.0,5.528692659189366,-0.8096255415108896,1430.0,-832.8,-68.40760456273765,18894510.0,4469800.0,3244142.5
BL032,DEET,5.0,4.0,2.0,6.123171670515782,-0.8070310495252758,1111.0,-735.6,-70.29657794676807,19409135.0,4704790.0,3221020.0
BL032,DEET,5.0,4.0,3.0,7.308953341740227,-0.8060662374726223,1007.8,-877.6,-82.1471264367816,23853155.0,5383475.0,3192747.5
BL032,DEET,5.0,4.0,4.0,7.436996098829649,-0.8409622886866059,1115.4,-933.6,-86.77131782945736,24223002.5,6480022.5,2698720.0
BL032,DEET,0.5,4.0,1.0,5.090156841535966,-0.8326122228231476,1764.8,-802.6,-68.4375939849624,18734117.5,4127267.5,2745622.5
BL032,DEET,0.5,4.0,2.0,5.571368243243243,-0.8311414092664092,1429.8,-718.4,-67.58641509433963,18592657.5,4163410.0,2734720.0
BL032,DEET,0.5,4.0,3.0,6.894253814228094,-0.8616940433740574,1469.8,-758.0,-89.24633204633204,25758052.5,5352210.0,2263605.0
BL032,DEET,0.5,4.0,4.0,7.641598202373429,-0.8362474545326873,1074.4,-702.0,-82.87315175097277,23772275.0,6165180.0,2410312.5
BL032,DEET,0.05,4.0,1.0,4.879590450817531,-0.8239565376377789,1729.2,-663.8,-67.69924812030075,18811460.0,4259935.0,2885957.5
BL032,DEET,0.05,4.0,2.0,5.67375843780135,-0.8595708775313404,1686.4,-747.0,-69.28981132075472,19273885.0,4189540.0,2562075.0
BL032,DEET,0.05,4.0,3.0,6.776158467669978,-0.8502766046041282,1243.0,-880.0,-84.07320754716982,24476795.0,4890752.5,2629132.5
BL032,DEET,0.05,4.0,4.0,6.961882865440464,-0.841662633107454,1246.2,-1062.4,-85.18863636363636,24971245.0,5074917.5,2648330.0
BL032,DEET,500.0,3.0,1.0,1.0,-0.9695652173913043,3.0,-27.4,-0.30972222222222223,26117.5,6820.0,5542.5
BL032,DEET,500.0,3.0,2.0,28.844533600802407,27.46639919759278,190.8,-47.6,-37.7,63230.0,25792.5,5762947.5
BL032,DEET,500.0,3.0,3.0,27.942307692307693,26.87130177514793,90.0,-34.8,-0.5333333333333333,63657.5,57792.5,6337377.5
BL032,DEET,500.0,3.0,4.0,2.214343174322259,-0.8556833722146248,441.4,-263.4,-41.50403225806452,16314627.5,8681220.0,6131987.5
BL032,DEET,50.0,3.0,1.0,3.3436672197479114,-0.8869094402235612,1769.6,-892.0,-84.07575757575758,31078370.0,10163672.5,4226022.5
BL032,DEET,50.0,3.0,2.0,3.3163022544465846,-0.8982100373852951,1574.0,-964.0,-85.65886792452831,30514507.5,9753805.0,3805707.5
BL032,DEET,50.0,3.0,3.0,3.7521913702426057,-0.9031272974042867,1444.2,-1290.8,-97.56528301886793,34486215.0,10313505.0,3973565.0
BL032,DEET,50.0,3.0,4.0,3.9686004260117778,-0.9144468111765442,1879.8,-1136.2,-116.9456603773585,40482205.0,10754885.0,3869007.5
BL032,DEET,5.0,3.0,1.0,2.9257100232069844,-0.8928887169853023,1793.4,-1061.6,-77.28939393939395,23665820.0,5531265.0,3351027.5
BL032,DEET,5.0,3.0,2.0,3.8549125788518595,-0.9099288532995362,1938.2,-983.6,-98.27368421052631,31612642.5,7384272.5,2573580.0
BL032,DEET,5.0,3.0,3.0,3.364636185001613,-0.8996099363580373,1401.8,-686.6,-83.68496240601503,29860610.0,7808080.0,3178505.0
BL032,DEET,5.0,3.0,4.0,3.086236335011198,-0.9277335521209836,2017.8,-844.2,-102.19624060150376,33357440.0,7952632.5,3188107.5
BL032,DEET,0.5,3.0,1.0,2.974269340974212,-0.8968481375358166,1727.6,-1049.4,-75.62415094339623,22531380.0,4780162.5,2773192.5
BL032,DEET,0.5,3.0,2.0,3.299872408293461,-0.8868899521531101,1577.2,-754.0,-75.4,23519892.5,5080440.0,2790502.5
BL032,DEET,0.5,3.0,3.0,4.20476018535235,-0.9074742733345369,2176.4,-1015.2,-102.37153558052434,31831542.5,6809810.0,2498055.0
BL032,DEET,0.5,3.0,4.0,4.676138161111271,-0.9212562192631791,2557.2,-1072.4,-119.74232209737828,35882070.0,7083935.0,2234832.5
BL032,DEET,0.05,3.0,1.0,2.7535355776163275,-0.9114025844379124,1605.0,-1741.4,-72.53056603773585,22171157.5,4855532.5,2957117.5
BL032,DEET,0.05,3.0,2.0,2.7870218130001096,-0.9099254631152033,1550.2,-922.0,-73.99774436090226,22426302.5,4967250.0,2812100.0
BL032,DEET,0.05,3.0,3.0,4.154467585298078,-0.9129400979746183,2202.2,-1161.0,-106.35280898876404,31295587.5,5524305.0,2544527.5
BL032,DEET,0.05,3.0,4.0,4.071747349270872,-0.9020154069189005,2247.2,-1279.0,-104.71385767790262,31100792.5,5626967.5,2685030.0
BL032,DEET,500.0,2.0,1.0,1.0,-0.9358974358974359,2.2,-3.0,-0.050694444444444445,10077.5,2807.5,3782.5
BL032,DEET,500.0,2.0,2.0,1.0,-0.977491961414791,2.4,-17.2,-0.2111111111111111,17322.5,4010.0,8402.5
BL032,DEET,500.0,2.0,3.0,78.5503512880562,11.852459016393443,210.4,-271.8,-116.8875,31252.5,76342.5,10847832.5
BL032,DEET,500.0,2.0,4.0,4.022254651587012,-0.4562203575337468,109.0,-127.6,-27.63623188405797,942962.5,5083932.5,7288862.5
BL032,DEET,50.0,2.0,1.0,2.1125630016800447,-0.9290647750606683,1545.0,-2470.8,-55.47753623188406,13228990.0,3897780.0,4566777.5
BL032,DEET,50.0,2.0,2.0,2.3086898557750577,-0.8721064113440795,1433.6,-1923.4,-52.345454545454544,12853845.0,3926525.0,4906002.5
BL032,DEET,50.0,2.0,3.0,2.329488743484529,-0.9502883442386603,1817.6,-2612.0,-59.80145454545455,14397220.0,4128232.5,4137745.0
BL032,DEET,50.0,2.0,4.0,2.513783241039372,-0.9316618998356965,1931.4,-1402.8,-58.66569343065694,14374955.0,4186240.0,4209350.0
BL032,DEET,5.0,2.0,1.0,2.083776188753791,-0.9067082162432876,1341.6,-1211.2,-51.65342960288809,10871967.5,2521932.5,4513600.0
BL032,DEET,5.0,2.0,2.0,2.3509605918258276,-0.99268656296588,1498.0,-1238.2,-60.15812274368231,12288517.5,2767462.5,4307967.5
BL032,DEET,5.0,2.0,3.0,2.3994694802098238,-0.9705531711969481,1522.0,-1289.4,-57.414440433212995,13028422.5,1988290.0,2803202.5
BL032,DEET,5.0,2.0,4.0,2.8483155193138625,-0.9758292453136675,1470.4,-952.8,-63.22181818181818,15715637.5,2411167.5,1955762.5
BL032,DEET,0.5,2.0,1.0,1.833373712901272,-0.8785584494245912,1163.8,-1155.8,-40.66762589928057,8750622.5,2168837.5,4221265.0
BL032,DEET,0.5,2.0,2.0,2.1699218194740584,-0.9951954513148543,1276.2,-998.6,-54.78992805755396,11250307.5,2333742.5,3401830.0
BL032,DEET,0.5,2.0,3.0,2.394263018534863,-0.9724330685495735,1320.8,-1056.8,-58.08231046931408,13254272.5,1869005.0,2054360.0
BL032,DEET,0.5,2.0,4.0,2.5258277321384117,-0.9759770973363207,1873.6,-1227.2,-58.25942028985507,12989557.5,1790155.0,2163087.5
BL032,DEET,0.05,2.0,1.0,1.673027304431654,-0.8851682780912415,1029.2,-1093.0,-39.53669064748201,8611035.0,2268992.5,4250105.0
BL032,DEET,0.05,2.0,2.0,1.8427504839155682,-0.8752880449811042,991.4,-1194.4,-40.22805755395684,8790882.5,2253705.0,4254707.5
BL032,DEET,0.05,2.0,3.0,2.069979211196674,-0.9841595174655228,1293.4,-1108.2,-50.47122302158273,11357185.0,2531942.5,3887122.5
BL032,DEET,0.05,2.0,4.0,2.241907680520973,-0.8682244780693353,1542.0,-1021.0,-47.72707581227437,11481245.0,2489147.5,4402797.5
BL032,DEET,500.0,1.0,1.0,1.7641376373845703,-0.9698751896106661,1027.6,-713.0,-46.87697841726619,12446132.5,1686387.5,2146432.5
BL032,DEET,500.0,1.0,2.0,1.638821578880245,-0.9007014411427113,957.4,-816.8,-43.266666666666666,11561480.0,2417485.0,4418060.0
BL032,DEET,500.0,1.0,3.0,1.8069347069203987,-0.975199122430486,1068.2,-934.0,-53.95812274368231,15710727.5,2132687.5,2239770.0
BL032,DEET,500.0,1.0,4.0,1.9100967209247464,-0.9733663599905639,967.0,-971.4,-58.705882352941174,16424667.5,2475627.5,2653682.5
BL032,DEET,50.0,1.0,1.0,1.6295967114765026,-0.9969077509906307,1396.2,-1030.4,-63.42310469314079,14973437.5,4136572.5,7092762.5
BL032,DEET,50.0,1.0,2.0,1.576644961686513,-0.9969960787135302,1163.6,-822.4,-63.16606498194946,15399930.0,4330915.0,6881682.5
BL032,DEET,50.0,1.0,3.0,1.8669279966989891,-0.9734981338034773,1320.6,-1287.0,-71.10579710144927,18313160.0,3257495.0,3170940.0
BL032,DEET,50.0,1.0,4.0,1.8842946679989099,-0.9765464619856481,1304.4,-1141.8,-75.04029304029304,20060072.5,3307922.5,2970585.0
BL032,DEET,5.0,1.0,1.0,1.6216962609765044,-0.9954907333491553,1235.0,-740.0,-53.73118279569893,12659560.0,2535170.0,4266890.0
BL032,DEET,5.0,1.0,2.0,1.6076288706636073,-0.9936388213644728,1249.2,-790.8,-50.70719424460432,11824495.0,2539667.5,4478335.0
BL032,DEET,5.0,1.0,3.0,1.6247865649382929,-0.981369010309724,988.2,-849.4,-53.46187050359712,13299952.5,2656837.5,4744127.5
BL032,DEET,5.0,1.0,4.0,1.7191941610824193,-0.9767168893251953,1007.2,-1170.2,-58.43161764705882,15196815.0,1954332.5,2387555.0
BL032,DEET,0.5,1.0,1.0,1.5084490547097207,-0.9766007791773226,1110.6,-770.2,-44.380714285714284,10515750.0,2221365.0,4060995.0
BL032,DEET,0.5,1.0,2.0,1.5182105552501375,-0.9797965915338098,1226.2,-731.6,-46.87956989247312,11150570.0,2262670.0,4253520.0
BL032,DEET,0.5,1.0,3.0,1.618665339058643,-0.9985271848486734,1123.0,-939.2,-55.88530465949821,14136852.5,2472820.0,2724622.5
BL032,DEET,0.5,1.0,4.0,1.552524728953393,-0.9925705153125135,944.8,-1055.2,-51.468345323741005,12886852.5,2338452.5,3903970.0
BL032,DEET,0.05,1.0,1.0,1.5911962882656034,-0.9947075143969597,1190.0,-807.4,-48.58642857142857,11290242.5,2237457.5,3751475.0
BL032,DEET,0.05,1.0,2.0,1.5876782531194296,-0.9966800356506239,1265.2,-724.0,-50.79,11726440.0,2141595.0,3400907.5
BL032,DEET,0.05,1.0,3.0,1.633165164900531,-0.9972020885197506,945.2,-953.6,-53.049462365591395,13424507.5,2415682.5,3376320.0
BL032,DEET,0.05,1.0,4.0,1.6269432343380288,-0.9964618208354525,948.4,-1006.8,-52.625089605734765,13580630.0,2478250.0,3667692.5
