strain,chemical,concentration,experiment,replicate,auc,max_signal,min_signal,time_to_peak,initial_slope,final_signal
BL011,Metaldehyde,500.0,1.0,1.0,3512.5,21.0,0.0,670.0,-0.4,2.0
BL011,Metaldehyde,500.0,1.0,2.0,3867.5,18.0,0.0,175.0,0.2,1.0
BL011,Metaldehyde,500.0,1.0,3.0,4162.5,18.0,0.0,180.0,0.0,1.0
BL011,Metaldehyde,500.0,1.0,4.0,7937.5,31.0,0.0,205.0,-0.2,2.0
BL011,Metaldehyde,50.0,1.0,1.0,3360.0,20.0,0.0,225.0,-0.4,1.0
BL011,Metaldehyde,50.0,1.0,2.0,4032.5,19.0,0.0,215.0,0.0,1.0
BL011,Metaldehyde,50.0,1.0,3.0,4237.5,23.0,0.0,195.0,0.0,0.0
BL011,Metaldehyde,50.0,1.0,4.0,8362.5,30.0,0.0,240.0,0.2,1.0
BL011,Metaldehyde,5.0,1.0,1.0,3427.5,17.0,0.0,210.0,-0.4,1.0
BL011,Metaldehyde,5.0,1.0,2.0,3730.0,20.0,0.0,225.0,0.0,1.0
BL011,Metaldehyde,5.0,1.0,3.0,4242.5,28.0,0.0,215.0,0.8,0.0
BL011,Metaldehyde,5.0,1.0,4.0,10087.5,37.0,0.0,215.0,0.8,1.0
BL011,Metaldehyde,0.5,1.0,1.0,3340.0,14.0,0.0,175.0,0.0,1.0
BL011,Metaldehyde,0.5,1.0,2.0,4027.5,20.0,0.0,185.0,-0.4,1.0
BL011,Metaldehyde,0.5,1.0,3.0,5632.5,20.0,0.0,220.0,0.2,1.0
BL011,Metaldehyde,0.5,1.0,4.0,9830.0,26.0,0.0,195.0,-0.6,3.0
BL011,Metaldehyde,0.05,1.0,1.0,3372.5,15.0,0.0,190.0,0.0,1.0
BL011,Metaldehyde,0.05,1.0,2.0,3780.0,19.0,0.0,220.0,0.6,0.0
BL011,Metaldehyde,0.05,1.0,3.0,5620.0,19.0,0.0,195.0,-0.8,2.0
BL011,Metaldehyde,0.05,1.0,4.0,10872.5,31.0,1.0,225.0,1.0,2.0
BL011,Metaldehyde,500.0,2.0,1.0,7057.5,20.0,0.0,155.0,-1.0,3.0
BL011,Metaldehyde,500.0,2.0,2.0,5982.5,35.0,0.0,150.0,0.0,2.0
BL011,Metaldehyde,500.0,2.0,3.0,6225.0,33.0,0.0,150.0,-0.2,3.0
BL011,Metaldehyde,500.0,2.0,4.0,9582.5,49.0,0.0,150.0,-0.8,2.0
BL011,Metaldehyde,50.0,2.0,1.0,4857.5,24.0,0.0,155.0,-0.2,2.0
BL011,Metaldehyde,50.0,2.0,2.0,5937.5,33.0,0.0,170.0,0.2,1.0
BL011,Metaldehyde,50.0,2.0,3.0,5992.5,31.0,0.0,165.0,-0.2,2.0
BL011,Metaldehyde,50.0,2.0,4.0,10747.5,47.0,1.0,145.0,-0.2,3.0
BL011,Metaldehyde,5.0,2.0,1.0,4975.0,23.0,0.0,165.0,-1.0,1.0
BL011,Metaldehyde,5.0,2.0,2.0,5822.5,30.0,0.0,175.0,-0.4,1.0
BL011,Metaldehyde,5.0,2.0,3.0,6417.5,36.0,0.0,175.0,0.4,1.0
BL011,Metaldehyde,5.0,2.0,4.0,11842.5,50.0,1.0,165.0,0.4,2.0
BL011,Metaldehyde,0.5,2.0,1.0,4690.0,20.0,0.0,235.0,-0.6,1.0
BL011,Metaldehyde,0.5,2.0,2.0,5402.5,26.0,0.0,190.0,-0.2,2.0
BL011,Metaldehyde,0.5,2.0,3.0,6625.0,38.0,0.0,335.0,-0.2,2.0
BL011,Metaldehyde,0.5,2.0,4.0,13950.0,46.0,2.0,180.0,-0.4,3.0
BL011,Metaldehyde,0.05,2.0,1.0,5272.5,24.0,0.0,160.0,-1.0,3.0
BL011,Metaldehyde,0.05,2.0,2.0,5957.5,30.0,0.0,160.0,0.0,1.0
BL011,Metaldehyde,0.05,2.0,3.0,7282.5,27.0,0.0,185.0,0.6,2.0
BL011,Metaldehyde,0.05,2.0,4.0,14490.0,47.0,2.0,180.0,0.4,5.0
BL011,Metaldehyde,500.0,3.0,1.0,9802.5,63.0,1.0,185.0,-0.6,5.0
BL011,Metaldehyde,500.0,3.0,2.0,11685.0,95.0,0.0,170.0,-0.2,2.0
BL011,Metaldehyde,500.0,3.0,3.0,11965.0,95.0,0.0,180.0,-0.2,1.0
BL011,Metaldehyde,500.0,3.0,4.0,16732.5,130.0,0.0,180.0,-0.2,3.0
BL011,Metaldehyde,50.0,3.0,1.0,8817.5,65.0,0.0,175.0,0.2,1.0
BL011,Metaldehyde,50.0,3.0,2.0,11087.5,84.0,0.0,170.0,0.0,13.0
BL011,Metaldehyde,50.0,3.0,3.0,12070.0,86.0,1.0,175.0,0.0,1.0
BL011,Metaldehyde,50.0,3.0,4.0,17000.0,108.0,0.0,180.0,0.8,2.0
BL011,Metaldehyde,5.0,3.0,1.0,9017.5,70.0,0.0,180.0,0.2,1.0
BL011,Metaldehyde,5.0,3.0,2.0,10982.5,95.0,0.0,180.0,-0.2,2.0
BL011,Metaldehyde,5.0,3.0,3.0,14635.0,95.0,1.0,170.0,-0.2,4.0
BL011,Metaldehyde,5.0,3.0,4.0,21350.0,119.0,2.0,180.0,0.0,6.0
BL011,Metaldehyde,0.5,3.0,1.0,9092.5,69.0,0.0,175.0,-0.2,2.0
BL011,Metaldehyde,0.5,3.0,2.0,11697.5,92.0,0.0,190.0,0.0,3.0
BL011,Metaldehyde,0.5,3.0,3.0,14290.0,95.0,1.0,180.0,0.2,5.0
BL011,Metaldehyde,0.5,3.0,4.0,22180.0,107.0,2.0,175.0,-0.4,2.0
BL011,Metaldehyde,0.05,3.0,1.0,9250.0,68.0,0.0,180.0,0.2,2.0
BL011,Metaldehyde,0.05,3.0,2.0,10887.5,84.0,0.0,195.0,-0.2,2.0
BL011,Metaldehyde,0.05,3.0,3.0,14220.0,96.0,1.0,165.0,-0.2,2.0
BL011,Metaldehyde,0.05,3.0,4.0,22797.5,115.0,2.0,180.0,-0.4,5.0
BL011,Metaldehyde,500.0,4.0,1.0,1822.5,4.0,0.0,765.0,0.0,1.0
BL011,Metaldehyde,500.0,4.0,2.0,1837.5,5.0,0.0,1165.0,0.2,0.0
BL011,Metaldehyde,500.0,4.0,3.0,1915.0,10.0,0.0,95.0,0.0,2.0
BL011,Metaldehyde,500.0,4.0,4.0,4715.0,34.0,0.0,90.0,0.2,2.0
BL011,Metaldehyde,50.0,4.0,1.0,1715.0,5.0,0.0,450.0,0.0,1.0
BL011,Metaldehyde,50.0,4.0,2.0,1872.5,5.0,0.0,35.0,0.0,2.0
BL011,Metaldehyde,50.0,4.0,3.0,2025.0,7.0,0.0,660.0,-0.6,0.0
BL011,Metaldehyde,50.0,4.0,4.0,5660.0,25.0,0.0,1335.0,-0.4,1.0
BL011,Metaldehyde,5.0,4.0,1.0,1917.5,4.0,0.0,875.0,0.0,3.0
BL011,Metaldehyde,5.0,4.0,2.0,1822.5,4.0,0.0,620.0,-0.2,2.0
BL011,Metaldehyde,5.0,4.0,3.0,2167.5,4.0,0.0,100.0,0.2,1.0
BL011,Metaldehyde,5.0,4.0,4.0,7667.5,19.0,0.0,125.0,-0.4,2.0
BL011,Metaldehyde,0.5,4.0,1.0,1895.0,5.0,0.0,880.0,0.2,1.0
BL011,Metaldehyde,0.5,4.0,2.0,1952.5,3.0,0.0,75.0,0.2,2.0
BL011,Metaldehyde,0.5,4.0,3.0,2350.0,6.0,0.0,195.0,-0.4,1.0
BL011,Metaldehyde,0.5,4.0,4.0,9600.0,31.0,1.0,545.0,1.0,4.0
BL011,Metaldehyde,0.05,4.0,1.0,1937.5,10.0,0.0,870.0,-0.2,1.0
BL011,Metaldehyde,0.05,4.0,2.0,1827.5,7.0,0.0,780.0,-0.4,2.0
BL011,Metaldehyde,0.05,4.0,3.0,2587.5,6.0,0.0,1255.0,0.0,1.0
BL011,Metaldehyde,0.05,4.0,4.0,9022.5,24.0,1.0,175.0,1.0,2.0
BL011,Metaldehyde,500.0,5.0,1.0,9130.0,55.0,0.0,255.0,0.0,2.0
BL011,Metaldehyde,500.0,5.0,2.0,11747.5,75.0,0.0,255.0,0.0,1.0
BL011,Metaldehyde,500.0,5.0,3.0,12337.5,73.0,0.0,255.0,-0.2,1.0
BL011,Metaldehyde,500.0,5.0,4.0,16750.0,83.0,1.0,250.0,0.2,2.0
BL011,Metaldehyde,50.0,5.0,1.0,9192.5,50.0,0.0,255.0,0.0,2.0
BL011,Metaldehyde,50.0,5.0,2.0,11512.5,67.0,0.0,245.0,0.2,2.0
BL011,Metaldehyde,50.0,5.0,3.0,12437.5,75.0,0.0,260.0,0.2,2.0
BL011,Metaldehyde,50.0,5.0,4.0,17420.0,88.0,1.0,250.0,0.6,2.0
BL011,Metaldehyde,5.0,5.0,1.0,9697.5,56.0,0.0,255.0,-0.2,2.0
BL011,Metaldehyde,5.0,5.0,2.0,11350.0,66.0,0.0,240.0,0.0,2.0
BL011,Metaldehyde,5.0,5.0,3.0,12645.0,70.0,0.0,255.0,0.0,1.0
BL011,Metaldehyde,5.0,5.0,4.0,22110.0,116.0,1.0,245.0,0.6,2.0
BL011,Metaldehyde,0.5,5.0,1.0,9082.5,48.0,0.0,230.0,0.2,1.0
BL011,Metaldehyde,0.5,5.0,2.0,11422.5,65.0,0.0,250.0,0.2,3.0
BL011,Metaldehyde,0.5,5.0,3.0,13402.5,74.0,0.0,250.0,0.0,1.0
BL011,Metaldehyde,0.5,5.0,4.0,23040.0,122.0,1.0,250.0,0.2,3.0
BL011,Metaldehyde,0.05,5.0,1.0,9702.5,53.0,0.0,250.0,-0.2,2.0
BL011,Metaldehyde,0.05,5.0,2.0,11022.5,58.0,0.0,255.0,0.0,2.0
BL011,Metaldehyde,0.05,5.0,3.0,15630.0,88.0,1.0,245.0,0.4,2.0
BL011,Metaldehyde,0.05,5.0,4.0,23737.5,109.0,1.0,245.0,0.8,3.0
BL011,Boric Acid,500.0,1.0,1.0,14961777.5,40477.0,952.0,90.0,198.0,975.0
BL011,Boric Acid,500.0,1.0,2.0,12006125.0,39340.0,1410.0,135.0,180.0,1410.0
BL011,Boric Acid,500.0,1.0,3.0,12109772.5,39216.0,1375.0,85.0,150.2,1375.0
BL011,Boric Acid,500.0,1.0,4.0,12888840.0,41546.0,1112.0,135.0,159.6,1172.0
BL011,Boric Acid,50.0,1.0,1.0,13706167.5,32606.0,870.0,145.0,164.0,870.0
BL011,Boric Acid,50.0,1.0,2.0,14888990.0,35224.0,899.0,145.0,185.0,899.0
BL011,Boric Acid,50.0,1.0,3.0,15776507.5,37075.0,841.0,155.0,235.0,841.0
BL011,Boric Acid,50.0,1.0,4.0,12096177.5,35789.0,1357.0,135.0,209.2,1393.0
BL011,Boric Acid,5.0,1.0,1.0,13277430.0,30731.0,1283.0,145.0,122.4,1283.0
BL011,Boric Acid,5.0,1.0,2.0,10834450.0,31246.0,1305.0,95.0,143.4,1305.0
BL011,Boric Acid,5.0,1.0,3.0,14559910.0,34774.0,1096.0,135.0,120.2,1096.0
BL011,Boric Acid,5.0,1.0,4.0,11967292.5,34517.0,1323.0,135.0,205.4,1323.0
BL011,Boric Acid,0.5,1.0,1.0,12952537.5,30255.0,1266.0,80.0,147.4,1266.0
BL011,Boric Acid,0.5,1.0,2.0,14602812.5,34830.0,999.0,150.0,196.6,999.0
BL011,Boric Acid,0.5,1.0,3.0,11483762.5,33297.0,1133.0,135.0,215.8,1170.0
BL011,Boric Acid,0.5,1.0,4.0,11784340.0,35163.0,815.0,135.0,160.8,815.0
BL011,Boric Acid,0.05,1.0,1.0,13649610.0,31776.0,1173.0,75.0,132.8,1173.0
BL011,Boric Acid,0.05,1.0,2.0,14443777.5,34454.0,824.0,135.0,171.4,824.0
BL011,Boric Acid,0.05,1.0,3.0,11866805.0,33659.0,1199.0,135.0,177.2,1199.0
BL011,Boric Acid,0.05,1.0,4.0,11635710.0,34403.0,956.0,135.0,134.2,964.0
BL011,Boric Acid,500.0,2.0,1.0,11548392.5,39459.0,1626.0,80.0,252.6,1626.0
BL011,Boric Acid,500.0,2.0,2.0,16250792.5,44069.0,931.0,115.0,270.8,982.0
BL011,Boric Acid,500.0,2.0,3.0,16239462.5,43510.0,931.0,115.0,259.4,1003.0
BL011,Boric Acid,500.0,2.0,4.0,11515555.0,38880.0,1633.0,70.0,253.0,1633.0
BL011,Boric Acid,50.0,2.0,1.0,12038870.0,31447.0,2898.0,125.0,178.2,3146.0
BL011,Boric Acid,50.0,2.0,2.0,10765140.0,32628.0,1428.0,125.0,216.4,1476.0
BL011,Boric Acid,50.0,2.0,3.0,15706155.0,38253.0,921.0,135.0,264.2,1028.0
BL011,Boric Acid,50.0,2.0,4.0,11397362.5,34328.0,974.0,130.0,253.0,976.0
BL011,Boric Acid,5.0,2.0,1.0,13489095.0,31425.0,1200.0,130.0,161.4,1200.0
BL011,Boric Acid,5.0,2.0,2.0,11188877.5,31869.0,1524.0,120.0,240.6,1524.0
BL011,Boric Acid,5.0,2.0,3.0,11045245.0,32568.0,1442.0,65.0,249.4,1486.0
BL011,Boric Acid,5.0,2.0,4.0,11591317.5,34514.0,1458.0,115.0,239.2,1487.0
BL011,Boric Acid,0.5,2.0,1.0,13316692.5,32015.0,972.0,135.0,114.4,972.0
BL011,Boric Acid,0.5,2.0,2.0,13831020.0,32382.0,1133.0,135.0,173.6,1133.0
BL011,Boric Acid,0.5,2.0,3.0,10513100.0,32311.0,1432.0,125.0,167.8,1432.0
BL011,Boric Acid,0.5,2.0,4.0,11808127.5,33706.0,1517.0,130.0,189.4,1517.0
BL011,Boric Acid,0.05,2.0,1.0,13728227.5,32879.0,1117.0,135.0,106.0,1117.0
BL011,Boric Acid,0.05,2.0,2.0,13558760.0,31799.0,1237.0,135.0,162.0,1237.0
BL011,Boric Acid,0.05,2.0,3.0,10806935.0,31217.0,1534.0,65.0,171.0,1542.0
BL011,Boric Acid,0.05,2.0,4.0,13841880.0,33322.0,3468.0,130.0,185.6,3470.0
BL011,Boric Acid,500.0,3.0,1.0,13578760.0,42383.0,1399.0,140.0,487.4,1399.0
BL011,Boric Acid,500.0,3.0,2.0,13526075.0,43164.0,1327.0,140.0,490.6,1364.0
BL011,Boric Acid,500.0,3.0,3.0,13343627.5,42215.0,1273.0,140.0,515.4,1338.0
BL011,Boric Acid,500.0,3.0,4.0,13649210.0,43029.0,1391.0,140.0,521.8,1391.0
BL011,Boric Acid,50.0,3.0,1.0,12575442.5,40501.0,1241.0,140.0,473.8,1303.0
BL011,Boric Acid,50.0,3.0,2.0,17164060.0,45638.0,1148.0,140.0,463.8,1148.0
BL011,Boric Acid,50.0,3.0,3.0,17090712.5,45884.0,1181.0,140.0,493.6,1181.0
BL011,Boric Acid,50.0,3.0,4.0,13894557.5,42575.0,1335.0,140.0,531.0,1376.0
BL011,Boric Acid,5.0,3.0,1.0,16167712.5,42632.0,1098.0,140.0,463.6,1098.0
BL011,Boric Acid,5.0,3.0,2.0,16833755.0,44108.0,1038.0,140.0,482.2,1038.0
BL011,Boric Acid,5.0,3.0,3.0,17371907.5,43663.0,1195.0,140.0,486.8,1195.0
BL011,Boric Acid,5.0,3.0,4.0,13776120.0,43276.0,1358.0,140.0,487.4,1363.0
BL011,Boric Acid,0.5,3.0,1.0,15825407.5,42754.0,992.0,140.0,465.8,992.0
BL011,Boric Acid,0.5,3.0,2.0,16726182.5,43925.0,1269.0,140.0,465.6,1269.0
BL011,Boric Acid,0.5,3.0,3.0,17168627.5,45614.0,955.0,140.0,493.4,955.0
BL011,Boric Acid,0.5,3.0,4.0,13916625.0,42646.0,1289.0,140.0,499.0,1384.0
BL011,Boric Acid,0.05,3.0,1.0,15891367.5,41984.0,906.0,140.0,484.8,906.0
BL011,Boric Acid,0.05,3.0,2.0,16375260.0,42032.0,1291.0,140.0,465.6,1291.0
BL011,Boric Acid,0.05,3.0,3.0,16995237.5,44347.0,1183.0,140.0,496.2,1183.0
BL011,Boric Acid,0.05,3.0,4.0,13417215.0,41349.0,1274.0,140.0,483.0,1274.0
BL011,Boric Acid,500.0,4.0,1.0,10354052.5,34163.0,1594.0,125.0,71.8,1594.0
BL011,Boric Acid,500.0,4.0,2.0,14983717.5,36294.0,1548.0,125.0,297.6,1639.0
BL011,Boric Acid,500.0,4.0,3.0,15059437.5,39475.0,1507.0,125.0,223.4,1694.0
BL011,Boric Acid,500.0,4.0,4.0,10799537.5,34052.0,1631.0,115.0,306.8,1631.0
BL011,Boric Acid,50.0,4.0,1.0,10251152.5,34354.0,1525.0,125.0,123.2,1525.0
BL011,Boric Acid,50.0,4.0,2.0,10062082.5,32948.0,1617.0,120.0,202.0,1617.0
BL011,Boric Acid,50.0,4.0,3.0,10504380.0,34179.0,1609.0,120.0,214.0,1609.0
BL011,Boric Acid,50.0,4.0,4.0,10713320.0,33884.0,1607.0,115.0,349.6,1628.0
BL011,Boric Acid,5.0,4.0,1.0,14029517.5,36112.0,1393.0,125.0,26.2,1469.0
BL011,Boric Acid,5.0,4.0,2.0,10480222.5,32603.0,1627.0,125.0,288.4,1653.0
BL011,Boric Acid,5.0,4.0,3.0,10511195.0,33442.0,1631.0,125.0,297.2,1651.0
BL011,Boric Acid,5.0,4.0,4.0,10716722.5,32587.0,1619.0,115.0,441.2,1619.0
BL011,Boric Acid,0.5,4.0,1.0,14184350.0,36924.0,1372.0,125.0,105.6,1556.0
BL011,Boric Acid,0.5,4.0,2.0,11135155.0,33566.0,1763.0,125.0,171.4,1763.0
BL011,Boric Acid,0.5,4.0,3.0,10513435.0,32527.0,1682.0,125.0,284.4,1682.0
BL011,Boric Acid,0.5,4.0,4.0,10261412.5,30841.0,1651.0,115.0,390.6,1651.0
BL011,Boric Acid,0.05,4.0,1.0,13988642.5,34894.0,1454.0,140.0,168.4,1562.0
BL011,Boric Acid,0.05,4.0,2.0,13987187.5,33904.0,1393.0,120.0,221.8,1452.0
BL011,Boric Acid,0.05,4.0,3.0,10194167.5,31368.0,1655.0,125.0,280.8,1655.0
BL011,Boric Acid,0.05,4.0,4.0,11356005.0,32890.0,1887.0,125.0,413.4,1912.0
BL011,Boric Acid,500.0,5.0,1.0,12476000.0,41345.0,1374.0,135.0,493.8,1374.0
BL011,Boric Acid,500.0,5.0,2.0,12226912.5,38875.0,1318.0,135.0,559.0,1325.0
BL011,Boric Acid,500.0,5.0,3.0,12678182.5,41404.0,1335.0,135.0,538.0,1335.0
BL011,Boric Acid,500.0,5.0,4.0,13033705.0,43079.0,1402.0,135.0,598.4,1454.0
BL011,Boric Acid,50.0,5.0,1.0,11915180.0,38622.0,1376.0,135.0,521.6,1376.0
BL011,Boric Acid,50.0,5.0,2.0,12585877.5,41013.0,1402.0,135.0,513.8,1404.0
BL011,Boric Acid,50.0,5.0,3.0,17589987.5,48314.0,1074.0,135.0,513.4,1107.0
BL011,Boric Acid,50.0,5.0,4.0,12977137.5,42260.0,1401.0,135.0,575.2,1412.0
BL011,Boric Acid,5.0,5.0,1.0,14805845.0,38516.0,1019.0,135.0,457.2,1019.0
BL011,Boric Acid,5.0,5.0,2.0,15796460.0,41663.0,957.0,135.0,520.4,957.0
BL011,Boric Acid,5.0,5.0,3.0,16236697.5,42574.0,896.0,135.0,485.6,914.0
BL011,Boric Acid,5.0,5.0,4.0,12731737.5,40128.0,1450.0,135.0,558.6,1454.0
BL011,Boric Acid,0.5,5.0,1.0,15160502.5,41371.0,944.0,135.0,452.6,944.0
BL011,Boric Acid,0.5,5.0,2.0,15521332.5,41879.0,902.0,135.0,467.8,920.0
BL011,Boric Acid,0.5,5.0,3.0,16138847.5,43658.0,909.0,135.0,473.0,909.0
BL011,Boric Acid,0.5,5.0,4.0,12408687.5,39185.0,1394.0,135.0,520.6,1394.0
BL011,Boric Acid,0.05,5.0,1.0,15130295.0,40707.0,983.0,135.0,439.8,996.0
BL011,Boric Acid,0.05,5.0,2.0,15626345.0,41786.0,991.0,135.0,450.2,994.0
BL011,Boric Acid,0.05,5.0,3.0,12135350.0,38890.0,1336.0,135.0,534.4,1350.0
BL011,Boric Acid,0.05,5.0,4.0,12324007.5,38288.0,1313.0,135.0,513.4,1313.0
BL011,DEET,500.0,1.0,1.0,2612.5,4.0,0.0,505.0,-0.2,2.0
BL011,DEET,500.0,1.0,2.0,2755.0,10.0,1.0,0.0,-0.4,2.0
BL011,DEET,500.0,1.0,3.0,2785.0,11.0,0.0,0.0,-0.6,3.0
BL011,DEET,500.0,1.0,4.0,6465.0,72.0,1.0,0.0,-1.0,2.0
BL011,DEET,50.0,1.0,1.0,2735.0,5.0,1.0,5.0,0.2,2.0
BL011,DEET,50.0,1.0,2.0,2892.5,16.0,0.0,0.0,-1.0,1.0
BL011,DEET,50.0,1.0,3.0,2537.5,8.0,0.0,0.0,-1.2,1.0
BL011,DEET,50.0,1.0,4.0,40490.0,166.0,3.0,0.0,-4.2,6.0
BL011,DEET,5.0,1.0,1.0,2635.0,6.0,0.0,1025.0,-0.2,2.0
BL011,DEET,5.0,1.0,2.0,2935.0,17.0,1.0,5.0,0.8,1.0
BL011,DEET,5.0,1.0,3.0,2765.0,9.0,0.0,0.0,-0.2,1.0
BL011,DEET,5.0,1.0,4.0,3885.0,36.0,0.0,0.0,-0.8,2.0
BL011,DEET,0.5,1.0,1.0,2745.0,17.0,1.0,615.0,-0.6,1.0
BL011,DEET,0.5,1.0,2.0,2785.0,8.0,0.0,0.0,-0.8,2.0
BL011,DEET,0.5,1.0,3.0,2745.0,11.0,0.0,0.0,-0.6,3.0
BL011,DEET,0.5,1.0,4.0,7422.5,90.0,1.0,0.0,-1.2,3.0
BL011,DEET,0.05,1.0,1.0,2732.5,5.0,0.0,0.0,-0.4,2.0
BL011,DEET,0.05,1.0,2.0,2977.5,11.0,0.0,0.0,-0.2,2.0
BL011,DEET,0.05,1.0,3.0,3035.0,13.0,0.0,0.0,-0.6,1.0
BL011,DEET,0.05,1.0,4.0,7910.0,96.0,1.0,0.0,-0.8,2.0
BL011,DEET,500.0,2.0,1.0,2537.5,5.0,0.0,520.0,0.0,2.0
BL011,DEET,500.0,2.0,2.0,2450.0,4.0,0.0,590.0,0.0,1.0
BL011,DEET,500.0,2.0,3.0,2557.5,6.0,0.0,490.0,-0.2,1.0
BL011,DEET,500.0,2.0,4.0,2645.0,5.0,0.0,355.0,-0.2,2.0
BL011,DEET,50.0,2.0,1.0,2587.5,8.0,0.0,565.0,-0.2,1.0
BL011,DEET,50.0,2.0,2.0,2682.5,8.0,0.0,645.0,-0.2,2.0
BL011,DEET,50.0,2.0,3.0,2697.5,7.0,0.0,415.0,0.0,1.0
BL011,DEET,50.0,2.0,4.0,2755.0,19.0,0.0,400.0,0.0,4.0
BL011,DEET,5.0,2.0,1.0,2680.0,27.0,1.0,280.0,-0.2,1.0
BL011,DEET,5.0,2.0,2.0,2550.0,5.0,0.0,190.0,-0.2,3.0
BL011,DEET,5.0,2.0,3.0,2592.5,6.0,0.0,1300.0,-0.2,2.0
BL011,DEET,5.0,2.0,4.0,2582.5,4.0,0.0,190.0,-0.2,2.0
BL011,DEET,0.5,2.0,1.0,2555.0,4.0,0.0,140.0,-0.2,1.0
BL011,DEET,0.5,2.0,2.0,2577.5,6.0,0.0,40.0,0.0,1.0
BL011,DEET,0.5,2.0,3.0,2640.0,6.0,0.0,1370.0,0.2,3.0
BL011,DEET,0.5,2.0,4.0,2935.0,6.0,0.0,90.0,0.0,1.0
BL011,DEET,0.05,2.0,1.0,2635.0,16.0,0.0,490.0,0.0,2.0
BL011,DEET,0.05,2.0,2.0,2702.5,14.0,0.0,5.0,2.4,1.0
BL011,DEET,0.05,2.0,3.0,2835.0,16.0,1.0,650.0,0.4,1.0
BL011,DEET,0.05,2.0,4.0,4125.0,11.0,1.0,1300.0,0.2,2.0
BL011,DEET,500.0,3.0,1.0,2685.0,37.0,0.0,635.0,-0.2,2.0
BL011,DEET,500.0,3.0,2.0,2410.0,4.0,0.0,190.0,-0.2,2.0
BL011,DEET,500.0,3.0,3.0,2320.0,3.0,0.0,0.0,0.0,1.0
BL011,DEET,500.0,3.0,4.0,2350.0,7.0,0.0,0.0,-0.8,1.0
BL011,DEET,50.0,3.0,1.0,2310.0,5.0,0.0,0.0,-0.6,1.0
BL011,DEET,50.0,3.0,2.0,2377.5,5.0,0.0,715.0,-0.2,1.0
BL011,DEET,50.0,3.0,3.0,2342.5,6.0,0.0,885.0,-0.2,2.0
BL011,DEET,50.0,3.0,4.0,2500.0,7.0,0.0,5.0,0.4,1.0
BL011,DEET,5.0,3.0,1.0,2305.0,4.0,0.0,385.0,0.0,1.0
BL011,DEET,5.0,3.0,2.0,2425.0,7.0,1.0,205.0,-0.2,2.0
BL011,DEET,5.0,3.0,3.0,2560.0,9.0,0.0,455.0,0.2,1.0
BL011,DEET,5.0,3.0,4.0,2767.5,8.0,0.0,10.0,0.0,1.0
BL011,DEET,0.5,3.0,1.0,2332.5,4.0,0.0,105.0,0.0,1.0
BL011,DEET,0.5,3.0,2.0,2525.0,28.0,0.0,525.0,-0.2,1.0
BL011,DEET,0.5,3.0,3.0,2435.0,6.0,0.0,140.0,-0.4,2.0
BL011,DEET,0.5,3.0,4.0,3152.5,12.0,0.0,5.0,0.6,2.0
BL011,DEET,0.05,3.0,1.0,2450.0,17.0,0.0,1390.0,-0.4,2.0
BL011,DEET,0.05,3.0,2.0,2422.5,5.0,0.0,775.0,-0.2,1.0
BL011,DEET,0.05,3.0,3.0,2632.5,5.0,0.0,245.0,-0.4,1.0
BL011,DEET,0.05,3.0,4.0,3802.5,9.0,1.0,115.0,0.4,2.0
BL011,DEET,500.0,4.0,1.0,1927.5,5.0,0.0,25.0,-0.4,1.0
BL011,DEET,500.0,4.0,2.0,2047.5,15.0,0.0,0.0,-1.0,0.0
BL011,DEET,500.0,4.0,3.0,2015.0,11.0,0.0,0.0,-1.6,1.0
BL011,DEET,500.0,4.0,4.0,2122.5,21.0,0.0,10.0,-1.2,1.0
BL011,DEET,50.0,4.0,1.0,1915.0,4.0,0.0,15.0,-0.2,1.0
BL011,DEET,50.0,4.0,2.0,1932.5,6.0,0.0,0.0,-0.4,1.0
BL011,DEET,50.0,4.0,3.0,1970.0,5.0,0.0,0.0,-0.2,1.0
BL011,DEET,50.0,4.0,4.0,19645.0,266.0,0.0,0.0,-1.2,8.0
BL011,DEET,5.0,4.0,1.0,1967.5,10.0,0.0,475.0,-0.6,1.0
BL011,DEET,5.0,4.0,2.0,1985.0,5.0,0.0,990.0,-0.2,1.0
BL011,DEET,5.0,4.0,3.0,2075.0,5.0,0.0,0.0,-0.2,3.0
BL011,DEET,5.0,4.0,4.0,21087.5,331.0,1.0,0.0,-6.2,6.0
BL011,DEET,0.5,4.0,1.0,1945.0,15.0,0.0,755.0,0.0,1.0
BL011,DEET,0.5,4.0,2.0,2015.0,7.0,0.0,0.0,-0.6,1.0
BL011,DEET,0.5,4.0,3.0,2112.5,7.0,0.0,0.0,0.0,2.0
BL011,DEET,0.5,4.0,4.0,5952.5,114.0,0.0,0.0,-3.6,1.0
BL011,DEET,0.05,4.0,1.0,1947.5,5.0,0.0,185.0,-0.2,0.0
BL011,DEET,0.05,4.0,2.0,2347.5,5.0,0.0,0.0,-0.4,2.0
BL011,DEET,0.05,4.0,3.0,4032.5,16.0,0.0,1415.0,-0.6,11.0
BL011,DEET,0.05,4.0,4.0,8615.0,148.0,0.0,0.0,-3.0,2.0
BL011,DEET,500.0,5.0,1.0,2487.5,8.0,0.0,890.0,0.0,1.0
BL011,DEET,500.0,5.0,2.0,2400.0,4.0,0.0,370.0,-0.4,1.0
BL011,DEET,500.0,5.0,3.0,2580.0,12.0,0.0,380.0,-0.2,1.0
BL011,DEET,500.0,5.0,4.0,2412.5,6.0,0.0,1075.0,0.0,1.0
BL011,DEET,50.0,5.0,1.0,2355.0,4.0,0.0,0.0,-0.6,0.0
BL011,DEET,50.0,5.0,2.0,2542.5,18.0,0.0,705.0,0.2,1.0
BL011,DEET,50.0,5.0,3.0,2372.5,8.0,0.0,600.0,0.0,1.0
BL011,DEET,50.0,5.0,4.0,2497.5,4.0,0.0,5.0,0.2,2.0
BL011,DEET,5.0,5.0,1.0,2357.5,6.0,0.0,1045.0,-0.6,3.0
BL011,DEET,5.0,5.0,2.0,2430.0,7.0,0.0,415.0,-0.2,2.0
BL011,DEET,5.0,5.0,3.0,2307.5,5.0,0.0,480.0,0.0,2.0
BL011,DEET,5.0,5.0,4.0,2582.5,6.0,1.0,310.0,0.0,1.0
BL011,DEET,0.5,5.0,1.0,2360.0,5.0,0.0,515.0,-0.2,1.0
BL011,DEET,0.5,5.0,2.0,2515.0,8.0,0.0,510.0,-0.2,2.0
BL011,DEET,0.5,5.0,3.0,2450.0,4.0,0.0,275.0,0.0,2.0
BL011,DEET,0.5,5.0,4.0,2702.5,6.0,0.0,455.0,-0.6,1.0
BL011,DEET,0.05,5.0,1.0,2485.0,30.0,0.0,555.0,0.0,2.0
BL011,DEET,0.05,5.0,2.0,2447.5,4.0,0.0,1065.0,0.2,2.0
BL011,DEET,0.05,5.0,3.0,2505.0,4.0,0.0,50.0,0.2,1.0
BL011,DEET,0.05,5.0,4.0,3415.0,10.0,0.0,65.0,-0.4,3.0
BL011,Propoxur,500.0,1.0,1.0,3195.0,81.0,0.0,0.0,-8.2,3.0
BL011,Propoxur,500.0,1.0,2.0,2830.0,7.0,0.0,0.0,-0.8,3.0
BL011,Propoxur,500.0,1.0,3.0,9757.5,269.0,1.0,0.0,-18.0,4.0
BL011,Propoxur,500.0,1.0,4.0,11656162.5,31970.0,2979.0,145.0,129.2,2979.0
BL011,Propoxur,50.0,1.0,1.0,2700.0,6.0,1.0,985.0,-0.4,1.0
BL011,Propoxur,50.0,1.0,2.0,5577.5,185.0,1.0,0.0,-11.6,2.0
BL011,Propoxur,50.0,1.0,3.0,7312.5,133.0,1.0,0.0,-10.6,4.0
BL011,Propoxur,50.0,1.0,4.0,10449177.5,31653.0,2604.0,145.0,301.2,2914.0
BL011,Propoxur,5.0,1.0,1.0,4030.0,70.0,1.0,0.0,-5.2,4.0
BL011,Propoxur,5.0,1.0,2.0,2967.5,29.0,1.0,0.0,-3.0,2.0
BL011,Propoxur,5.0,1.0,3.0,7900.0,326.0,0.0,0.0,-19.4,2.0
BL011,Propoxur,5.0,1.0,4.0,524425.0,1659.0,84.0,0.0,-44.2,85.0
BL011,Propoxur,0.5,1.0,1.0,3465.0,70.0,0.0,0.0,-5.6,2.0
BL011,Propoxur,0.5,1.0,2.0,3202.5,20.0,0.0,0.0,-1.6,3.0
BL011,Propoxur,0.5,1.0,3.0,4325.0,73.0,1.0,0.0,-5.2,3.0
BL011,Propoxur,0.5,1.0,4.0,2520445.0,6222.0,559.0,185.0,-28.2,575.0
BL011,Propoxur,0.05,1.0,1.0,8000.0,57.0,1.0,0.0,-5.8,9.0
BL011,Propoxur,0.05,1.0,2.0,8180.0,242.0,1.0,0.0,-15.4,2.0
BL011,Propoxur,0.05,1.0,3.0,8592.5,246.0,1.0,0.0,-16.0,1.0
BL011,Propoxur,0.05,1.0,4.0,3448665.0,9125.0,800.0,170.0,0.2,825.0
BL011,Propoxur,500.0,2.0,1.0,2992.5,57.0,0.0,0.0,-6.8,2.0
BL011,Propoxur,500.0,2.0,2.0,4077.5,80.0,1.0,0.0,-9.2,9.0
BL011,Propoxur,500.0,2.0,3.0,4087.5,86.0,1.0,0.0,-9.6,1.0
BL011,Propoxur,500.0,2.0,4.0,2698542.5,7695.0,584.0,55.0,33.6,1090.0
BL011,Propoxur,50.0,2.0,1.0,3377.5,115.0,0.0,0.0,-12.0,2.0
BL011,Propoxur,50.0,2.0,2.0,9295.0,68.0,0.0,0.0,-5.8,34.0
BL011,Propoxur,50.0,2.0,3.0,4795.0,37.0,1.0,0.0,-3.8,3.0
BL011,Propoxur,50.0,2.0,4.0,8876230.0,30911.0,1079.0,55.0,224.2,2390.0
BL011,Propoxur,5.0,2.0,1.0,2797.5,21.0,0.0,0.0,-2.2,2.0
BL011,Propoxur,5.0,2.0,2.0,5847.5,271.0,0.0,0.0,-25.8,2.0
BL011,Propoxur,5.0,2.0,3.0,4052.5,10.0,1.0,0.0,-0.2,3.0
BL011,Propoxur,5.0,2.0,4.0,4673892.5,14783.0,742.0,45.0,39.6,1529.0
BL011,Propoxur,0.5,2.0,1.0,3312.5,25.0,0.0,0.0,-1.2,4.0
BL011,Propoxur,0.5,2.0,2.0,4570.0,121.0,1.0,0.0,-8.8,1.0
BL011,Propoxur,0.5,2.0,3.0,4640.0,12.0,0.0,0.0,-0.8,2.0
BL011,Propoxur,0.5,2.0,4.0,5567435.0,17096.0,971.0,45.0,19.6,1569.0
BL011,Propoxur,0.05,2.0,1.0,14750.0,264.0,1.0,0.0,-29.2,26.0
BL011,Propoxur,0.05,2.0,2.0,7335.0,19.0,1.0,165.0,0.2,3.0
BL011,Propoxur,0.05,2.0,3.0,9105.0,84.0,1.0,0.0,-7.2,2.0
BL011,Propoxur,0.05,2.0,4.0,8042842.5,27445.0,1052.0,40.0,195.4,2078.0
BL011,Propoxur,500.0,3.0,1.0,2490.0,38.0,0.0,0.0,-4.8,2.0
BL011,Propoxur,500.0,3.0,2.0,2890.0,42.0,0.0,0.0,-2.4,2.0
BL011,Propoxur,500.0,3.0,3.0,8452.5,326.0,0.0,0.0,-26.0,3.0
BL011,Propoxur,500.0,3.0,4.0,8537945.0,18793.0,1972.0,45.0,24.4,2978.0
BL011,Propoxur,50.0,3.0,1.0,2620.0,16.0,0.0,0.0,-2.2,2.0
BL011,Propoxur,50.0,3.0,2.0,3132.5,55.0,0.0,0.0,-3.2,2.0
BL011,Propoxur,50.0,3.0,3.0,4680.0,69.0,0.0,0.0,-3.0,1.0
BL011,Propoxur,50.0,3.0,4.0,4389350.0,13594.0,644.0,50.0,-40.8,666.0
BL011,Propoxur,5.0,3.0,1.0,2842.5,14.0,0.0,0.0,-0.8,1.0
BL011,Propoxur,5.0,3.0,2.0,6030.0,91.0,0.0,0.0,-5.8,7.0
BL011,Propoxur,5.0,3.0,3.0,5277.5,108.0,0.0,0.0,-5.0,1.0
BL011,Propoxur,5.0,3.0,4.0,5052025.0,15182.0,816.0,45.0,21.0,1865.0
BL011,Propoxur,0.5,3.0,1.0,3437.5,29.0,0.0,0.0,-3.8,2.0
BL011,Propoxur,0.5,3.0,2.0,12515.0,267.0,0.0,0.0,-7.6,1.0
BL011,Propoxur,0.5,3.0,3.0,6210.0,117.0,0.0,0.0,-3.4,3.0
BL011,Propoxur,0.5,3.0,4.0,299582.5,1454.0,84.0,25.0,-15.4,98.0
BL011,Propoxur,0.05,3.0,1.0,8375.0,23.0,1.0,5.0,0.2,6.0
BL011,Propoxur,0.05,3.0,2.0,15260.0,125.0,1.0,0.0,-4.0,11.0
BL011,Propoxur,0.05,3.0,3.0,11885.0,80.0,1.0,0.0,-3.2,2.0
BL011,Propoxur,0.05,3.0,4.0,4227842.5,13773.0,593.0,45.0,1.6,670.0
BL011,Propoxur,500.0,4.0,1.0,2112.5,18.0,0.0,1050.0,-1.2,1.0
BL011,Propoxur,500.0,4.0,2.0,2185.0,14.0,0.0,0.0,-1.4,2.0
BL011,Propoxur,500.0,4.0,3.0,5157.5,132.0,0.0,0.0,-8.4,1.0
BL011,Propoxur,500.0,4.0,4.0,2710765.0,5957.0,378.0,30.0,-8.8,382.0
BL011,Propoxur,50.0,4.0,1.0,2045.0,9.0,0.0,0.0,-0.8,1.0
BL011,Propoxur,50.0,4.0,2.0,2280.0,32.0,0.0,0.0,-3.4,0.0
BL011,Propoxur,50.0,4.0,3.0,3302.5,40.0,0.0,0.0,-4.0,1.0
BL011,Propoxur,50.0,4.0,4.0,3148315.0,6805.0,405.0,45.0,-11.8,435.0
BL011,Propoxur,5.0,4.0,1.0,2155.0,5.0,0.0,0.0,-0.4,1.0
BL011,Propoxur,5.0,4.0,2.0,2847.5,37.0,0.0,0.0,-2.4,2.0
BL011,Propoxur,5.0,4.0,3.0,4607.5,108.0,0.0,0.0,-5.8,1.0
BL011,Propoxur,5.0,4.0,4.0,4202522.5,10220.0,731.0,40.0,13.2,755.0
BL011,Propoxur,0.5,4.0,1.0,2745.0,25.0,0.0,0.0,-0.8,1.0
BL011,Propoxur,0.5,4.0,2.0,7557.5,211.0,0.0,0.0,-10.6,2.0
BL011,Propoxur,0.5,4.0,3.0,3042.5,13.0,0.0,0.0,-1.2,2.0
BL011,Propoxur,0.5,4.0,4.0,2225357.5,5357.0,313.0,40.0,-62.2,313.0
BL011,Propoxur,0.05,4.0,1.0,11732.5,19.0,1.0,140.0,0.6,19.0
BL011,Propoxur,0.05,4.0,2.0,8452.5,76.0,1.0,0.0,-2.6,3.0
BL011,Propoxur,0.05,4.0,3.0,8877.5,67.0,2.0,0.0,-2.8,4.0
BL011,Propoxur,0.05,4.0,4.0,1408185.0,3507.0,278.0,35.0,-68.0,278.0
BL011,Propoxur,500.0,5.0,1.0,2347.5,4.0,0.0,1080.0,0.2,3.0
BL011,Propoxur,500.0,5.0,2.0,2415.0,5.0,0.0,1420.0,0.0,1.0
BL011,Propoxur,500.0,5.0,3.0,5335.0,51.0,1.0,0.0,-0.4,1.0
BL011,Propoxur,500.0,5.0,4.0,3241325.0,13528.0,153.0,65.0,176.6,192.0
BL011,Propoxur,50.0,5.0,1.0,2382.5,4.0,0.0,890.0,0.2,1.0
BL011,Propoxur,50.0,5.0,2.0,2612.5,16.0,0.0,1310.0,0.0,2.0
BL011,Propoxur,50.0,5.0,3.0,3207.5,11.0,0.0,0.0,-1.4,2.0
BL011,Propoxur,50.0,5.0,4.0,2571577.5,8548.0,123.0,50.0,135.8,128.0
BL011,Propoxur,5.0,5.0,1.0,2502.5,7.0,0.0,0.0,-0.6,2.0
BL011,Propoxur,5.0,5.0,2.0,2630.0,4.0,0.0,30.0,0.2,2.0
BL011,Propoxur,5.0,5.0,3.0,3812.5,14.0,1.0,0.0,-0.8,3.0
BL011,Propoxur,5.0,5.0,4.0,4076985.0,23477.0,192.0,50.0,408.4,397.0
BL011,Propoxur,0.5,5.0,1.0,2537.5,5.0,0.0,45.0,0.0,2.0
BL011,Propoxur,0.5,5.0,2.0,2807.5,11.0,0.0,550.0,0.2,2.0
BL011,Propoxur,0.5,5.0,3.0,3735.0,15.0,0.0,50.0,-0.2,2.0
BL011,Propoxur,0.5,5.0,4.0,3104507.5,14778.0,114.0,50.0,257.4,120.0
BL011,Propoxur,0.05,5.0,1.0,8597.5,30.0,0.0,1440.0,-1.2,30.0
BL011,Propoxur,0.05,5.0,2.0,4270.0,16.0,1.0,70.0,0.4,3.0
BL011,Propoxur,0.05,5.0,3.0,5435.0,25.0,0.0,0.0,-1.4,3.0
BL011,Propoxur,0.05,5.0,4.0,4293832.5,24692.0,244.0,45.0,473.0,670.0
BL011,Diazinon,500.0,1.0,1.0,1582.5,6.0,0.0,0.0,-0.8,1.0
BL011,Diazinon,500.0,1.0,2.0,12775.0,190.0,0.0,5.0,0.6,1.0
BL011,Diazinon,500.0,1.0,3.0,3672.5,54.0,0.0,0.0,-3.4,1.0
BL011,Diazinon,500.0,1.0,4.0,1414162.5,4381.0,7.0,320.0,9.6,14.0
BL011,Diazinon,50.0,1.0,1.0,1865.0,24.0,0.0,0.0,-2.2,0.0
BL011,Diazinon,50.0,1.0,2.0,2762.5,48.0,0.0,0.0,-4.0,1.0
BL011,Diazinon,50.0,1.0,3.0,70192.5,1058.0,0.0,0.0,-11.4,1.0
BL011,Diazinon,50.0,1.0,4.0,1071192.5,4607.0,3.0,0.0,-17.2,6.0
BL011,Diazinon,5.0,1.0,1.0,1625.0,11.0,0.0,1415.0,-0.2,0.0
BL011,Diazinon,5.0,1.0,2.0,12400.0,297.0,0.0,0.0,-7.0,1.0
BL011,Diazinon,5.0,1.0,3.0,7447.5,212.0,0.0,0.0,-10.2,1.0
BL011,Diazinon,5.0,1.0,4.0,1326045.0,6346.0,1.0,295.0,-39.4,2.0
BL011,Diazinon,0.5,1.0,1.0,1475.0,4.0,0.0,95.0,-0.4,1.0
BL011,Diazinon,0.5,1.0,2.0,3430.0,72.0,0.0,0.0,-3.0,0.0
BL011,Diazinon,0.5,1.0,3.0,29577.5,612.0,0.0,0.0,-18.6,1.0
BL011,Diazinon,0.5,1.0,4.0,567615.0,4396.0,0.0,0.0,-8.0,2.0
BL011,Diazinon,0.05,1.0,1.0,1615.0,5.0,0.0,0.0,-0.6,1.0
BL011,Diazinon,0.05,1.0,2.0,4047.5,78.0,0.0,0.0,-4.6,1.0
BL011,Diazinon,0.05,1.0,3.0,42752.5,997.0,0.0,0.0,-33.8,0.0
BL011,Diazinon,0.05,1.0,4.0,1293842.5,6368.0,0.0,295.0,-7.2,1.0
BL011,Diazinon,500.0,2.0,1.0,2710.0,10.0,0.0,905.0,-1.0,2.0
BL011,Diazinon,500.0,2.0,2.0,2590.0,5.0,0.0,110.0,0.0,1.0
BL011,Diazinon,500.0,2.0,3.0,3132.5,32.0,1.0,260.0,1.4,1.0
BL011,Diazinon,500.0,2.0,4.0,377925.0,1218.0,22.0,405.0,1.6,30.0
BL011,Diazinon,50.0,2.0,1.0,2572.5,6.0,1.0,150.0,-0.4,2.0
BL011,Diazinon,50.0,2.0,2.0,2552.5,4.0,0.0,0.0,0.0,3.0
BL011,Diazinon,50.0,2.0,3.0,3757.5,14.0,1.0,545.0,0.2,3.0
BL011,Diazinon,50.0,2.0,4.0,914075.0,3285.0,26.0,440.0,-5.2,365.0
BL011,Diazinon,5.0,2.0,1.0,2492.5,7.0,0.0,990.0,-0.4,2.0
BL011,Diazinon,5.0,2.0,2.0,2657.5,13.0,0.0,220.0,-0.2,2.0
BL011,Diazinon,5.0,2.0,3.0,3127.5,10.0,0.0,20.0,0.0,1.0
BL011,Diazinon,5.0,2.0,4.0,921060.0,3277.0,33.0,435.0,-2.8,303.0
BL011,Diazinon,0.5,2.0,1.0,2515.0,4.0,1.0,0.0,-0.6,2.0
BL011,Diazinon,0.5,2.0,2.0,2610.0,8.0,0.0,40.0,0.0,2.0
BL011,Diazinon,0.5,2.0,3.0,2687.5,4.0,1.0,70.0,-0.2,2.0
BL011,Diazinon,0.5,2.0,4.0,391550.0,1279.0,27.0,405.0,-1.8,41.0
BL011,Diazinon,0.05,2.0,1.0,2657.5,5.0,0.0,385.0,-0.2,4.0
BL011,Diazinon,0.05,2.0,2.0,2780.0,5.0,1.0,445.0,-0.2,1.0
BL011,Diazinon,0.05,2.0,3.0,3050.0,28.0,1.0,1030.0,-0.2,3.0
BL011,Diazinon,0.05,2.0,4.0,530592.5,2066.0,20.0,385.0,-2.4,197.0
BL011,Diazinon,500.0,3.0,1.0,2077.5,4.0,0.0,1215.0,0.2,2.0
BL011,Diazinon,500.0,3.0,2.0,2115.0,6.0,0.0,920.0,-0.2,1.0
BL011,Diazinon,500.0,3.0,3.0,2145.0,8.0,0.0,1325.0,-0.6,2.0
BL011,Diazinon,500.0,3.0,4.0,3555.0,19.0,0.0,0.0,-1.4,1.0
BL011,Diazinon,50.0,3.0,1.0,2180.0,4.0,0.0,325.0,-0.2,1.0
BL011,Diazinon,50.0,3.0,2.0,2122.5,5.0,0.0,1040.0,0.0,2.0
BL011,Diazinon,50.0,3.0,3.0,2090.0,7.0,0.0,780.0,0.0,1.0
BL011,Diazinon,50.0,3.0,4.0,3840.0,19.0,0.0,0.0,-1.4,1.0
BL011,Diazinon,5.0,3.0,1.0,2107.5,6.0,0.0,875.0,0.0,2.0
BL011,Diazinon,5.0,3.0,2.0,2132.5,4.0,0.0,620.0,0.4,2.0
BL011,Diazinon,5.0,3.0,3.0,2175.0,4.0,0.0,175.0,-0.2,1.0
BL011,Diazinon,5.0,3.0,4.0,9405.0,38.0,1.0,50.0,0.0,3.0
BL011,Diazinon,0.5,3.0,1.0,2055.0,5.0,0.0,0.0,-0.4,1.0
BL011,Diazinon,0.5,3.0,2.0,2092.5,4.0,0.0,0.0,-0.2,1.0
BL011,Diazinon,0.5,3.0,3.0,2225.0,4.0,0.0,5.0,0.2,1.0
BL011,Diazinon,0.5,3.0,4.0,2767.5,7.0,0.0,5.0,0.2,1.0
BL011,Diazinon,0.05,3.0,1.0,2155.0,4.0,0.0,0.0,-0.2,2.0
BL011,Diazinon,0.05,3.0,2.0,2300.0,6.0,0.0,725.0,-0.2,2.0
BL011,Diazinon,0.05,3.0,3.0,2875.0,13.0,0.0,995.0,-0.4,2.0
BL011,Diazinon,0.05,3.0,4.0,5395.0,19.0,1.0,0.0,-0.4,1.0
BL011,Diazinon,500.0,4.0,1.0,2377.5,5.0,0.0,0.0,-0.4,2.0
BL011,Diazinon,500.0,4.0,2.0,2450.0,6.0,0.0,0.0,-0.8,2.0
BL011,Diazinon,500.0,4.0,3.0,3050.0,23.0,1.0,0.0,-2.2,1.0
BL011,Diazinon,500.0,4.0,4.0,1459660.0,4639.0,76.0,365.0,1.8,148.0
BL011,Diazinon,50.0,4.0,1.0,2425.0,6.0,0.0,985.0,-0.4,1.0
BL011,Diazinon,50.0,4.0,2.0,2490.0,14.0,0.0,0.0,-1.6,2.0
BL011,Diazinon,50.0,4.0,3.0,3425.0,31.0,0.0,0.0,-1.8,1.0
BL011,Diazinon,50.0,4.0,4.0,1474587.5,5001.0,85.0,260.0,3.6,150.0
BL011,Diazinon,5.0,4.0,1.0,2430.0,8.0,0.0,830.0,0.0,2.0
BL011,Diazinon,5.0,4.0,2.0,2582.5,14.0,0.0,0.0,-0.4,1.0
BL011,Diazinon,5.0,4.0,3.0,28647.5,102.0,1.0,0.0,-3.0,1.0
BL011,Diazinon,5.0,4.0,4.0,1244970.0,5720.0,2.0,345.0,2.8,2.0
BL011,Diazinon,0.5,4.0,1.0,2395.0,6.0,0.0,310.0,-0.2,1.0
BL011,Diazinon,0.5,4.0,2.0,2532.5,10.0,0.0,0.0,-1.0,1.0
BL011,Diazinon,0.5,4.0,3.0,19145.0,34.0,2.0,935.0,-3.2,9.0
BL011,Diazinon,0.5,4.0,4.0,1543585.0,6841.0,4.0,350.0,2.6,4.0
BL011,Diazinon,0.05,4.0,1.0,2577.5,4.0,0.0,275.0,0.0,1.0
BL011,Diazinon,0.05,4.0,2.0,3225.0,23.0,1.0,75.0,-1.0,1.0
BL011,Diazinon,0.05,4.0,3.0,3487.5,16.0,0.0,0.0,-0.8,1.0
BL011,Diazinon,0.05,4.0,4.0,329800.0,1327.0,0.0,260.0,1.8,2.0
BL011,Diazinon,500.0,5.0,1.0,2100.0,4.0,0.0,0.0,-0.6,2.0
BL011,Diazinon,500.0,5.0,2.0,2237.5,8.0,0.0,0.0,0.0,1.0
BL011,Diazinon,500.0,5.0,3.0,2837.5,15.0,0.0,1130.0,-0.6,1.0
BL011,Diazinon,500.0,5.0,4.0,1512232.5,3471.0,74.0,555.0,3.6,315.0
BL011,Diazinon,50.0,5.0,1.0,2107.5,4.0,0.0,165.0,-0.4,2.0
BL011,Diazinon,50.0,5.0,2.0,2175.0,4.0,0.0,0.0,-0.4,2.0
BL011,Diazinon,50.0,5.0,3.0,27670.0,98.0,5.0,55.0,-2.6,5.0
BL011,Diazinon,50.0,5.0,4.0,1385317.5,3191.0,84.0,550.0,3.4,239.0
BL011,Diazinon,5.0,5.0,1.0,2060.0,5.0,0.0,0.0,-0.8,1.0
BL011,Diazinon,5.0,5.0,2.0,2302.5,6.0,0.0,0.0,-0.2,1.0
BL011,Diazinon,5.0,5.0,3.0,3857.5,20.0,0.0,0.0,-0.6,1.0
BL011,Diazinon,5.0,5.0,4.0,1573585.0,5112.0,82.0,540.0,6.8,159.0
BL011,Diazinon,0.5,5.0,1.0,2087.5,4.0,0.0,0.0,-0.6,1.0
BL011,Diazinon,0.5,5.0,2.0,2405.0,20.0,0.0,1030.0,-0.6,2.0
BL011,Diazinon,0.5,5.0,3.0,9320.0,61.0,0.0,0.0,-1.8,1.0
BL011,Diazinon,0.5,5.0,4.0,32272.5,109.0,1.0,65.0,-2.0,4.0
BL011,Diazinon,0.05,5.0,1.0,2382.5,4.0,0.0,0.0,-0.2,1.0
BL011,Diazinon,0.05,5.0,2.0,2630.0,8.0,0.0,865.0,0.4,2.0
BL011,Diazinon,0.05,5.0,3.0,92607.5,147.0,5.0,1045.0,-2.6,5.0
BL011,Diazinon,0.05,5.0,4.0,291527.5,566.0,1.0,485.0,6.0,3.0
BL011,Trimethoprim,500.0,1.0,1.0,2275.0,21.0,0.0,0.0,-2.0,1.0
BL011,Trimethoprim,500.0,1.0,2.0,30145.0,326.0,1.0,0.0,-4.0,2.0
BL011,Trimethoprim,500.0,1.0,3.0,6132.5,71.0,0.0,5.0,1.0,1.0
BL011,Trimethoprim,500.0,1.0,4.0,3912235.0,14378.0,27.0,25.0,276.4,35.0
BL011,Trimethoprim,50.0,1.0,1.0,1962.5,8.0,0.0,0.0,-0.2,3.0
BL011,Trimethoprim,50.0,1.0,2.0,8062.5,111.0,0.0,0.0,-1.8,2.0
BL011,Trimethoprim,50.0,1.0,3.0,11927.5,138.0,0.0,0.0,-4.0,1.0
BL011,Trimethoprim,50.0,1.0,4.0,3534910.0,14443.0,36.0,25.0,268.4,49.0
BL011,Trimethoprim,5.0,1.0,1.0,2132.5,16.0,0.0,0.0,-1.8,1.0
BL011,Trimethoprim,5.0,1.0,2.0,11832.5,157.0,0.0,0.0,-2.2,2.0
BL011,Trimethoprim,5.0,1.0,3.0,10082.5,116.0,0.0,20.0,0.6,0.0
BL011,Trimethoprim,5.0,1.0,4.0,3491852.5,14263.0,40.0,25.0,304.2,52.0
BL011,Trimethoprim,0.5,1.0,1.0,8777.5,24.0,0.0,1055.0,0.2,16.0
BL011,Trimethoprim,0.5,1.0,2.0,11052.5,151.0,0.0,20.0,-0.6,2.0
BL011,Trimethoprim,0.5,1.0,3.0,26217.5,314.0,0.0,0.0,-0.6,1.0
BL011,Trimethoprim,0.5,1.0,4.0,3945912.5,14263.0,36.0,30.0,267.6,43.0
BL011,Trimethoprim,0.05,1.0,1.0,11455.0,29.0,0.0,1245.0,-0.4,16.0
BL011,Trimethoprim,0.05,1.0,2.0,7922.5,80.0,0.0,15.0,-0.6,4.0
BL011,Trimethoprim,0.05,1.0,3.0,48420.0,531.0,1.0,0.0,-2.4,3.0
BL011,Trimethoprim,0.05,1.0,4.0,4486005.0,14368.0,963.0,25.0,251.4,1878.0
BL011,Trimethoprim,500.0,2.0,1.0,3497.5,5.0,1.0,5.0,0.2,1.0
BL011,Trimethoprim,500.0,2.0,2.0,4895.0,13.0,1.0,75.0,-0.2,2.0
BL011,Trimethoprim,500.0,2.0,3.0,672925.0,1177.0,9.0,1425.0,0.4,1132.0
BL011,Trimethoprim,500.0,2.0,4.0,12310092.5,20097.0,576.0,95.0,96.0,826.0
BL011,Trimethoprim,50.0,2.0,1.0,3712.5,7.0,1.0,0.0,-0.8,2.0
BL011,Trimethoprim,50.0,2.0,2.0,5090.0,15.0,1.0,45.0,0.2,1.0
BL011,Trimethoprim,50.0,2.0,3.0,11550.0,30.0,2.0,85.0,-2.0,5.0
BL011,Trimethoprim,50.0,2.0,4.0,11330557.5,20343.0,345.0,95.0,52.8,541.0
BL011,Trimethoprim,5.0,2.0,1.0,4120.0,8.0,1.0,250.0,0.6,2.0
BL011,Trimethoprim,5.0,2.0,2.0,4055.0,8.0,1.0,90.0,0.0,3.0
BL011,Trimethoprim,5.0,2.0,3.0,10022.5,21.0,1.0,5.0,0.2,3.0
BL011,Trimethoprim,5.0,2.0,4.0,14475717.5,17338.0,1308.0,955.0,-115.6,1308.0
BL011,Trimethoprim,0.5,2.0,1.0,4355.0,6.0,1.0,85.0,0.0,2.0
BL011,Trimethoprim,0.5,2.0,2.0,5357.5,52.0,1.0,1200.0,-0.6,2.0
BL011,Trimethoprim,0.5,2.0,3.0,9992.5,22.0,2.0,50.0,-0.4,3.0
BL011,Trimethoprim,0.5,2.0,4.0,14777072.5,19133.0,701.0,95.0,-67.8,990.0
BL011,Trimethoprim,0.05,2.0,1.0,381170.0,1034.0,2.0,1435.0,0.2,1013.0
BL011,Trimethoprim,0.05,2.0,2.0,10265.0,15.0,2.0,75.0,0.2,8.0
BL011,Trimethoprim,0.05,2.0,3.0,767850.0,831.0,104.0,1075.0,-4.4,436.0
BL011,Trimethoprim,0.05,2.0,4.0,20308767.5,28114.0,2703.0,725.0,-68.4,12779.0
BL011,Trimethoprim,500.0,3.0,1.0,1990.0,4.0,0.0,825.0,-0.2,2.0
BL011,Trimethoprim,500.0,3.0,2.0,2510.0,18.0,0.0,480.0,-0.2,1.0
BL011,Trimethoprim,500.0,3.0,3.0,5672.5,12.0,1.0,160.0,-0.2,2.0
BL011,Trimethoprim,500.0,3.0,4.0,17790717.5,22633.0,285.0,195.0,9.2,7290.0
BL011,Trimethoprim,50.0,3.0,1.0,2382.5,33.0,0.0,840.0,0.2,1.0
BL011,Trimethoprim,50.0,3.0,2.0,2762.5,6.0,0.0,690.0,0.2,1.0
BL011,Trimethoprim,50.0,3.0,3.0,4525.0,13.0,1.0,45.0,0.0,2.0
BL011,Trimethoprim,50.0,3.0,4.0,7092655.0,9471.0,128.0,465.0,-1.6,2098.0
BL011,Trimethoprim,5.0,3.0,1.0,2282.5,5.0,0.0,680.0,-0.2,2.0
BL011,Trimethoprim,5.0,3.0,2.0,3362.5,11.0,0.0,0.0,-0.4,2.0
BL011,Trimethoprim,5.0,3.0,3.0,3777.5,7.0,0.0,325.0,0.2,4.0
BL011,Trimethoprim,5.0,3.0,4.0,4239867.5,6027.0,91.0,505.0,-1.4,977.0
BL011,Trimethoprim,0.5,3.0,1.0,3217.5,5.0,0.0,285.0,0.0,3.0
BL011,Trimethoprim,0.5,3.0,2.0,3590.0,7.0,0.0,530.0,-0.2,3.0
BL011,Trimethoprim,0.5,3.0,3.0,4610.0,19.0,1.0,10.0,0.0,4.0
BL011,Trimethoprim,0.5,3.0,4.0,7708382.5,10209.0,137.0,445.0,2.4,2450.0
BL011,Trimethoprim,0.05,3.0,1.0,9727.5,24.0,1.0,385.0,-0.4,2.0
BL011,Trimethoprim,0.05,3.0,2.0,9630.0,19.0,1.0,335.0,-0.2,2.0
BL011,Trimethoprim,0.05,3.0,3.0,8125.0,16.0,1.0,875.0,-0.4,6.0
BL011,Trimethoprim,0.05,3.0,4.0,1584475.0,2299.0,63.0,675.0,-1.0,470.0
BL011,Trimethoprim,500.0,4.0,1.0,3717.5,7.0,1.0,0.0,-0.6,2.0
BL011,Trimethoprim,500.0,4.0,2.0,343130.0,610.0,13.0,1415.0,0.4,595.0
BL011,Trimethoprim,500.0,4.0,3.0,228622.5,546.0,9.0,1440.0,0.8,546.0
BL011,Trimethoprim,500.0,4.0,4.0,8437542.5,12792.0,334.0,1010.0,17.8,9851.0
BL011,Trimethoprim,50.0,4.0,1.0,3367.5,9.0,0.0,870.0,-0.2,1.0
BL011,Trimethoprim,50.0,4.0,2.0,4515.0,10.0,1.0,30.0,0.0,1.0
BL011,Trimethoprim,50.0,4.0,3.0,712227.5,1128.0,18.0,1415.0,-1.0,1080.0
BL011,Trimethoprim,50.0,4.0,4.0,7977492.5,9987.0,384.0,875.0,30.4,6103.0
BL011,Trimethoprim,5.0,4.0,1.0,3597.5,8.0,1.0,380.0,-0.2,1.0
BL011,Trimethoprim,5.0,4.0,2.0,4455.0,13.0,0.0,0.0,-0.6,3.0
BL011,Trimethoprim,5.0,4.0,3.0,7022.5,14.0,1.0,5.0,0.8,5.0
BL011,Trimethoprim,5.0,4.0,4.0,9641600.0,13774.0,422.0,1440.0,35.2,13774.0
BL011,Trimethoprim,0.5,4.0,1.0,4262.5,111.0,1.0,815.0,-0.2,2.0
BL011,Trimethoprim,0.5,4.0,2.0,4412.5,11.0,1.0,0.0,-0.6,2.0
BL011,Trimethoprim,0.5,4.0,3.0,13000.0,28.0,2.0,120.0,-1.2,5.0
BL011,Trimethoprim,0.5,4.0,4.0,8063380.0,10043.0,397.0,840.0,31.6,6851.0
BL011,Trimethoprim,0.05,4.0,1.0,420535.0,855.0,1.0,1435.0,0.0,838.0
BL011,Trimethoprim,0.05,4.0,2.0,6195.0,13.0,1.0,330.0,-0.2,3.0
BL011,Trimethoprim,0.05,4.0,3.0,137077.5,225.0,28.0,160.0,-1.4,75.0
BL011,Trimethoprim,0.05,4.0,4.0,11175762.5,14149.0,408.0,815.0,27.6,6863.0
BL011,Trimethoprim,500.0,5.0,1.0,2495.0,6.0,0.0,795.0,0.2,1.0
BL011,Trimethoprim,500.0,5.0,2.0,377957.5,599.0,20.0,1175.0,0.8,237.0
BL011,Trimethoprim,500.0,5.0,3.0,598940.0,694.0,159.0,660.0,-4.0,229.0
BL011,Trimethoprim,500.0,5.0,4.0,9481442.5,11714.0,2005.0,915.0,60.4,3272.0
BL011,Trimethoprim,50.0,5.0,1.0,2595.0,5.0,0.0,615.0,0.0,1.0
BL011,Trimethoprim,50.0,5.0,2.0,5112.5,31.0,1.0,5.0,0.4,2.0
BL011,Trimethoprim,50.0,5.0,3.0,346322.5,614.0,56.0,195.0,-0.8,73.0
BL011,Trimethoprim,50.0,5.0,4.0,6233942.5,6504.0,1241.0,5.0,51.2,3935.0
BL011,Trimethoprim,5.0,5.0,1.0,2955.0,5.0,0.0,270.0,0.0,4.0
BL011,Trimethoprim,5.0,5.0,2.0,9632.5,66.0,1.0,5.0,0.6,4.0
BL011,Trimethoprim,5.0,5.0,3.0,2315605.0,2407.0,790.0,150.0,10.6,840.0
BL011,Trimethoprim,5.0,5.0,4.0,6126175.0,6504.0,1238.0,5.0,57.2,4106.0
BL011,Trimethoprim,0.5,5.0,1.0,163362.5,397.0,1.0,1150.0,-0.6,249.0
BL011,Trimethoprim,0.5,5.0,2.0,46462.5,78.0,4.0,0.0,-3.0,17.0
BL011,Trimethoprim,0.5,5.0,3.0,6187350.0,6589.0,1411.0,1155.0,61.6,3525.0
BL011,Trimethoprim,0.5,5.0,4.0,7640277.5,8549.0,1683.0,1050.0,49.4,3665.0
BL011,Trimethoprim,0.05,5.0,1.0,97512.5,379.0,1.0,1370.0,0.2,367.0
BL011,Trimethoprim,0.05,5.0,2.0,282415.0,403.0,37.0,790.0,-5.6,144.0
BL011,Trimethoprim,0.05,5.0,3.0,288752.5,511.0,50.0,180.0,-0.4,58.0
BL011,Trimethoprim,0.05,5.0,4.0,7658245.0,8879.0,1438.0,975.0,44.0,4287.0
BL027,Metaldehyde,500.0,1.0,1.0,6032.5,19.0,0.0,230.0,0.4,4.0
BL027,Metaldehyde,500.0,1.0,2.0,3795.0,18.0,0.0,205.0,-0.6,2.0
BL027,Metaldehyde,500.0,1.0,3.0,6745.0,21.0,0.0,220.0,0.2,3.0
BL027,Metaldehyde,500.0,1.0,4.0,13115.0,48.0,2.0,145.0,-0.8,4.0
BL027,Metaldehyde,50.0,1.0,1.0,4027.5,36.0,0.0,1400.0,0.8,1.0
BL027,Metaldehyde,50.0,1.0,2.0,4335.0,19.0,0.0,205.0,-0.2,2.0
BL027,Metaldehyde,50.0,1.0,3.0,5357.5,17.0,0.0,215.0,0.4,3.0
BL027,Metaldehyde,50.0,1.0,4.0,13715.0,34.0,1.0,185.0,0.0,6.0
BL027,Metaldehyde,5.0,1.0,1.0,3702.5,19.0,0.0,225.0,-0.2,0.0
BL027,Metaldehyde,5.0,1.0,2.0,4172.5,28.0,0.0,260.0,-0.6,1.0
BL027,Metaldehyde,5.0,1.0,3.0,5792.5,18.0,0.0,195.0,0.2,2.0
BL027,Metaldehyde,5.0,1.0,4.0,12797.5,36.0,1.0,220.0,0.0,1.0
BL027,Metaldehyde,0.5,1.0,1.0,3667.5,19.0,0.0,185.0,0.0,1.0
BL027,Metaldehyde,0.5,1.0,2.0,4095.0,20.0,0.0,200.0,-0.6,0.0
BL027,Metaldehyde,0.5,1.0,3.0,5585.0,28.0,0.0,195.0,-0.2,1.0
BL027,Metaldehyde,0.5,1.0,4.0,9980.0,37.0,0.0,225.0,-0.6,3.0
BL027,Metaldehyde,0.05,1.0,1.0,3530.0,18.0,0.0,205.0,0.4,2.0
BL027,Metaldehyde,0.05,1.0,2.0,3795.0,24.0,0.0,210.0,0.8,0.0
BL027,Metaldehyde,0.05,1.0,3.0,4447.5,29.0,0.0,215.0,-0.2,2.0
BL027,Metaldehyde,0.05,1.0,4.0,8325.0,32.0,0.0,175.0,-0.2,2.0
BL027,Metaldehyde,500.0,2.0,1.0,6785.0,20.0,0.0,205.0,-0.6,4.0
BL027,Metaldehyde,500.0,2.0,2.0,6372.5,26.0,0.0,175.0,0.2,3.0
BL027,Metaldehyde,500.0,2.0,3.0,7580.0,29.0,0.0,215.0,-0.8,2.0
BL027,Metaldehyde,500.0,2.0,4.0,13992.5,48.0,2.0,230.0,0.4,3.0
BL027,Metaldehyde,50.0,2.0,1.0,5055.0,22.0,0.0,180.0,0.6,2.0
BL027,Metaldehyde,50.0,2.0,2.0,6542.5,23.0,0.0,210.0,-0.2,3.0
BL027,Metaldehyde,50.0,2.0,3.0,7712.5,31.0,1.0,185.0,-0.4,2.0
BL027,Metaldehyde,50.0,2.0,4.0,14540.0,50.0,1.0,170.0,0.6,2.0
BL027,Metaldehyde,5.0,2.0,1.0,5285.0,25.0,0.0,160.0,0.2,1.0
BL027,Metaldehyde,5.0,2.0,2.0,5790.0,26.0,0.0,165.0,-1.0,4.0
BL027,Metaldehyde,5.0,2.0,3.0,8097.5,30.0,0.0,200.0,-0.2,4.0
BL027,Metaldehyde,5.0,2.0,4.0,13495.0,42.0,2.0,225.0,0.0,2.0
BL027,Metaldehyde,0.5,2.0,1.0,5525.0,27.0,0.0,165.0,-0.2,2.0
BL027,Metaldehyde,0.5,2.0,2.0,6010.0,31.0,0.0,155.0,-0.4,3.0
BL027,Metaldehyde,0.5,2.0,3.0,8852.5,37.0,0.0,165.0,-0.4,4.0
BL027,Metaldehyde,0.5,2.0,4.0,12455.0,47.0,1.0,160.0,-0.2,7.0
BL027,Metaldehyde,0.05,2.0,1.0,5482.5,27.0,0.0,165.0,0.0,2.0
BL027,Metaldehyde,0.05,2.0,2.0,5392.5,25.0,0.0,195.0,0.0,3.0
BL027,Metaldehyde,0.05,2.0,3.0,7240.0,47.0,0.0,165.0,0.8,1.0
BL027,Metaldehyde,0.05,2.0,4.0,10100.0,49.0,0.0,160.0,0.0,1.0
BL027,Metaldehyde,500.0,3.0,1.0,11977.5,77.0,0.0,175.0,0.2,3.0
BL027,Metaldehyde,500.0,3.0,2.0,13680.0,90.0,1.0,195.0,-0.2,5.0
BL027,Metaldehyde,500.0,3.0,3.0,16422.5,108.0,1.0,180.0,0.6,3.0
BL027,Metaldehyde,500.0,3.0,4.0,24432.5,125.0,2.0,180.0,0.2,5.0
BL027,Metaldehyde,50.0,3.0,1.0,12492.5,81.0,1.0,180.0,-0.6,8.0
BL027,Metaldehyde,50.0,3.0,2.0,10795.0,89.0,0.0,180.0,0.0,2.0
BL027,Metaldehyde,50.0,3.0,3.0,14537.5,89.0,1.0,175.0,0.6,4.0
BL027,Metaldehyde,50.0,3.0,4.0,22077.5,118.0,2.0,175.0,-1.2,5.0
BL027,Metaldehyde,5.0,3.0,1.0,10635.0,94.0,0.0,185.0,0.4,1.0
BL027,Metaldehyde,5.0,3.0,2.0,11195.0,93.0,0.0,190.0,0.2,2.0
BL027,Metaldehyde,5.0,3.0,3.0,16675.0,117.0,1.0,175.0,-0.6,2.0
BL027,Metaldehyde,5.0,3.0,4.0,22447.5,124.0,2.0,185.0,0.2,4.0
BL027,Metaldehyde,0.5,3.0,1.0,10147.5,88.0,0.0,180.0,0.0,2.0
BL027,Metaldehyde,0.5,3.0,2.0,11077.5,93.0,0.0,185.0,0.0,1.0
BL027,Metaldehyde,0.5,3.0,3.0,14425.0,111.0,0.0,180.0,-0.2,2.0
BL027,Metaldehyde,0.5,3.0,4.0,21482.5,118.0,1.0,190.0,0.4,5.0
BL027,Metaldehyde,0.05,3.0,1.0,10307.5,86.0,0.0,180.0,-0.4,1.0
BL027,Metaldehyde,0.05,3.0,2.0,10655.0,88.0,0.0,185.0,-0.2,3.0
BL027,Metaldehyde,0.05,3.0,3.0,14067.5,118.0,0.0,185.0,0.0,2.0
BL027,Metaldehyde,0.05,3.0,4.0,16882.5,120.0,1.0,180.0,-0.4,3.0
BL027,Metaldehyde,500.0,4.0,1.0,1890.0,8.0,0.0,810.0,-0.4,1.0
BL027,Metaldehyde,500.0,4.0,2.0,2032.5,6.0,0.0,525.0,0.0,1.0
BL027,Metaldehyde,500.0,4.0,3.0,2712.5,5.0,0.0,145.0,0.0,1.0
BL027,Metaldehyde,500.0,4.0,4.0,8622.5,23.0,1.0,185.0,-0.2,2.0
BL027,Metaldehyde,50.0,4.0,1.0,1850.0,4.0,0.0,1220.0,0.0,1.0
BL027,Metaldehyde,50.0,4.0,2.0,2080.0,8.0,0.0,1165.0,-0.2,1.0
BL027,Metaldehyde,50.0,4.0,3.0,3142.5,8.0,0.0,435.0,0.0,1.0
BL027,Metaldehyde,50.0,4.0,4.0,9885.0,23.0,0.0,130.0,0.2,3.0
BL027,Metaldehyde,5.0,4.0,1.0,1790.0,4.0,0.0,180.0,0.4,1.0
BL027,Metaldehyde,5.0,4.0,2.0,2047.5,9.0,0.0,215.0,0.0,1.0
BL027,Metaldehyde,5.0,4.0,3.0,3072.5,36.0,0.0,460.0,-0.4,1.0
BL027,Metaldehyde,5.0,4.0,4.0,9085.0,22.0,1.0,115.0,0.0,3.0
BL027,Metaldehyde,0.5,4.0,1.0,1740.0,3.0,0.0,195.0,0.0,1.0
BL027,Metaldehyde,0.5,4.0,2.0,1847.5,3.0,0.0,10.0,0.2,2.0
BL027,Metaldehyde,0.5,4.0,3.0,2490.0,6.0,0.0,150.0,0.0,2.0
BL027,Metaldehyde,0.5,4.0,4.0,8007.5,21.0,1.0,95.0,0.0,1.0
BL027,Metaldehyde,0.05,4.0,1.0,1890.0,3.0,0.0,25.0,-0.2,0.0
BL027,Metaldehyde,0.05,4.0,2.0,2032.5,12.0,0.0,1325.0,0.0,2.0
BL027,Metaldehyde,0.05,4.0,3.0,2035.0,4.0,0.0,90.0,0.0,2.0
BL027,Metaldehyde,0.05,4.0,4.0,5137.5,15.0,0.0,115.0,-0.2,1.0
BL027,Metaldehyde,500.0,5.0,1.0,13567.5,84.0,0.0,245.0,0.0,5.0
BL027,Metaldehyde,500.0,5.0,2.0,12185.0,67.0,0.0,255.0,0.0,0.0
BL027,Metaldehyde,500.0,5.0,3.0,17852.5,109.0,1.0,255.0,0.0,3.0
BL027,Metaldehyde,500.0,5.0,4.0,26052.5,115.0,2.0,250.0,0.4,3.0
BL027,Metaldehyde,50.0,5.0,1.0,12777.5,64.0,1.0,240.0,-0.2,9.0
BL027,Metaldehyde,50.0,5.0,2.0,11172.5,60.0,0.0,255.0,0.0,1.0
BL027,Metaldehyde,50.0,5.0,3.0,16527.5,96.0,1.0,245.0,0.0,3.0
BL027,Metaldehyde,50.0,5.0,4.0,22125.0,98.0,1.0,245.0,0.0,3.0
BL027,Metaldehyde,5.0,5.0,1.0,10217.5,49.0,0.0,240.0,0.0,1.0
BL027,Metaldehyde,5.0,5.0,2.0,10855.0,64.0,0.0,255.0,0.0,2.0
BL027,Metaldehyde,5.0,5.0,3.0,14222.5,85.0,0.0,250.0,0.0,2.0
BL027,Metaldehyde,5.0,5.0,4.0,23892.5,104.0,2.0,250.0,0.6,10.0
BL027,Metaldehyde,0.5,5.0,1.0,12375.0,55.0,1.0,225.0,0.2,2.0
BL027,Metaldehyde,0.5,5.0,2.0,10700.0,65.0,0.0,235.0,0.2,2.0
BL027,Metaldehyde,0.5,5.0,3.0,13592.5,74.0,0.0,260.0,-0.2,3.0
BL027,Metaldehyde,0.5,5.0,4.0,18230.0,88.0,1.0,210.0,0.6,3.0
BL027,Metaldehyde,0.05,5.0,1.0,10062.5,52.0,0.0,210.0,-0.2,3.0
BL027,Metaldehyde,0.05,5.0,2.0,10245.0,53.0,0.0,210.0,0.2,2.0
BL027,Metaldehyde,0.05,5.0,3.0,14157.5,76.0,1.0,250.0,-0.6,3.0
BL027,Metaldehyde,0.05,5.0,4.0,16745.0,79.0,0.0,190.0,-0.2,0.0
BL027,Boric Acid,500.0,1.0,1.0,15109967.5,37944.0,2930.0,60.0,218.0,2930.0
BL027,Boric Acid,500.0,1.0,2.0,16745322.5,40982.0,1251.0,90.0,205.4,1251.0
BL027,Boric Acid,500.0,1.0,3.0,16420995.0,39693.0,2441.0,95.0,167.2,2441.0
BL027,Boric Acid,500.0,1.0,4.0,15971755.0,38352.0,3950.0,85.0,139.2,3950.0
BL027,Boric Acid,50.0,1.0,1.0,13889272.5,33213.0,1185.0,75.0,216.4,1189.0
BL027,Boric Acid,50.0,1.0,2.0,14056500.0,33370.0,1363.0,75.0,222.4,1363.0
BL027,Boric Acid,50.0,1.0,3.0,12717917.5,33305.0,1653.0,75.0,175.0,1689.0
BL027,Boric Acid,50.0,1.0,4.0,11227585.0,32462.0,1289.0,75.0,143.4,1295.0
BL027,Boric Acid,5.0,1.0,1.0,13945922.5,33312.0,1354.0,75.0,215.8,1362.0
BL027,Boric Acid,5.0,1.0,2.0,13967572.5,32749.0,1612.0,80.0,237.8,1612.0
BL027,Boric Acid,5.0,1.0,3.0,14676640.0,34442.0,1111.0,75.0,206.8,1111.0
BL027,Boric Acid,5.0,1.0,4.0,14841797.5,33728.0,1191.0,150.0,130.8,1191.0
BL027,Boric Acid,0.5,1.0,1.0,13830535.0,32989.0,1426.0,75.0,251.0,1426.0
BL027,Boric Acid,0.5,1.0,2.0,14389227.5,33726.0,940.0,75.0,248.6,940.0
BL027,Boric Acid,0.5,1.0,3.0,13321007.5,32459.0,1662.0,70.0,213.8,1692.0
BL027,Boric Acid,0.5,1.0,4.0,14567982.5,32164.0,1108.0,155.0,230.8,1108.0
BL027,Boric Acid,0.05,1.0,1.0,10451120.0,32181.0,1185.0,75.0,238.6,1237.0
BL027,Boric Acid,0.05,1.0,2.0,10595430.0,31636.0,1334.0,70.0,191.2,1339.0
BL027,Boric Acid,0.05,1.0,3.0,10932930.0,32806.0,1253.0,80.0,238.8,1272.0
BL027,Boric Acid,0.05,1.0,4.0,11727502.5,28600.0,1799.0,150.0,142.0,1799.0
BL027,Boric Acid,500.0,2.0,1.0,15950985.0,39276.0,1424.0,80.0,142.0,1424.0
BL027,Boric Acid,500.0,2.0,2.0,15378725.0,36957.0,1891.0,80.0,136.0,1891.0
BL027,Boric Acid,500.0,2.0,3.0,13250582.5,37398.0,1803.0,115.0,196.0,1809.0
BL027,Boric Acid,500.0,2.0,4.0,15906652.5,37496.0,1890.0,75.0,187.4,1890.0
BL027,Boric Acid,50.0,2.0,1.0,13724685.0,32055.0,1111.0,125.0,93.0,1111.0
BL027,Boric Acid,50.0,2.0,2.0,13682157.5,32170.0,1186.0,130.0,105.6,1186.0
BL027,Boric Acid,50.0,2.0,3.0,10231732.5,30668.0,1383.0,120.0,95.2,1383.0
BL027,Boric Acid,50.0,2.0,4.0,10424055.0,30754.0,1467.0,120.0,119.4,1467.0
BL027,Boric Acid,5.0,2.0,1.0,13301247.5,31245.0,1277.0,135.0,53.6,1277.0
BL027,Boric Acid,5.0,2.0,2.0,13482850.0,31362.0,1352.0,135.0,60.6,1352.0
BL027,Boric Acid,5.0,2.0,3.0,10102292.5,30083.0,1361.0,80.0,122.6,1402.0
BL027,Boric Acid,5.0,2.0,4.0,10318580.0,29949.0,1402.0,70.0,108.2,1452.0
BL027,Boric Acid,0.5,2.0,1.0,10546532.5,30473.0,1415.0,60.0,57.2,1415.0
BL027,Boric Acid,0.5,2.0,2.0,10174012.5,29383.0,1422.0,75.0,78.2,1422.0
BL027,Boric Acid,0.5,2.0,3.0,10379885.0,30634.0,1388.0,120.0,78.2,1388.0
BL027,Boric Acid,0.5,2.0,4.0,10439300.0,30722.0,1371.0,60.0,132.2,1384.0
BL027,Boric Acid,0.05,2.0,1.0,10213682.5,30025.0,1340.0,125.0,9.4,1376.0
BL027,Boric Acid,0.05,2.0,2.0,9788867.5,29063.0,1330.0,135.0,38.2,1330.0
BL027,Boric Acid,0.05,2.0,3.0,10063545.0,30232.0,1367.0,70.0,70.2,1373.0
BL027,Boric Acid,0.05,2.0,4.0,10122480.0,29065.0,1451.0,70.0,86.8,1477.0
BL027,Boric Acid,500.0,3.0,1.0,17900742.5,45699.0,2156.0,140.0,487.6,2156.0
BL027,Boric Acid,500.0,3.0,2.0,20063610.0,51806.0,961.0,140.0,537.6,961.0
BL027,Boric Acid,500.0,3.0,3.0,18725142.5,47054.0,2321.0,145.0,541.6,2321.0
BL027,Boric Acid,500.0,3.0,4.0,17919592.5,46708.0,4268.0,140.0,502.6,4268.0
BL027,Boric Acid,50.0,3.0,1.0,15836620.0,41126.0,1303.0,140.0,449.6,1303.0
BL027,Boric Acid,50.0,3.0,2.0,16779265.0,43351.0,1404.0,140.0,449.2,1404.0
BL027,Boric Acid,50.0,3.0,3.0,17030640.0,43727.0,1258.0,140.0,455.0,1258.0
BL027,Boric Acid,50.0,3.0,4.0,13560820.0,40833.0,1217.0,140.0,494.6,1241.0
BL027,Boric Acid,5.0,3.0,1.0,16044475.0,41599.0,1275.0,140.0,462.2,1275.0
BL027,Boric Acid,5.0,3.0,2.0,16429047.5,42031.0,1511.0,140.0,463.4,1511.0
BL027,Boric Acid,5.0,3.0,3.0,17185920.0,43460.0,1221.0,145.0,481.6,1221.0
BL027,Boric Acid,5.0,3.0,4.0,17655522.5,45046.0,1080.0,140.0,457.0,1083.0
BL027,Boric Acid,0.5,3.0,1.0,16287755.0,41756.0,2196.0,140.0,463.0,2196.0
BL027,Boric Acid,0.5,3.0,2.0,16703432.5,43071.0,1150.0,140.0,452.8,1150.0
BL027,Boric Acid,0.5,3.0,3.0,14251162.5,43145.0,1360.0,140.0,481.4,1380.0
BL027,Boric Acid,0.5,3.0,4.0,16929800.0,43343.0,2330.0,140.0,473.6,2330.0
BL027,Boric Acid,0.05,3.0,1.0,12469505.0,39677.0,1132.0,140.0,487.8,1132.0
BL027,Boric Acid,0.05,3.0,2.0,12860877.5,40310.0,1236.0,140.0,471.0,1261.0
BL027,Boric Acid,0.05,3.0,3.0,13117667.5,40909.0,1197.0,140.0,464.4,1199.0
BL027,Boric Acid,0.05,3.0,4.0,16544755.0,41868.0,1468.0,145.0,460.6,1468.0
BL027,Boric Acid,500.0,4.0,1.0,15972017.5,40831.0,1587.0,140.0,156.2,1611.0
BL027,Boric Acid,500.0,4.0,2.0,16386347.5,39797.0,1533.0,135.0,392.2,1580.0
BL027,Boric Acid,500.0,4.0,3.0,16277405.0,39582.0,1873.0,125.0,409.6,1873.0
BL027,Boric Acid,500.0,4.0,4.0,16443047.5,38732.0,1763.0,125.0,455.6,1783.0
BL027,Boric Acid,50.0,4.0,1.0,14012460.0,35580.0,1566.0,140.0,153.4,1635.0
BL027,Boric Acid,50.0,4.0,2.0,14469342.5,34877.0,1495.0,130.0,260.8,1551.0
BL027,Boric Acid,50.0,4.0,3.0,10129037.5,31835.0,1627.0,125.0,314.2,1666.0
BL027,Boric Acid,50.0,4.0,4.0,10324222.5,31238.0,1676.0,125.0,379.8,1676.0
BL027,Boric Acid,5.0,4.0,1.0,14145335.0,30887.0,1526.0,140.0,549.2,1526.0
BL027,Boric Acid,5.0,4.0,2.0,14227930.0,33391.0,1435.0,140.0,166.2,1492.0
BL027,Boric Acid,5.0,4.0,3.0,10172377.5,29944.0,1735.0,125.0,353.2,1752.0
BL027,Boric Acid,5.0,4.0,4.0,10096110.0,32345.0,1587.0,125.0,207.0,1587.0
BL027,Boric Acid,0.5,4.0,1.0,13296230.0,32038.0,1462.0,140.0,65.6,1522.0
BL027,Boric Acid,0.5,4.0,2.0,9660025.0,28926.0,1778.0,120.0,108.0,1778.0
BL027,Boric Acid,0.5,4.0,3.0,10036000.0,30198.0,1702.0,125.0,294.8,1738.0
BL027,Boric Acid,0.5,4.0,4.0,9945127.5,29577.0,1731.0,125.0,330.4,1733.0
BL027,Boric Acid,0.05,4.0,1.0,9577362.5,30439.0,1684.0,125.0,72.0,1690.0
BL027,Boric Acid,0.05,4.0,2.0,9598895.0,29519.0,1723.0,120.0,199.2,1733.0
BL027,Boric Acid,0.05,4.0,3.0,9870467.5,30356.0,1666.0,125.0,367.2,1732.0
BL027,Boric Acid,0.05,4.0,4.0,10314847.5,31842.0,1762.0,125.0,292.6,1799.0
BL027,Boric Acid,500.0,5.0,1.0,17943852.5,46558.0,922.0,135.0,496.2,922.0
BL027,Boric Acid,500.0,5.0,2.0,18368577.5,46843.0,1314.0,135.0,512.6,1314.0
BL027,Boric Acid,500.0,5.0,3.0,18442057.5,47339.0,1444.0,135.0,518.6,1444.0
BL027,Boric Acid,500.0,5.0,4.0,18398270.0,46074.0,3208.0,135.0,554.8,3208.0
BL027,Boric Acid,50.0,5.0,1.0,15510172.5,40939.0,1016.0,135.0,447.0,1016.0
BL027,Boric Acid,50.0,5.0,2.0,15787182.5,41196.0,1051.0,135.0,399.4,1051.0
BL027,Boric Acid,50.0,5.0,3.0,12172525.0,38620.0,1276.0,135.0,455.2,1319.0
BL027,Boric Acid,50.0,5.0,4.0,12474480.0,39578.0,1375.0,135.0,487.6,1414.0
BL027,Boric Acid,5.0,5.0,1.0,15462285.0,40388.0,905.0,135.0,406.0,905.0
BL027,Boric Acid,5.0,5.0,2.0,15692595.0,40288.0,1019.0,135.0,399.8,1019.0
BL027,Boric Acid,5.0,5.0,3.0,16445817.5,42249.0,955.0,135.0,405.8,955.0
BL027,Boric Acid,5.0,5.0,4.0,12474987.5,39472.0,1251.0,135.0,460.0,1251.0
BL027,Boric Acid,0.5,5.0,1.0,14118970.0,39227.0,1750.0,135.0,384.0,1750.0
BL027,Boric Acid,0.5,5.0,2.0,15903360.0,40190.0,1151.0,135.0,385.8,1151.0
BL027,Boric Acid,0.5,5.0,3.0,14837972.5,41650.0,1601.0,135.0,407.4,1601.0
BL027,Boric Acid,0.5,5.0,4.0,14892837.5,41267.0,1658.0,135.0,421.0,1688.0
BL027,Boric Acid,0.05,5.0,1.0,11427077.5,36341.0,1240.0,135.0,386.6,1284.0
BL027,Boric Acid,0.05,5.0,2.0,11699142.5,37306.0,1166.0,135.0,357.2,1216.0
BL027,Boric Acid,0.05,5.0,3.0,12013127.5,38179.0,1349.0,135.0,361.2,1349.0
BL027,Boric Acid,0.05,5.0,4.0,15562077.5,37994.0,1152.0,135.0,369.6,1152.0
BL027,DEET,500.0,1.0,1.0,2765.0,6.0,1.0,1375.0,-0.2,1.0
BL027,DEET,500.0,1.0,2.0,2922.5,10.0,0.0,0.0,-0.6,1.0
BL027,DEET,500.0,1.0,3.0,3560.0,12.0,1.0,0.0,0.0,4.0
BL027,DEET,500.0,1.0,4.0,22562.5,198.0,0.0,5.0,3.2,3.0
BL027,DEET,50.0,1.0,1.0,2735.0,6.0,0.0,0.0,-0.6,2.0
BL027,DEET,50.0,1.0,2.0,2770.0,5.0,1.0,535.0,0.0,2.0
BL027,DEET,50.0,1.0,3.0,2792.5,9.0,1.0,0.0,-1.2,2.0
BL027,DEET,50.0,1.0,4.0,9005.0,141.0,0.0,0.0,-0.8,1.0
BL027,DEET,5.0,1.0,1.0,2660.0,4.0,1.0,0.0,-0.2,2.0
BL027,DEET,5.0,1.0,2.0,2737.5,6.0,1.0,1440.0,0.0,6.0
BL027,DEET,5.0,1.0,3.0,2900.0,19.0,1.0,0.0,-1.4,1.0
BL027,DEET,5.0,1.0,4.0,30407.5,168.0,0.0,5.0,1.2,3.0
BL027,DEET,0.5,1.0,1.0,2752.5,4.0,1.0,330.0,-0.2,2.0
BL027,DEET,0.5,1.0,2.0,2712.5,11.0,0.0,0.0,-0.4,2.0
BL027,DEET,0.5,1.0,3.0,2742.5,13.0,1.0,0.0,-1.2,2.0
BL027,DEET,0.5,1.0,4.0,19020.0,109.0,3.0,5.0,1.0,4.0
BL027,DEET,0.05,1.0,1.0,2667.5,5.0,1.0,0.0,-0.8,2.0
BL027,DEET,0.05,1.0,2.0,2825.0,15.0,0.0,0.0,-1.6,1.0
BL027,DEET,0.05,1.0,3.0,2875.0,14.0,0.0,0.0,-0.8,2.0
BL027,DEET,0.05,1.0,4.0,4020.0,30.0,0.0,0.0,0.0,2.0
BL027,DEET,500.0,2.0,1.0,2580.0,5.0,1.0,20.0,-0.4,2.0
BL027,DEET,500.0,2.0,2.0,2617.5,5.0,0.0,95.0,-0.4,1.0
BL027,DEET,500.0,2.0,3.0,2677.5,4.0,1.0,115.0,-0.2,2.0
BL027,DEET,500.0,2.0,4.0,3720.0,7.0,1.0,115.0,0.2,1.0
BL027,DEET,50.0,2.0,1.0,2555.0,6.0,0.0,280.0,-0.2,1.0
BL027,DEET,50.0,2.0,2.0,2480.0,5.0,0.0,470.0,0.0,2.0
BL027,DEET,50.0,2.0,3.0,2775.0,17.0,0.0,1370.0,0.0,1.0
BL027,DEET,50.0,2.0,4.0,2952.5,8.0,1.0,420.0,-0.8,1.0
BL027,DEET,5.0,2.0,1.0,2500.0,4.0,0.0,950.0,-0.2,1.0
BL027,DEET,5.0,2.0,2.0,2610.0,5.0,1.0,830.0,0.2,2.0
BL027,DEET,5.0,2.0,3.0,2622.5,6.0,0.0,110.0,0.0,3.0
BL027,DEET,5.0,2.0,4.0,2730.0,5.0,0.0,55.0,-0.2,1.0
BL027,DEET,0.5,2.0,1.0,2557.5,4.0,0.0,20.0,-0.2,2.0
BL027,DEET,0.5,2.0,2.0,2532.5,4.0,0.0,1110.0,-0.2,2.0
BL027,DEET,0.5,2.0,3.0,2507.5,6.0,0.0,1140.0,0.0,1.0
BL027,DEET,0.5,2.0,4.0,2727.5,5.0,0.0,115.0,0.0,1.0
BL027,DEET,0.05,2.0,1.0,2672.5,18.0,0.0,115.0,-0.2,3.0
BL027,DEET,0.05,2.0,2.0,2692.5,8.0,0.0,265.0,0.0,2.0
BL027,DEET,0.05,2.0,3.0,2625.0,5.0,0.0,1035.0,0.2,2.0
BL027,DEET,0.05,2.0,4.0,2965.0,30.0,0.0,1155.0,-0.4,1.0
BL027,DEET,500.0,3.0,1.0,2335.0,5.0,0.0,945.0,0.0,1.0
BL027,DEET,500.0,3.0,2.0,2530.0,9.0,0.0,190.0,0.0,2.0
BL027,DEET,500.0,3.0,3.0,2622.5,5.0,0.0,135.0,-0.6,1.0
BL027,DEET,500.0,3.0,4.0,3692.5,9.0,0.0,0.0,-0.4,2.0
BL027,DEET,50.0,3.0,1.0,2322.5,4.0,0.0,20.0,-0.2,3.0
BL027,DEET,50.0,3.0,2.0,2392.5,7.0,0.0,420.0,-0.2,2.0
BL027,DEET,50.0,3.0,3.0,2647.5,12.0,1.0,1270.0,-0.6,1.0
BL027,DEET,50.0,3.0,4.0,2800.0,6.0,0.0,0.0,-0.4,2.0
BL027,DEET,5.0,3.0,1.0,2415.0,6.0,0.0,380.0,-0.4,1.0
BL027,DEET,5.0,3.0,2.0,2352.5,11.0,0.0,95.0,-0.4,1.0
BL027,DEET,5.0,3.0,3.0,2460.0,5.0,0.0,415.0,-0.2,1.0
BL027,DEET,5.0,3.0,4.0,2592.5,6.0,0.0,75.0,-0.2,2.0
BL027,DEET,0.5,3.0,1.0,2460.0,11.0,0.0,1070.0,-0.4,2.0
BL027,DEET,0.5,3.0,2.0,2385.0,7.0,0.0,1120.0,-0.4,1.0
BL027,DEET,0.5,3.0,3.0,2332.5,4.0,0.0,0.0,-0.4,1.0
BL027,DEET,0.5,3.0,4.0,2660.0,18.0,0.0,710.0,-0.4,1.0
BL027,DEET,0.05,3.0,1.0,2327.5,4.0,0.0,110.0,-0.6,2.0
BL027,DEET,0.05,3.0,2.0,2450.0,6.0,0.0,1140.0,-0.2,1.0
BL027,DEET,0.05,3.0,3.0,2405.0,4.0,0.0,65.0,0.0,1.0
BL027,DEET,0.05,3.0,4.0,2940.0,6.0,0.0,0.0,-0.4,2.0
BL027,DEET,500.0,4.0,1.0,2130.0,4.0,0.0,190.0,-0.2,1.0
BL027,DEET,500.0,4.0,2.0,2265.0,11.0,0.0,435.0,-0.4,1.0
BL027,DEET,500.0,4.0,3.0,2485.0,10.0,0.0,0.0,-0.6,2.0
BL027,DEET,500.0,4.0,4.0,12280.0,211.0,1.0,0.0,-7.8,5.0
BL027,DEET,50.0,4.0,1.0,2040.0,6.0,0.0,365.0,-0.2,1.0
BL027,DEET,50.0,4.0,2.0,2035.0,7.0,0.0,370.0,0.2,1.0
BL027,DEET,50.0,4.0,3.0,2182.5,4.0,0.0,5.0,0.2,2.0
BL027,DEET,50.0,4.0,4.0,12015.0,279.0,0.0,0.0,-2.8,3.0
BL027,DEET,5.0,4.0,1.0,1965.0,4.0,0.0,0.0,-0.4,4.0
BL027,DEET,5.0,4.0,2.0,1992.5,8.0,0.0,0.0,-0.6,1.0
BL027,DEET,5.0,4.0,3.0,1942.5,12.0,0.0,0.0,-1.0,1.0
BL027,DEET,5.0,4.0,4.0,18107.5,301.0,1.0,0.0,-11.0,8.0
BL027,DEET,0.5,4.0,1.0,1955.0,6.0,0.0,460.0,-0.4,2.0
BL027,DEET,0.5,4.0,2.0,1985.0,11.0,0.0,0.0,-1.4,1.0
BL027,DEET,0.5,4.0,3.0,2020.0,14.0,0.0,0.0,-0.4,0.0
BL027,DEET,0.5,4.0,4.0,9082.5,180.0,0.0,0.0,-3.2,3.0
BL027,DEET,0.05,4.0,1.0,2022.5,6.0,0.0,1185.0,-0.2,2.0
BL027,DEET,0.05,4.0,2.0,2067.5,8.0,0.0,0.0,-1.0,1.0
BL027,DEET,0.05,4.0,3.0,2105.0,3.0,0.0,20.0,-0.4,2.0
BL027,DEET,0.05,4.0,4.0,16290.0,272.0,1.0,0.0,-7.8,6.0
BL027,DEET,500.0,5.0,1.0,3385.0,10.0,0.0,1360.0,0.0,6.0
BL027,DEET,500.0,5.0,2.0,2567.5,7.0,0.0,1155.0,-0.6,1.0
BL027,DEET,500.0,5.0,3.0,2457.5,4.0,0.0,0.0,-0.4,1.0
BL027,DEET,500.0,5.0,4.0,3045.0,9.0,0.0,595.0,-0.4,2.0
BL027,DEET,50.0,5.0,1.0,5550.0,14.0,0.0,1125.0,0.0,6.0
BL027,DEET,50.0,5.0,2.0,2625.0,29.0,0.0,445.0,-0.2,1.0
BL027,DEET,50.0,5.0,3.0,2477.5,9.0,0.0,1240.0,0.0,1.0
BL027,DEET,50.0,5.0,4.0,2807.5,18.0,0.0,1400.0,0.2,2.0
BL027,DEET,5.0,5.0,1.0,2562.5,10.0,0.0,285.0,0.2,1.0
BL027,DEET,5.0,5.0,2.0,2435.0,7.0,0.0,235.0,-0.2,2.0
BL027,DEET,5.0,5.0,3.0,2312.5,5.0,0.0,820.0,0.0,2.0
BL027,DEET,5.0,5.0,4.0,2570.0,5.0,0.0,25.0,0.4,2.0
BL027,DEET,0.5,5.0,1.0,2397.5,4.0,0.0,5.0,0.4,3.0
BL027,DEET,0.5,5.0,2.0,2435.0,5.0,0.0,1355.0,-0.2,2.0
BL027,DEET,0.5,5.0,3.0,2440.0,5.0,0.0,570.0,-0.2,1.0
BL027,DEET,0.5,5.0,4.0,2580.0,12.0,0.0,695.0,0.0,1.0
BL027,DEET,0.05,5.0,1.0,2385.0,4.0,0.0,30.0,-0.2,2.0
BL027,DEET,0.05,5.0,2.0,2380.0,8.0,0.0,435.0,0.0,2.0
BL027,DEET,0.05,5.0,3.0,2445.0,5.0,0.0,675.0,0.2,1.0
BL027,DEET,0.05,5.0,4.0,2847.5,6.0,0.0,85.0,-0.6,0.0
BL027,Propoxur,500.0,1.0,1.0,4922.5,16.0,1.0,135.0,-0.6,2.0
BL027,Propoxur,500.0,1.0,2.0,9297.5,223.0,2.0,0.0,-15.2,2.0
BL027,Propoxur,500.0,1.0,3.0,10432.5,345.0,1.0,0.0,-23.2,2.0
BL027,Propoxur,500.0,1.0,4.0,4625975.0,9087.0,1310.0,170.0,-21.4,1326.0
BL027,Propoxur,50.0,1.0,1.0,4092.5,137.0,1.0,0.0,-13.8,2.0
BL027,Propoxur,50.0,1.0,2.0,5917.5,222.0,1.0,0.0,-15.4,3.0
BL027,Propoxur,50.0,1.0,3.0,3890.0,40.0,0.0,0.0,-3.6,2.0
BL027,Propoxur,50.0,1.0,4.0,3118317.5,7982.0,674.0,170.0,-46.2,674.0
BL027,Propoxur,5.0,1.0,1.0,3985.0,156.0,0.0,0.0,-14.6,2.0
BL027,Propoxur,5.0,1.0,2.0,8235.0,402.0,1.0,0.0,-29.8,4.0
BL027,Propoxur,5.0,1.0,3.0,3812.5,83.0,0.0,0.0,-8.8,2.0
BL027,Propoxur,5.0,1.0,4.0,768837.5,2299.0,146.0,0.0,-80.0,164.0
BL027,Propoxur,0.5,1.0,1.0,3300.0,64.0,1.0,0.0,-6.0,2.0
BL027,Propoxur,0.5,1.0,2.0,3975.0,123.0,1.0,0.0,-10.2,3.0
BL027,Propoxur,0.5,1.0,3.0,4497.5,88.0,1.0,0.0,-9.4,1.0
BL027,Propoxur,0.5,1.0,4.0,5734815.0,17293.0,1390.0,160.0,13.0,1595.0
BL027,Propoxur,0.05,1.0,1.0,5575.0,183.0,0.0,0.0,-17.2,1.0
BL027,Propoxur,0.05,1.0,2.0,7552.5,259.0,1.0,0.0,-16.6,4.0
BL027,Propoxur,0.05,1.0,3.0,7917.5,284.0,1.0,0.0,-26.4,1.0
BL027,Propoxur,0.05,1.0,4.0,446817.5,2075.0,61.0,0.0,-72.8,84.0
BL027,Propoxur,500.0,2.0,1.0,7465.0,18.0,1.0,0.0,-1.0,2.0
BL027,Propoxur,500.0,2.0,2.0,9835.0,185.0,1.0,0.0,-13.4,3.0
BL027,Propoxur,500.0,2.0,3.0,9275.0,69.0,1.0,0.0,-4.2,3.0
BL027,Propoxur,500.0,2.0,4.0,10623127.5,25997.0,1598.0,70.0,166.8,4558.0
BL027,Propoxur,50.0,2.0,1.0,3260.0,21.0,1.0,0.0,-1.6,3.0
BL027,Propoxur,50.0,2.0,2.0,3540.0,30.0,0.0,0.0,-1.0,2.0
BL027,Propoxur,50.0,2.0,3.0,5162.5,101.0,1.0,0.0,-4.6,2.0
BL027,Propoxur,50.0,2.0,4.0,1071210.0,3585.0,304.0,40.0,-20.0,305.0
BL027,Propoxur,5.0,2.0,1.0,3132.5,53.0,0.0,0.0,-5.8,2.0
BL027,Propoxur,5.0,2.0,2.0,3022.5,10.0,0.0,0.0,-0.8,1.0
BL027,Propoxur,5.0,2.0,3.0,4900.0,54.0,1.0,0.0,-3.4,2.0
BL027,Propoxur,5.0,2.0,4.0,7592382.5,26262.0,1011.0,45.0,124.6,2018.0
BL027,Propoxur,0.5,2.0,1.0,3457.5,69.0,0.0,0.0,-4.8,2.0
BL027,Propoxur,0.5,2.0,2.0,3030.0,13.0,1.0,0.0,-2.2,3.0
BL027,Propoxur,0.5,2.0,3.0,4577.5,42.0,1.0,0.0,-2.8,3.0
BL027,Propoxur,0.5,2.0,4.0,6695510.0,21772.0,1039.0,45.0,36.8,1739.0
BL027,Propoxur,0.05,2.0,1.0,4320.0,13.0,1.0,0.0,-0.8,1.0
BL027,Propoxur,0.05,2.0,2.0,6155.0,142.0,1.0,0.0,-10.4,4.0
BL027,Propoxur,0.05,2.0,3.0,7950.0,242.0,1.0,0.0,-19.6,2.0
BL027,Propoxur,0.05,2.0,4.0,861122.5,2363.0,295.0,40.0,-18.0,406.0
BL027,Propoxur,500.0,3.0,1.0,8240.0,100.0,1.0,0.0,-8.4,2.0
BL027,Propoxur,500.0,3.0,2.0,19362.5,171.0,3.0,0.0,-0.4,14.0
BL027,Propoxur,500.0,3.0,3.0,12102.5,61.0,2.0,0.0,-3.2,4.0
BL027,Propoxur,500.0,3.0,4.0,9762107.5,24339.0,2001.0,45.0,65.0,3809.0
BL027,Propoxur,50.0,3.0,1.0,3577.5,52.0,0.0,0.0,-4.8,1.0
BL027,Propoxur,50.0,3.0,2.0,5465.0,148.0,0.0,0.0,-9.2,2.0
BL027,Propoxur,50.0,3.0,3.0,8860.0,189.0,1.0,0.0,-7.6,1.0
BL027,Propoxur,50.0,3.0,4.0,4482122.5,13416.0,643.0,45.0,28.8,683.0
BL027,Propoxur,5.0,3.0,1.0,3435.0,88.0,0.0,0.0,-6.8,2.0
BL027,Propoxur,5.0,3.0,2.0,6545.0,178.0,0.0,0.0,-10.0,2.0
BL027,Propoxur,5.0,3.0,3.0,3372.5,39.0,1.0,0.0,-3.6,2.0
BL027,Propoxur,5.0,3.0,4.0,351097.5,1687.0,80.0,35.0,-47.6,84.0
BL027,Propoxur,0.5,3.0,1.0,3732.5,110.0,0.0,0.0,-8.4,3.0
BL027,Propoxur,0.5,3.0,2.0,9520.0,396.0,0.0,0.0,-23.4,2.0
BL027,Propoxur,0.5,3.0,3.0,3587.5,30.0,0.0,0.0,-2.8,1.0
BL027,Propoxur,0.5,3.0,4.0,1454840.0,4206.0,294.0,40.0,-35.4,308.0
BL027,Propoxur,0.05,3.0,1.0,7385.0,161.0,0.0,0.0,-11.6,5.0
BL027,Propoxur,0.05,3.0,2.0,9530.0,284.0,1.0,0.0,-22.8,2.0
BL027,Propoxur,0.05,3.0,3.0,6677.5,49.0,1.0,0.0,-4.4,2.0
BL027,Propoxur,0.05,3.0,4.0,458800.0,2258.0,104.0,0.0,-105.6,118.0
BL027,Propoxur,500.0,4.0,1.0,5580.0,28.0,0.0,0.0,-1.4,2.0
BL027,Propoxur,500.0,4.0,2.0,34905.0,282.0,7.0,0.0,-15.8,42.0
BL027,Propoxur,500.0,4.0,3.0,8257.5,40.0,2.0,0.0,-2.4,5.0
BL027,Propoxur,500.0,4.0,4.0,1582557.5,3558.0,375.0,0.0,-91.0,385.0
BL027,Propoxur,50.0,4.0,1.0,2597.5,26.0,0.0,0.0,-2.8,1.0
BL027,Propoxur,50.0,4.0,2.0,5995.0,174.0,0.0,0.0,-10.8,2.0
BL027,Propoxur,50.0,4.0,3.0,3630.0,49.0,0.0,0.0,-3.2,1.0
BL027,Propoxur,50.0,4.0,4.0,3616187.5,8917.0,704.0,45.0,-72.2,707.0
BL027,Propoxur,5.0,4.0,1.0,6110.0,140.0,0.0,0.0,-8.0,6.0
BL027,Propoxur,5.0,4.0,2.0,2305.0,5.0,0.0,0.0,-0.2,1.0
BL027,Propoxur,5.0,4.0,3.0,4467.5,100.0,0.0,0.0,-5.8,1.0
BL027,Propoxur,5.0,4.0,4.0,3780527.5,9869.0,744.0,35.0,-26.6,744.0
BL027,Propoxur,0.5,4.0,1.0,2847.5,55.0,0.0,0.0,-3.8,2.0
BL027,Propoxur,0.5,4.0,2.0,2510.0,6.0,0.0,400.0,-0.2,2.0
BL027,Propoxur,0.5,4.0,3.0,5100.0,169.0,0.0,0.0,-9.0,3.0
BL027,Propoxur,0.5,4.0,4.0,742097.5,2549.0,126.0,0.0,-68.4,160.0
BL027,Propoxur,0.05,4.0,1.0,4387.5,16.0,0.0,0.0,-1.2,1.0
BL027,Propoxur,0.05,4.0,2.0,5932.5,102.0,0.0,0.0,-6.6,1.0
BL027,Propoxur,0.05,4.0,3.0,6382.5,103.0,0.0,0.0,-7.0,2.0
BL027,Propoxur,0.05,4.0,4.0,3486515.0,8980.0,673.0,35.0,-73.2,717.0
BL027,Propoxur,500.0,5.0,1.0,3820.0,15.0,0.0,25.0,-0.4,4.0
BL027,Propoxur,500.0,5.0,2.0,4435.0,17.0,0.0,15.0,0.6,4.0
BL027,Propoxur,500.0,5.0,3.0,5555.0,25.0,0.0,25.0,-0.8,2.0
BL027,Propoxur,500.0,5.0,4.0,4367605.0,24888.0,217.0,45.0,446.6,604.0
BL027,Propoxur,50.0,5.0,1.0,3290.0,8.0,0.0,1430.0,-0.2,7.0
BL027,Propoxur,50.0,5.0,2.0,3670.0,34.0,0.0,0.0,-1.6,2.0
BL027,Propoxur,50.0,5.0,3.0,5997.5,53.0,0.0,0.0,-1.8,2.0
BL027,Propoxur,50.0,5.0,4.0,5993825.0,40065.0,328.0,45.0,639.0,1909.0
BL027,Propoxur,5.0,5.0,1.0,2447.5,5.0,0.0,270.0,-0.2,2.0
BL027,Propoxur,5.0,5.0,2.0,2707.5,6.0,0.0,5.0,0.2,2.0
BL027,Propoxur,5.0,5.0,3.0,3910.0,16.0,0.0,50.0,0.8,2.0
BL027,Propoxur,5.0,5.0,4.0,4246192.5,23326.0,233.0,50.0,363.2,489.0
BL027,Propoxur,0.5,5.0,1.0,2637.5,11.0,0.0,1105.0,0.2,1.0
BL027,Propoxur,0.5,5.0,2.0,2792.5,8.0,0.0,505.0,0.0,2.0
BL027,Propoxur,0.5,5.0,3.0,4980.0,28.0,0.0,0.0,-0.6,2.0
BL027,Propoxur,0.5,5.0,4.0,8246410.0,57101.0,479.0,35.0,710.8,6577.0
BL027,Propoxur,0.05,5.0,1.0,3477.5,12.0,0.0,50.0,-0.2,2.0
BL027,Propoxur,0.05,5.0,2.0,3717.5,14.0,0.0,65.0,-0.4,3.0
BL027,Propoxur,0.05,5.0,3.0,5447.5,36.0,0.0,0.0,-0.6,5.0
BL027,Propoxur,0.05,5.0,4.0,5784282.5,36343.0,383.0,45.0,607.2,2703.0
BL027,Diazinon,500.0,1.0,1.0,1570.0,4.0,0.0,10.0,-0.2,1.0
BL027,Diazinon,500.0,1.0,2.0,2925.0,46.0,0.0,0.0,-3.4,2.0
BL027,Diazinon,500.0,1.0,3.0,183322.5,692.0,5.0,0.0,-20.8,193.0
BL027,Diazinon,500.0,1.0,4.0,806665.0,3858.0,78.0,0.0,-18.0,130.0
BL027,Diazinon,50.0,1.0,1.0,1647.5,4.0,0.0,0.0,0.0,1.0
BL027,Diazinon,50.0,1.0,2.0,3655.0,57.0,0.0,0.0,-2.4,1.0
BL027,Diazinon,50.0,1.0,3.0,429730.0,1080.0,0.0,1205.0,-4.0,683.0
BL027,Diazinon,50.0,1.0,4.0,860612.5,3647.0,40.0,5.0,5.2,40.0
BL027,Diazinon,5.0,1.0,1.0,1647.5,4.0,0.0,0.0,-0.6,1.0
BL027,Diazinon,5.0,1.0,2.0,3692.5,67.0,0.0,0.0,-5.2,0.0
BL027,Diazinon,5.0,1.0,3.0,6040.0,124.0,0.0,0.0,-4.2,2.0
BL027,Diazinon,5.0,1.0,4.0,356147.5,4254.0,0.0,5.0,9.6,1.0
BL027,Diazinon,0.5,1.0,1.0,1560.0,10.0,0.0,985.0,-1.2,1.0
BL027,Diazinon,0.5,1.0,2.0,2762.5,43.0,0.0,0.0,-0.8,0.0
BL027,Diazinon,0.5,1.0,3.0,8837.5,210.0,0.0,0.0,-13.0,1.0
BL027,Diazinon,0.5,1.0,4.0,1545350.0,6838.0,1.0,305.0,3.4,3.0
BL027,Diazinon,0.05,1.0,1.0,2010.0,37.0,0.0,0.0,-4.2,1.0
BL027,Diazinon,0.05,1.0,2.0,14045.0,473.0,0.0,0.0,-27.8,1.0
BL027,Diazinon,0.05,1.0,3.0,11350.0,283.0,0.0,0.0,-15.8,1.0
BL027,Diazinon,0.05,1.0,4.0,450722.5,3896.0,1.0,5.0,43.8,2.0
BL027,Diazinon,500.0,2.0,1.0,2645.0,4.0,0.0,420.0,0.0,2.0
BL027,Diazinon,500.0,2.0,2.0,2857.5,5.0,0.0,430.0,-0.4,1.0
BL027,Diazinon,500.0,2.0,3.0,61727.5,208.0,1.0,1420.0,-0.4,208.0
BL027,Diazinon,500.0,2.0,4.0,615660.0,719.0,12.0,825.0,-1.8,419.0
BL027,Diazinon,50.0,2.0,1.0,2502.5,5.0,0.0,460.0,0.2,2.0
BL027,Diazinon,50.0,2.0,2.0,2712.5,16.0,0.0,805.0,-0.2,2.0
BL027,Diazinon,50.0,2.0,3.0,59765.0,135.0,1.0,1270.0,0.0,109.0
BL027,Diazinon,50.0,2.0,4.0,117675.0,230.0,4.0,770.0,-3.4,6.0
BL027,Diazinon,5.0,2.0,1.0,2435.0,6.0,0.0,1385.0,-0.4,1.0
BL027,Diazinon,5.0,2.0,2.0,2620.0,20.0,0.0,365.0,0.0,2.0
BL027,Diazinon,5.0,2.0,3.0,2752.5,8.0,1.0,0.0,-0.6,1.0
BL027,Diazinon,5.0,2.0,4.0,439847.5,2638.0,1.0,385.0,-3.8,3.0
BL027,Diazinon,0.5,2.0,1.0,2485.0,4.0,0.0,450.0,-0.2,2.0
BL027,Diazinon,0.5,2.0,2.0,2522.5,6.0,0.0,840.0,-0.2,2.0
BL027,Diazinon,0.5,2.0,3.0,2877.5,5.0,1.0,375.0,-0.2,2.0
BL027,Diazinon,0.5,2.0,4.0,799932.5,3215.0,29.0,430.0,-2.6,86.0
BL027,Diazinon,0.05,2.0,1.0,2627.5,4.0,1.0,150.0,-0.4,2.0
BL027,Diazinon,0.05,2.0,2.0,2917.5,6.0,0.0,375.0,0.0,2.0
BL027,Diazinon,0.05,2.0,3.0,3745.0,13.0,1.0,0.0,-0.4,3.0
BL027,Diazinon,0.05,2.0,4.0,985515.0,3748.0,29.0,435.0,-1.6,532.0
BL027,Diazinon,500.0,3.0,1.0,2247.5,4.0,0.0,570.0,-0.2,1.0
BL027,Diazinon,500.0,3.0,2.0,2422.5,15.0,0.0,230.0,-0.2,0.0
BL027,Diazinon,500.0,3.0,3.0,2812.5,46.0,0.0,1110.0,0.0,1.0
BL027,Diazinon,500.0,3.0,4.0,4917.5,23.0,0.0,5.0,0.2,3.0
BL027,Diazinon,50.0,3.0,1.0,2125.0,5.0,0.0,1270.0,0.0,0.0
BL027,Diazinon,50.0,3.0,2.0,2110.0,9.0,0.0,275.0,0.2,2.0
BL027,Diazinon,50.0,3.0,3.0,2292.5,6.0,0.0,535.0,-0.4,2.0
BL027,Diazinon,50.0,3.0,4.0,4850.0,27.0,1.0,0.0,-1.0,1.0
BL027,Diazinon,5.0,3.0,1.0,2087.5,5.0,0.0,1140.0,-0.2,1.0
BL027,Diazinon,5.0,3.0,2.0,2070.0,5.0,0.0,830.0,0.0,2.0
BL027,Diazinon,5.0,3.0,3.0,2127.5,7.0,0.0,1215.0,0.2,2.0
BL027,Diazinon,5.0,3.0,4.0,5885.0,32.0,0.0,70.0,-0.6,1.0
BL027,Diazinon,0.5,3.0,1.0,2222.5,5.0,0.0,5.0,0.2,1.0
BL027,Diazinon,0.5,3.0,2.0,2162.5,4.0,0.0,525.0,-0.2,2.0
BL027,Diazinon,0.5,3.0,3.0,2182.5,11.0,0.0,375.0,-0.2,2.0
BL027,Diazinon,0.5,3.0,4.0,13040.0,43.0,2.0,45.0,0.8,5.0
BL027,Diazinon,0.05,3.0,1.0,2207.5,4.0,0.0,555.0,0.0,1.0
BL027,Diazinon,0.05,3.0,2.0,2287.5,7.0,0.0,670.0,-0.4,2.0
BL027,Diazinon,0.05,3.0,3.0,2340.0,6.0,0.0,0.0,-0.8,2.0
BL027,Diazinon,0.05,3.0,4.0,4022.5,19.0,0.0,0.0,-1.4,2.0
BL027,Diazinon,500.0,4.0,1.0,2587.5,5.0,0.0,160.0,0.2,2.0
BL027,Diazinon,500.0,4.0,2.0,6422.5,25.0,1.0,1415.0,-0.8,19.0
BL027,Diazinon,500.0,4.0,3.0,616437.5,1019.0,1.0,1120.0,0.0,944.0
BL027,Diazinon,500.0,4.0,4.0,899835.0,1363.0,4.0,1425.0,1.2,1303.0
BL027,Diazinon,50.0,4.0,1.0,2452.5,4.0,0.0,310.0,0.0,1.0
BL027,Diazinon,50.0,4.0,2.0,2835.0,12.0,0.0,0.0,-1.4,2.0
BL027,Diazinon,50.0,4.0,3.0,279217.5,366.0,6.0,750.0,-4.6,261.0
BL027,Diazinon,50.0,4.0,4.0,301270.0,1510.0,1.0,265.0,6.8,2.0
BL027,Diazinon,5.0,4.0,1.0,2592.5,4.0,1.0,0.0,-0.2,1.0
BL027,Diazinon,5.0,4.0,2.0,2672.5,11.0,0.0,0.0,-0.4,2.0
BL027,Diazinon,5.0,4.0,3.0,7287.5,27.0,1.0,0.0,-1.6,6.0
BL027,Diazinon,5.0,4.0,4.0,591822.5,2781.0,1.0,350.0,2.6,5.0
BL027,Diazinon,0.5,4.0,1.0,2507.5,8.0,0.0,365.0,0.0,1.0
BL027,Diazinon,0.5,4.0,2.0,2742.5,26.0,0.0,0.0,-2.4,1.0
BL027,Diazinon,0.5,4.0,3.0,2920.0,10.0,0.0,5.0,0.2,3.0
BL027,Diazinon,0.5,4.0,4.0,1443417.5,4942.0,69.0,365.0,2.8,139.0
BL027,Diazinon,0.05,4.0,1.0,2652.5,5.0,0.0,240.0,0.2,1.0
BL027,Diazinon,0.05,4.0,2.0,2702.5,10.0,0.0,0.0,-0.8,1.0
BL027,Diazinon,0.05,4.0,3.0,3197.5,27.0,0.0,0.0,-2.8,2.0
BL027,Diazinon,0.05,4.0,4.0,3395.0,16.0,1.0,0.0,-1.8,2.0
BL027,Diazinon,500.0,5.0,1.0,2480.0,7.0,0.0,305.0,-0.6,2.0
BL027,Diazinon,500.0,5.0,2.0,2997.5,19.0,0.0,300.0,-0.8,2.0
BL027,Diazinon,500.0,5.0,3.0,820617.5,1710.0,10.0,1255.0,-4.0,1089.0
BL027,Diazinon,500.0,5.0,4.0,333142.5,489.0,29.0,1155.0,-5.4,204.0
BL027,Diazinon,50.0,5.0,1.0,2170.0,9.0,0.0,1255.0,-0.6,2.0
BL027,Diazinon,50.0,5.0,2.0,2727.5,17.0,0.0,1150.0,-1.6,1.0
BL027,Diazinon,50.0,5.0,3.0,51147.5,131.0,1.0,1305.0,-0.4,93.0
BL027,Diazinon,50.0,5.0,4.0,68657.5,304.0,9.0,0.0,-2.0,11.0
BL027,Diazinon,5.0,5.0,1.0,2165.0,8.0,0.0,490.0,-0.4,2.0
BL027,Diazinon,5.0,5.0,2.0,2470.0,32.0,0.0,255.0,-1.4,2.0
BL027,Diazinon,5.0,5.0,3.0,2700.0,20.0,0.0,0.0,-0.8,2.0
BL027,Diazinon,5.0,5.0,4.0,58695.0,364.0,1.0,0.0,-2.6,2.0
BL027,Diazinon,0.5,5.0,1.0,2207.5,6.0,0.0,635.0,0.0,1.0
BL027,Diazinon,0.5,5.0,2.0,2490.0,19.0,0.0,0.0,-2.2,1.0
BL027,Diazinon,0.5,5.0,3.0,4330.0,30.0,0.0,0.0,-0.6,2.0
BL027,Diazinon,0.5,5.0,4.0,1399802.5,5080.0,34.0,520.0,3.6,34.0
BL027,Diazinon,0.05,5.0,1.0,2370.0,6.0,0.0,880.0,-0.2,1.0
BL027,Diazinon,0.05,5.0,2.0,2620.0,12.0,0.0,0.0,-1.2,0.0
BL027,Diazinon,0.05,5.0,3.0,7682.5,54.0,0.0,0.0,-1.6,3.0
BL027,Diazinon,0.05,5.0,4.0,1496465.0,3329.0,64.0,570.0,-2.2,320.0
BL027,Trimethoprim,500.0,1.0,1.0,200125.0,564.0,0.0,1140.0,-1.4,149.0
BL027,Trimethoprim,500.0,1.0,2.0,245850.0,358.0,1.0,1205.0,-1.2,277.0
BL027,Trimethoprim,500.0,1.0,3.0,148067.5,444.0,40.0,0.0,-8.8,81.0
BL027,Trimethoprim,500.0,1.0,4.0,127516207.5,123372.0,9464.0,765.0,103.4,64589.0
BL027,Trimethoprim,50.0,1.0,1.0,3045.0,21.0,0.0,0.0,-2.0,11.0
BL027,Trimethoprim,50.0,1.0,2.0,9955.0,147.0,0.0,0.0,-7.6,1.0
BL027,Trimethoprim,50.0,1.0,3.0,561800.0,961.0,125.0,0.0,-32.2,499.0
BL027,Trimethoprim,50.0,1.0,4.0,3673082.5,13546.0,25.0,30.0,150.4,40.0
BL027,Trimethoprim,5.0,1.0,1.0,2360.0,33.0,0.0,0.0,-3.2,1.0
BL027,Trimethoprim,5.0,1.0,2.0,12680.0,260.0,0.0,0.0,-11.6,2.0
BL027,Trimethoprim,5.0,1.0,3.0,20825.0,358.0,0.0,0.0,-10.6,0.0
BL027,Trimethoprim,5.0,1.0,4.0,3273155.0,14064.0,31.0,20.0,267.6,34.0
BL027,Trimethoprim,0.5,1.0,1.0,3762.5,80.0,0.0,0.0,-6.6,1.0
BL027,Trimethoprim,0.5,1.0,2.0,6062.5,127.0,0.0,0.0,-5.4,0.0
BL027,Trimethoprim,0.5,1.0,3.0,17295.0,393.0,0.0,0.0,-21.6,1.0
BL027,Trimethoprim,0.5,1.0,4.0,3443410.0,14258.0,38.0,25.0,157.2,45.0
BL027,Trimethoprim,0.05,1.0,1.0,2450.0,12.0,0.0,0.0,-0.6,2.0
BL027,Trimethoprim,0.05,1.0,2.0,20200.0,593.0,0.0,0.0,-33.4,1.0
BL027,Trimethoprim,0.05,1.0,3.0,20627.5,438.0,0.0,0.0,-16.8,1.0
BL027,Trimethoprim,0.05,1.0,4.0,3212247.5,13870.0,30.0,20.0,237.0,33.0
BL027,Trimethoprim,500.0,2.0,1.0,294700.0,1155.0,2.0,1440.0,0.2,1155.0
BL027,Trimethoprim,500.0,2.0,2.0,2979375.0,9918.0,3.0,1440.0,-1.2,9918.0
BL027,Trimethoprim,500.0,2.0,3.0,120162.5,157.0,12.0,700.0,-1.0,69.0
BL027,Trimethoprim,500.0,2.0,4.0,77696860.0,80588.0,6006.0,605.0,2.2,27941.0
BL027,Trimethoprim,50.0,2.0,1.0,4460.0,7.0,1.0,905.0,0.2,2.0
BL027,Trimethoprim,50.0,2.0,2.0,5370.0,7.0,1.0,5.0,0.6,2.0
BL027,Trimethoprim,50.0,2.0,3.0,496862.5,506.0,104.0,610.0,-2.2,296.0
BL027,Trimethoprim,50.0,2.0,4.0,20442112.5,43382.0,3017.0,130.0,-5.4,3032.0
BL027,Trimethoprim,5.0,2.0,1.0,3465.0,6.0,0.0,0.0,-0.6,2.0
BL027,Trimethoprim,5.0,2.0,2.0,4742.5,16.0,1.0,215.0,-0.8,2.0
BL027,Trimethoprim,5.0,2.0,3.0,24475.0,38.0,7.0,0.0,-2.8,14.0
BL027,Trimethoprim,5.0,2.0,4.0,18753962.5,24053.0,767.0,635.0,-43.0,885.0
BL027,Trimethoprim,0.5,2.0,1.0,3845.0,6.0,1.0,65.0,0.0,3.0
BL027,Trimethoprim,0.5,2.0,2.0,4782.5,10.0,1.0,775.0,-0.4,2.0
BL027,Trimethoprim,0.5,2.0,3.0,1204775.0,1276.0,166.0,1065.0,-7.8,619.0
BL027,Trimethoprim,0.5,2.0,4.0,16184190.0,26402.0,2522.0,565.0,-23.4,2609.0
BL027,Trimethoprim,0.05,2.0,1.0,6382.5,12.0,1.0,100.0,-0.6,3.0
BL027,Trimethoprim,0.05,2.0,2.0,7885.0,26.0,2.0,135.0,-0.8,3.0
BL027,Trimethoprim,0.05,2.0,3.0,12340.0,19.0,2.0,0.0,-0.6,5.0
BL027,Trimethoprim,0.05,2.0,4.0,13983930.0,18123.0,732.0,945.0,-7.0,1091.0
BL027,Trimethoprim,500.0,3.0,1.0,8395.0,18.0,0.0,405.0,-0.2,2.0
BL027,Trimethoprim,500.0,3.0,2.0,9512.5,19.0,1.0,370.0,-1.2,5.0
BL027,Trimethoprim,500.0,3.0,3.0,11817.5,15.0,1.0,365.0,-0.4,6.0
BL027,Trimethoprim,500.0,3.0,4.0,20359745.0,21428.0,243.0,695.0,2.8,8935.0
BL027,Trimethoprim,50.0,3.0,1.0,2705.0,6.0,0.0,605.0,-0.2,2.0
BL027,Trimethoprim,50.0,3.0,2.0,3455.0,13.0,0.0,0.0,-1.8,1.0
BL027,Trimethoprim,50.0,3.0,3.0,7577.5,11.0,2.0,150.0,-0.4,3.0
BL027,Trimethoprim,50.0,3.0,4.0,21004205.0,34474.0,415.0,145.0,14.2,8811.0
BL027,Trimethoprim,5.0,3.0,1.0,2710.0,6.0,0.0,655.0,-0.2,3.0
BL027,Trimethoprim,5.0,3.0,2.0,3525.0,13.0,0.0,0.0,-0.6,3.0
BL027,Trimethoprim,5.0,3.0,3.0,7357.5,18.0,1.0,380.0,-2.0,6.0
BL027,Trimethoprim,5.0,3.0,4.0,17469492.5,26539.0,315.0,155.0,13.8,7124.0
BL027,Trimethoprim,0.5,3.0,1.0,2737.5,5.0,0.0,975.0,0.0,2.0
BL027,Trimethoprim,0.5,3.0,2.0,3847.5,6.0,0.0,705.0,0.0,2.0
BL027,Trimethoprim,0.5,3.0,3.0,8052.5,12.0,0.0,755.0,0.2,2.0
BL027,Trimethoprim,0.5,3.0,4.0,19891967.5,31421.0,372.0,145.0,10.8,8273.0
BL027,Trimethoprim,0.05,3.0,1.0,6835.0,10.0,1.0,1110.0,0.0,5.0
BL027,Trimethoprim,0.05,3.0,2.0,12400.0,26.0,1.0,755.0,-0.8,6.0
BL027,Trimethoprim,0.05,3.0,3.0,25767.5,42.0,1.0,750.0,-0.6,16.0
BL027,Trimethoprim,0.05,3.0,4.0,12377882.5,15764.0,189.0,395.0,2.0,5110.0
BL027,Trimethoprim,500.0,4.0,1.0,179585.0,783.0,2.0,1440.0,-0.2,783.0
BL027,Trimethoprim,500.0,4.0,2.0,1829507.5,6804.0,2.0,1440.0,0.2,6804.0
BL027,Trimethoprim,500.0,4.0,3.0,1688285.0,2536.0,24.0,1440.0,-3.0,2536.0
BL027,Trimethoprim,500.0,4.0,4.0,40022832.5,42261.0,363.0,1435.0,18.4,42246.0
BL027,Trimethoprim,50.0,4.0,1.0,14285.0,108.0,1.0,1440.0,0.6,108.0
BL027,Trimethoprim,50.0,4.0,2.0,155785.0,865.0,3.0,1440.0,-0.2,865.0
BL027,Trimethoprim,50.0,4.0,3.0,9817.5,24.0,2.0,10.0,0.0,6.0
BL027,Trimethoprim,50.0,4.0,4.0,7239492.5,13304.0,376.0,235.0,24.0,2553.0
BL027,Trimethoprim,5.0,4.0,1.0,20210.0,178.0,1.0,1435.0,-0.2,163.0
BL027,Trimethoprim,5.0,4.0,2.0,4257.5,16.0,0.0,0.0,-1.2,3.0
BL027,Trimethoprim,5.0,4.0,3.0,10967.5,28.0,2.0,5.0,0.4,7.0
BL027,Trimethoprim,5.0,4.0,4.0,5752.5,9.0,1.0,795.0,0.2,2.0
BL027,Trimethoprim,0.5,4.0,1.0,3570.0,14.0,0.0,1435.0,-0.6,2.0
BL027,Trimethoprim,0.5,4.0,2.0,4495.0,19.0,0.0,145.0,0.2,2.0
BL027,Trimethoprim,0.5,4.0,3.0,6275.0,19.0,1.0,0.0,-1.8,5.0
BL027,Trimethoprim,0.5,4.0,4.0,9031827.5,11558.0,415.0,1440.0,27.2,11558.0
BL027,Trimethoprim,0.05,4.0,1.0,4365.0,10.0,1.0,125.0,0.0,3.0
BL027,Trimethoprim,0.05,4.0,2.0,99205.0,155.0,24.0,225.0,-1.0,57.0
BL027,Trimethoprim,0.05,4.0,3.0,5780.0,9.0,1.0,650.0,-0.2,1.0
BL027,Trimethoprim,0.05,4.0,4.0,7402.5,18.0,2.0,0.0,-1.0,5.0
BL027,Trimethoprim,500.0,5.0,1.0,3646597.5,8512.0,3.0,1260.0,-0.6,7685.0
BL027,Trimethoprim,500.0,5.0,2.0,4166690.0,7987.0,6.0,1440.0,-0.2,7987.0
BL027,Trimethoprim,500.0,5.0,3.0,2277717.5,3194.0,52.0,1080.0,-4.4,3006.0
BL027,Trimethoprim,500.0,5.0,4.0,30457662.5,31225.0,3271.0,815.0,11.8,21950.0
BL027,Trimethoprim,50.0,5.0,1.0,274842.5,678.0,2.0,1245.0,-0.4,625.0
BL027,Trimethoprim,50.0,5.0,2.0,44332.5,98.0,2.0,0.0,-3.6,79.0
BL027,Trimethoprim,50.0,5.0,3.0,53967.5,172.0,5.0,0.0,-1.2,13.0
BL027,Trimethoprim,50.0,5.0,4.0,10136612.5,13582.0,1462.0,235.0,0.6,1488.0
BL027,Trimethoprim,5.0,5.0,1.0,125320.0,360.0,1.0,1260.0,-0.2,260.0
BL027,Trimethoprim,5.0,5.0,2.0,80522.5,155.0,3.0,1210.0,-3.0,67.0
BL027,Trimethoprim,5.0,5.0,3.0,22837.5,97.0,4.0,10.0,1.0,5.0
BL027,Trimethoprim,5.0,5.0,4.0,7095640.0,7293.0,1225.0,1175.0,52.8,5021.0
BL027,Trimethoprim,0.5,5.0,1.0,3570.0,6.0,0.0,210.0,0.0,1.0
BL027,Trimethoprim,0.5,5.0,2.0,6720.0,36.0,1.0,0.0,-1.8,10.0
BL027,Trimethoprim,0.5,5.0,3.0,818335.0,1333.0,205.0,135.0,-1.0,217.0
BL027,Trimethoprim,0.5,5.0,4.0,8053440.0,9635.0,1871.0,805.0,48.4,4294.0
BL027,Trimethoprim,0.05,5.0,1.0,6392.5,25.0,1.0,645.0,0.4,2.0
BL027,Trimethoprim,0.05,5.0,2.0,11525.0,44.0,1.0,0.0,-1.6,10.0
BL027,Trimethoprim,0.05,5.0,3.0,6653657.5,7414.0,888.0,1030.0,65.4,2442.0
BL027,Trimethoprim,0.05,5.0,4.0,6117790.0,6520.0,1409.0,1200.0,54.4,4142.0
BL029,Trimethoprim,50.0,1.0,1.0,9170.57125,97.2,0.0,235.0,-1.5755,2.0
BL029,Trimethoprim,50.0,1.0,2.0,22262.09375,235.2345,0.0,0.0,-13.184199999999999,3.0
BL029,Trimethoprim,50.0,1.0,3.0,211343.97875,1160.7465,15.0,0.0,-44.2838,25.0
BL029,Trimethoprim,5.0,1.0,1.0,3510.86875,11.7505,1.0,0.0,-1.1845,1.0
BL029,Trimethoprim,5.0,1.0,2.0,12424.805,193.249,1.0,0.0,-13.0879,2.0
BL029,Trimethoprim,5.0,1.0,3.0,656731.31,3361.243,57.0,0.0,-110.98000000000002,78.0
BL029,Trimethoprim,0.5,1.0,1.0,4149.8325,6.4655000000000005,0.0,225.0,-0.18629999999999997,4.0
BL029,Trimethoprim,0.5,1.0,2.0,5011.115,8.117,1.0,85.0,-0.28569999999999995,2.0
BL029,Trimethoprim,0.5,1.0,3.0,14894.08,129.761,2.0,0.0,-6.7841999999999985,4.0
BL029,Trimethoprim,0.05,1.0,1.0,10945.01875,15.8625,3.0,130.0,-0.28309999999999996,9.0
BL029,Trimethoprim,0.05,1.0,2.0,42276.125,647.784,2.0,0.0,-40.486000000000004,3.0
BL029,Trimethoprim,0.05,1.0,3.0,22182249.1775,40550.5645,6167.0,75.0,302.32130000000035,6167.0
BL029,Trimethoprim,0.005,1.0,1.0,1089.6475,8.415,1.488,235.0,0.04159999999999999,8.415
BL029,Trimethoprim,0.005,1.0,2.0,1114.885,8.617,1.551,235.0,0.023399999999999997,8.617
BL029,Trimethoprim,0.005,1.0,3.0,1119.445,8.81,1.572,235.0,0.023199999999999978,8.81
BL029,Metaldehyde,500.0,1.0,1.0,37495782.5,35796.0,12049.0,260.0,-10.8,32398.0
BL029,Metaldehyde,500.0,1.0,2.0,39190562.5,38094.0,11411.0,280.0,-52.0,33894.0
BL029,Metaldehyde,500.0,1.0,3.0,35325585.0,37227.0,12020.0,270.0,43.2,29398.0
BL029,Metaldehyde,500.0,1.0,4.0,32396825.0,35436.0,10954.0,265.0,-41.6,19858.0
BL029,Metaldehyde,50.0,1.0,1.0,37246280.0,34145.0,11027.0,1440.0,92.8,34145.0
BL029,Metaldehyde,50.0,1.0,2.0,35297330.0,36785.0,12448.0,245.0,43.6,36330.0
BL029,Metaldehyde,50.0,1.0,3.0,35697372.5,37396.0,12668.0,240.0,9.2,35971.0
BL029,Metaldehyde,50.0,1.0,4.0,41239837.5,46136.0,12482.0,255.0,27.0,32227.0
BL029,Metaldehyde,5.0,1.0,1.0,32729165.0,33750.0,11883.0,260.0,47.4,31411.0
BL029,Metaldehyde,5.0,1.0,2.0,35517680.0,39312.0,12416.0,240.0,59.2,36278.0
BL029,Metaldehyde,5.0,1.0,3.0,40017832.5,42900.0,12702.0,260.0,7.4,32715.0
BL029,Metaldehyde,5.0,1.0,4.0,42847180.0,49012.0,12326.0,260.0,29.8,32446.0
BL029,Metaldehyde,0.5,1.0,1.0,36803765.0,37805.0,11763.0,275.0,75.8,30965.0
BL029,Metaldehyde,0.5,1.0,2.0,37565905.0,38993.0,12065.0,270.0,70.8,31983.0
BL029,Metaldehyde,0.5,1.0,3.0,36708407.5,41945.0,12492.0,260.0,34.4,29021.0
BL029,Metaldehyde,0.5,1.0,4.0,38639790.0,47990.0,12732.0,255.0,2.6,28286.0
BL029,Metaldehyde,0.05,1.0,1.0,31535907.5,35017.0,11945.0,240.0,71.8,12300.0
BL029,Metaldehyde,0.05,1.0,2.0,35834530.0,39433.0,12332.0,265.0,36.4,29186.0
BL029,Metaldehyde,0.05,1.0,3.0,36474030.0,40840.0,12542.0,255.0,42.2,29078.0
BL029,Metaldehyde,0.05,1.0,4.0,35228492.5,41256.0,12677.0,250.0,22.4,27719.0
BL029,Metaldehyde,500.0,2.0,1.0,4855682.5,9742.0,401.0,1240.0,-17.6,6729.0
BL029,Metaldehyde,500.0,2.0,2.0,4351307.5,7694.0,427.0,1170.0,-4.6,5190.0
BL029,Metaldehyde,500.0,2.0,3.0,4469757.5,8044.0,446.0,1185.0,-12.2,5354.0
BL029,Metaldehyde,500.0,2.0,4.0,4442155.0,8319.0,470.0,1140.0,5.6,4794.0
BL029,Metaldehyde,50.0,2.0,1.0,4606870.0,8586.0,354.0,1150.0,-22.2,5243.0
BL029,Metaldehyde,50.0,2.0,2.0,5011365.0,9693.0,409.0,1125.0,-6.8,5225.0
BL029,Metaldehyde,50.0,2.0,3.0,5570827.5,10607.0,417.0,1145.0,-7.8,5799.0
BL029,Metaldehyde,50.0,2.0,4.0,5423685.0,9598.0,488.0,1420.0,10.0,9482.0
BL029,Metaldehyde,5.0,2.0,1.0,4297157.5,7686.0,338.0,1180.0,-22.4,5499.0
BL029,Metaldehyde,5.0,2.0,2.0,5042862.5,9310.0,388.0,1145.0,-9.4,5314.0
BL029,Metaldehyde,5.0,2.0,3.0,5410227.5,9849.0,407.0,1440.0,-1.0,9849.0
BL029,Metaldehyde,5.0,2.0,4.0,5069677.5,8489.0,461.0,1425.0,4.6,8474.0
BL029,Metaldehyde,0.5,2.0,1.0,4553092.5,8363.0,350.0,1145.0,-13.8,5406.0
BL029,Metaldehyde,0.5,2.0,2.0,5225765.0,9287.0,402.0,1440.0,-8.0,9287.0
BL029,Metaldehyde,0.5,2.0,3.0,4893420.0,7633.0,438.0,1390.0,1.2,7538.0
BL029,Metaldehyde,0.5,2.0,4.0,5341072.5,9156.0,461.0,1440.0,6.6,9156.0
BL029,Metaldehyde,0.05,2.0,1.0,6253837.5,14584.0,365.0,1440.0,-14.6,14584.0
BL029,Metaldehyde,0.05,2.0,2.0,5271665.0,9633.0,370.0,1435.0,-11.0,9597.0
BL029,Metaldehyde,0.05,2.0,3.0,5212535.0,9097.0,393.0,1440.0,-4.4,9097.0
BL029,Metaldehyde,0.05,2.0,4.0,4788360.0,7929.0,449.0,1440.0,0.6,7929.0
BL029,Metaldehyde,500.0,3.0,1.0,14038182.5,39636.0,351.0,1440.0,11.4,39636.0
BL029,Metaldehyde,500.0,3.0,2.0,5165337.5,6048.0,361.0,880.0,6.6,2436.0
BL029,Metaldehyde,500.0,3.0,3.0,5342735.0,6318.0,359.0,870.0,10.2,2475.0
BL029,Metaldehyde,500.0,3.0,4.0,5729180.0,7063.0,369.0,840.0,12.2,2253.0
BL029,Metaldehyde,50.0,3.0,1.0,5001955.0,5032.0,374.0,1000.0,16.6,4264.0
BL029,Metaldehyde,50.0,3.0,2.0,5274000.0,5355.0,399.0,980.0,10.6,4425.0
BL029,Metaldehyde,50.0,3.0,3.0,5401610.0,5557.0,403.0,945.0,7.4,4481.0
BL029,Metaldehyde,50.0,3.0,4.0,5698630.0,5543.0,397.0,1070.0,11.2,4919.0
BL029,Metaldehyde,5.0,3.0,1.0,4549497.5,4468.0,378.0,1100.0,16.8,4379.0
BL029,Metaldehyde,5.0,3.0,2.0,5176430.0,5107.0,387.0,1090.0,4.6,4745.0
BL029,Metaldehyde,5.0,3.0,3.0,5374857.5,5466.0,411.0,1005.0,2.6,4638.0
BL029,Metaldehyde,5.0,3.0,4.0,13109477.5,37579.0,395.0,1435.0,12.4,37426.0
BL029,Metaldehyde,0.5,3.0,1.0,4507147.5,4680.0,393.0,1440.0,10.2,4680.0
BL029,Metaldehyde,0.5,3.0,2.0,5294455.0,5542.0,385.0,995.0,17.0,4267.0
BL029,Metaldehyde,0.5,3.0,3.0,5448840.0,5624.0,390.0,1105.0,11.2,4770.0
BL029,Metaldehyde,0.5,3.0,4.0,11975537.5,36609.0,376.0,1440.0,5.0,36609.0
BL029,Metaldehyde,0.05,3.0,1.0,4543105.0,4617.0,368.0,1430.0,15.8,4588.0
BL029,Metaldehyde,0.05,3.0,2.0,5082155.0,5174.0,361.0,1105.0,13.6,4659.0
BL029,Metaldehyde,0.05,3.0,3.0,10285332.5,32883.0,368.0,1435.0,10.2,32671.0
BL029,Metaldehyde,0.05,3.0,4.0,11961287.5,36567.0,399.0,1435.0,7.4,36466.0
BL29,Metaldehyde,500.0,4.0,1.0,14629310.0,43159.0,1141.0,1440.0,-5.6,43159.0
BL29,Metaldehyde,500.0,4.0,2.0,7221792.5,8863.0,1190.0,1440.0,3.4,8863.0
BL29,Metaldehyde,500.0,4.0,3.0,6955357.5,8341.0,1162.0,1435.0,-1.8,8314.0
BL29,Metaldehyde,500.0,4.0,4.0,7542752.5,8331.0,1142.0,1440.0,26.8,8331.0
BL29,Metaldehyde,50.0,4.0,1.0,1318805.0,3359.0,264.0,150.0,-5.0,666.0
BL29,Metaldehyde,50.0,4.0,2.0,6230075.0,8306.0,1162.0,1440.0,-1.6,8306.0
BL29,Metaldehyde,50.0,4.0,3.0,5919630.0,7378.0,1084.0,1440.0,0.0,7378.0
BL29,Metaldehyde,50.0,4.0,4.0,7234020.0,8655.0,1217.0,1440.0,18.6,8655.0
BL29,Metaldehyde,5.0,4.0,1.0,5402857.5,6309.0,1178.0,1440.0,-2.4,6309.0
BL29,Metaldehyde,5.0,4.0,2.0,6071427.5,7441.0,1177.0,1440.0,-22.2,7441.0
BL29,Metaldehyde,5.0,4.0,3.0,11628910.0,38585.0,1152.0,1440.0,-3.8,38585.0
BL29,Metaldehyde,5.0,4.0,4.0,13932097.5,46532.0,1155.0,1440.0,25.8,46532.0
BL29,Metaldehyde,0.5,4.0,1.0,5588165.0,6972.0,1218.0,1440.0,-4.4,6972.0
BL29,Metaldehyde,0.5,4.0,2.0,5935500.0,8014.0,1133.0,1120.0,-9.6,1133.0
BL29,Metaldehyde,0.5,4.0,3.0,11887630.0,36570.0,1189.0,1440.0,-11.0,36570.0
BL29,Metaldehyde,0.5,4.0,4.0,11450815.0,37380.0,1238.0,1440.0,15.0,37380.0
BL29,Metaldehyde,0.05,4.0,1.0,5047020.0,6895.0,1113.0,1440.0,-5.6,6895.0
BL29,Metaldehyde,0.05,4.0,2.0,5771957.5,7383.0,1164.0,1440.0,-17.2,7383.0
BL29,Metaldehyde,0.05,4.0,3.0,10649687.5,34699.0,1201.0,1440.0,-86.6,34699.0
BL29,Metaldehyde,0.05,4.0,4.0,11525027.5,38148.0,1147.0,1440.0,18.6,38148.0
BL029,Metaldehyde,500.0,5.0,1.0,5920497.5,10120.0,647.0,1440.0,5.6,10120.0
BL029,Metaldehyde,500.0,5.0,2.0,6620062.5,10407.0,658.0,1440.0,6.4,10407.0
BL029,Metaldehyde,500.0,5.0,3.0,6635727.5,9012.0,687.0,1375.0,8.4,3208.0
BL029,Metaldehyde,500.0,5.0,4.0,7442545.0,9519.0,673.0,1375.0,9.6,3553.0
BL029,Metaldehyde,50.0,5.0,1.0,4895155.0,9321.0,663.0,1435.0,1.8,9237.0
BL029,Metaldehyde,50.0,5.0,2.0,5713110.0,9440.0,658.0,1440.0,1.6,9440.0
BL029,Metaldehyde,50.0,5.0,3.0,5775585.0,9836.0,691.0,1435.0,-5.0,9776.0
BL029,Metaldehyde,50.0,5.0,4.0,6011070.0,9548.0,682.0,1440.0,15.6,9548.0
BL029,Metaldehyde,5.0,5.0,1.0,4932707.5,9775.0,678.0,1440.0,-9.2,9775.0
BL029,Metaldehyde,5.0,5.0,2.0,4935627.5,8606.0,670.0,1435.0,1.2,8575.0
BL029,Metaldehyde,5.0,5.0,3.0,5470265.0,9462.0,624.0,1435.0,3.0,9460.0
BL029,Metaldehyde,5.0,5.0,4.0,11572172.5,36998.0,637.0,1440.0,9.6,36998.0
BL029,Metaldehyde,0.5,5.0,1.0,5151042.5,8820.0,709.0,1440.0,-6.4,8820.0
BL029,Metaldehyde,0.5,5.0,2.0,4924472.5,8760.0,647.0,1440.0,-31.2,8760.0
BL029,Metaldehyde,0.5,5.0,3.0,10825225.0,34785.0,677.0,1440.0,9.2,34785.0
BL029,Metaldehyde,0.5,5.0,4.0,12095940.0,37490.0,684.0,1440.0,8.2,37490.0
BL029,Metaldehyde,0.05,5.0,1.0,4793730.0,8897.0,679.0,1440.0,-11.6,8897.0
BL029,Metaldehyde,0.05,5.0,2.0,10821820.0,33565.0,659.0,1440.0,-5.2,33565.0
BL029,Metaldehyde,0.05,5.0,3.0,10825142.5,33875.0,641.0,1440.0,-2.6,33875.0
BL029,Metaldehyde,0.05,5.0,4.0,11737492.5,35825.0,612.0,1440.0,16.0,35825.0
BL029,Boric Acid,500.0,1.0,1.0,8430995.0,22607.0,1071.0,225.0,101.8,1437.0
BL029,Boric Acid,500.0,1.0,2.0,10113230.0,26948.0,1741.0,225.0,112.4,2078.0
BL029,Boric Acid,500.0,1.0,3.0,9525132.5,26325.0,561.0,225.0,125.4,892.0
BL029,Boric Acid,500.0,1.0,4.0,10802642.5,28144.0,2281.0,225.0,100.2,3442.0
BL029,Boric Acid,50.0,1.0,1.0,9155510.0,22492.0,1543.0,225.0,116.0,1855.0
BL029,Boric Acid,50.0,1.0,2.0,8997627.5,23429.0,816.0,225.0,132.8,1337.0
BL029,Boric Acid,50.0,1.0,3.0,10378627.5,25940.0,2253.0,225.0,149.2,2575.0
BL029,Boric Acid,50.0,1.0,4.0,9664830.0,27716.0,1261.0,230.0,114.8,1801.0
BL029,Boric Acid,5.0,1.0,1.0,8937820.0,22572.0,1233.0,220.0,115.6,1696.0
BL029,Boric Acid,5.0,1.0,2.0,9557720.0,24609.0,1719.0,230.0,134.8,2313.0
BL029,Boric Acid,5.0,1.0,3.0,9958970.0,25927.0,1222.0,225.0,123.8,1614.0
BL029,Boric Acid,5.0,1.0,4.0,9556990.0,25713.0,1370.0,225.0,119.8,1807.0
BL029,Boric Acid,0.5,1.0,1.0,8814895.0,21649.0,2153.0,225.0,108.4,2376.0
BL029,Boric Acid,0.5,1.0,2.0,9722870.0,24179.0,2194.0,220.0,128.4,3248.0
BL029,Boric Acid,0.5,1.0,3.0,10075205.0,24779.0,1790.0,225.0,132.6,2216.0
BL029,Boric Acid,0.5,1.0,4.0,10040620.0,27338.0,821.0,230.0,113.2,1248.0
BL029,Boric Acid,0.05,1.0,1.0,9147162.5,23625.0,764.0,230.0,122.0,1481.0
BL029,Boric Acid,0.05,1.0,2.0,9225377.5,23911.0,636.0,220.0,146.8,1224.0
BL029,Boric Acid,0.05,1.0,3.0,9059512.5,25199.0,844.0,230.0,120.8,1276.0
BL029,Boric Acid,0.05,1.0,4.0,11271445.0,29389.0,1742.0,230.0,148.2,1877.0
BL029,Boric Acid,500.0,2.0,1.0,23965895.0,92907.0,972.0,70.0,792.8,972.0
BL029,Boric Acid,500.0,2.0,2.0,25055640.0,96246.0,1211.0,75.0,968.4,1211.0
BL029,Boric Acid,500.0,2.0,3.0,18618730.0,91069.0,19.0,70.0,1129.8,20.0
BL029,Boric Acid,500.0,2.0,4.0,18687447.5,97635.0,22.0,70.0,1073.6,31.0
BL029,Boric Acid,50.0,2.0,1.0,22466997.5,88350.0,780.0,70.0,771.2,780.0
BL029,Boric Acid,50.0,2.0,2.0,22176435.0,91699.0,844.0,75.0,977.2,844.0
BL029,Boric Acid,50.0,2.0,3.0,21870985.0,91649.0,746.0,75.0,939.0,746.0
BL029,Boric Acid,50.0,2.0,4.0,17941900.0,90566.0,13.0,70.0,1173.4,20.0
BL029,Boric Acid,5.0,2.0,1.0,22227092.5,84091.0,1164.0,75.0,607.8,1175.0
BL029,Boric Acid,5.0,2.0,2.0,22371305.0,90900.0,1090.0,75.0,846.2,1090.0
BL029,Boric Acid,5.0,2.0,3.0,22620457.5,92123.0,1039.0,75.0,854.0,1039.0
BL029,Boric Acid,5.0,2.0,4.0,23604140.0,95669.0,54.0,75.0,1109.6,61.0
BL029,Boric Acid,0.5,2.0,1.0,21550407.5,77389.0,1364.0,75.0,876.4,1396.0
BL029,Boric Acid,0.5,2.0,2.0,22786635.0,88142.0,1282.0,75.0,1001.8,1282.0
BL029,Boric Acid,0.5,2.0,3.0,22852562.5,92979.0,1079.0,75.0,1133.2,1079.0
BL029,Boric Acid,0.5,2.0,4.0,23509295.0,94279.0,1077.0,75.0,1018.6,1077.0
BL029,Boric Acid,0.05,2.0,1.0,20435917.5,70071.0,1254.0,75.0,502.2,1300.0
BL029,Boric Acid,0.05,2.0,2.0,22167382.5,83984.0,1349.0,75.0,667.2,1349.0
BL029,Boric Acid,0.05,2.0,3.0,23142300.0,90502.0,981.0,75.0,919.0,981.0
BL029,Boric Acid,0.05,2.0,4.0,23974317.5,94413.0,1424.0,75.0,1192.6,1424.0
BL029,Boric Acid,500.0,3.0,1.0,6234842.5,14261.0,1426.0,385.0,56.4,2307.0
BL029,Boric Acid,500.0,3.0,2.0,7961555.0,27554.0,777.0,380.0,63.4,2583.0
BL029,Boric Acid,500.0,3.0,3.0,7540880.0,24781.0,840.0,360.0,68.6,3524.0
BL029,Boric Acid,500.0,3.0,4.0,7249715.0,16778.0,1370.0,365.0,75.4,3144.0
BL029,Boric Acid,50.0,3.0,1.0,7309075.0,23099.0,904.0,360.0,64.2,3379.0
BL029,Boric Acid,50.0,3.0,2.0,7372405.0,17642.0,1182.0,395.0,52.8,3422.0
BL029,Boric Acid,50.0,3.0,3.0,7366570.0,17672.0,1159.0,380.0,56.8,3531.0
BL029,Boric Acid,50.0,3.0,4.0,7700495.0,18498.0,1227.0,390.0,60.8,3635.0
BL029,Boric Acid,5.0,3.0,1.0,7626087.5,24558.0,908.0,375.0,57.2,3337.0
BL029,Boric Acid,5.0,3.0,2.0,7813072.5,18886.0,1132.0,410.0,42.4,3073.0
BL029,Boric Acid,5.0,3.0,3.0,7756155.0,18694.0,1155.0,390.0,44.0,3467.0
BL029,Boric Acid,5.0,3.0,4.0,7751647.5,18762.0,1194.0,375.0,56.8,3761.0
BL029,Boric Acid,0.5,3.0,1.0,7815820.0,25491.0,900.0,380.0,50.6,2939.0
BL029,Boric Acid,0.5,3.0,2.0,8196280.0,26939.0,910.0,385.0,52.6,2990.0
BL029,Boric Acid,0.5,3.0,3.0,7723142.5,18927.0,1182.0,380.0,44.6,3443.0
BL029,Boric Acid,0.5,3.0,4.0,7971962.5,19625.0,1208.0,395.0,50.2,3557.0
BL029,Boric Acid,0.05,3.0,1.0,7869757.5,25288.0,975.0,360.0,53.6,2872.0
BL029,Boric Acid,0.05,3.0,2.0,8589740.0,28746.0,903.0,380.0,52.2,2660.0
BL029,Boric Acid,0.05,3.0,3.0,7609257.5,18454.0,1142.0,395.0,49.4,3287.0
BL029,Boric Acid,0.05,3.0,4.0,7982497.5,19207.0,1168.0,395.0,55.4,3727.0
BL029,Boric Acid,500.0,4.0,1.0,25808112.5,64153.0,38.0,800.0,1.8,10281.0
BL029,Boric Acid,500.0,4.0,2.0,38763897.5,77398.0,44.0,990.0,0.6,43167.0
BL029,Boric Acid,500.0,4.0,3.0,39761747.5,78669.0,49.0,990.0,-0.6,46187.0
BL029,Boric Acid,500.0,4.0,4.0,32389660.0,71324.0,37.0,810.0,2.8,27003.0
BL029,Boric Acid,50.0,4.0,1.0,25412442.5,56538.0,33.0,835.0,3.4,19396.0
BL029,Boric Acid,50.0,4.0,2.0,38549495.0,79957.0,41.0,1045.0,2.2,56107.0
BL029,Boric Acid,50.0,4.0,3.0,40323800.0,80693.0,43.0,1050.0,0.6,60885.0
BL029,Boric Acid,50.0,4.0,4.0,28851412.5,68522.0,32.0,845.0,3.2,21191.0
BL029,Boric Acid,5.0,4.0,1.0,34261420.0,65940.0,32.0,1050.0,1.6,50736.0
BL029,Boric Acid,5.0,4.0,2.0,26041205.0,57417.0,40.0,845.0,1.0,18640.0
BL029,Boric Acid,5.0,4.0,3.0,28575002.5,66648.0,35.0,845.0,2.2,19668.0
BL029,Boric Acid,5.0,4.0,4.0,28911847.5,67397.0,34.0,845.0,3.0,21715.0
BL029,Boric Acid,0.5,4.0,1.0,36835540.0,73759.0,33.0,1050.0,1.6,50639.0
BL029,Boric Acid,0.5,4.0,2.0,35151275.0,69590.0,41.0,1045.0,1.0,49387.0
BL029,Boric Acid,0.5,4.0,3.0,26706945.0,60348.0,39.0,845.0,1.2,19603.0
BL029,Boric Acid,0.5,4.0,4.0,29119875.0,68301.0,36.0,835.0,2.4,22662.0
BL029,Boric Acid,0.05,4.0,1.0,34460402.5,66832.0,39.0,1060.0,0.2,51660.0
BL029,Boric Acid,0.05,4.0,2.0,37279965.0,73656.0,35.0,1050.0,2.0,59133.0
BL029,Boric Acid,0.05,4.0,3.0,27067690.0,61118.0,36.0,845.0,-2.4,20504.0
BL029,Boric Acid,0.05,4.0,4.0,35460237.5,76111.0,40.0,1050.0,0.0,48359.0
BL029,Boric Acid,500.0,5.0,1.0,24314645.0,28269.0,3926.0,280.0,172.4,8038.0
BL029,Boric Acid,500.0,5.0,2.0,36420327.5,47989.0,4012.0,605.0,188.0,14135.0
BL029,Boric Acid,500.0,5.0,3.0,38102310.0,49109.0,4046.0,605.0,193.4,15216.0
BL029,Boric Acid,500.0,5.0,4.0,27365477.5,28700.0,4337.0,270.0,199.4,9720.0
BL029,Boric Acid,50.0,5.0,1.0,27707920.0,29566.0,3529.0,280.0,171.0,9979.0
BL029,Boric Acid,50.0,5.0,2.0,30405087.5,31402.0,3320.0,295.0,190.6,11175.0
BL029,Boric Acid,50.0,5.0,3.0,30194697.5,32632.0,3429.0,290.0,178.8,10554.0
BL029,Boric Acid,50.0,5.0,4.0,31242590.0,32832.0,3537.0,290.0,187.4,11907.0
BL029,Boric Acid,5.0,5.0,1.0,46305297.5,53144.0,3371.0,710.0,178.0,24036.0
BL029,Boric Acid,5.0,5.0,2.0,49054067.5,57553.0,3386.0,675.0,168.6,24431.0
BL029,Boric Acid,5.0,5.0,3.0,47652582.5,56061.0,3384.0,650.0,157.4,24235.0
BL029,Boric Acid,5.0,5.0,4.0,31177007.5,32338.0,3503.0,295.0,163.4,11734.0
BL029,Boric Acid,0.5,5.0,1.0,45584400.0,52062.0,3308.0,710.0,158.2,23180.0
BL029,Boric Acid,0.5,5.0,2.0,47139580.0,53878.0,3377.0,710.0,173.6,23669.0
BL029,Boric Acid,0.5,5.0,3.0,29834225.0,31195.0,3391.0,280.0,151.4,10905.0
BL029,Boric Acid,0.5,5.0,4.0,30899097.5,31386.0,3521.0,290.0,163.6,11712.0
BL029,Boric Acid,0.05,5.0,1.0,45791455.0,51684.0,3322.0,715.0,151.2,23556.0
BL029,Boric Acid,0.05,5.0,2.0,45445085.0,51868.0,3204.0,675.0,174.0,24910.0
BL029,Boric Acid,0.05,5.0,3.0,46151185.0,48873.0,3359.0,705.0,162.8,26649.0
BL029,Boric Acid,0.05,5.0,4.0,30620610.0,32019.0,3465.0,295.0,195.4,12033.0
BL029,Diazinon,500.0,1.0,1.0,17045.0,42.0,2.0,65.0,-0.2,6.0
BL029,Diazinon,500.0,1.0,2.0,11372.5,24.0,2.0,80.0,-0.4,3.0
BL029,Diazinon,500.0,1.0,3.0,72992.5,86.0,31.0,135.0,-0.8,78.0
BL029,Diazinon,500.0,1.0,4.0,886275.0,1038.0,62.0,575.0,8.4,844.0
BL029,Diazinon,50.0,1.0,1.0,9447.5,17.0,1.0,60.0,-1.2,3.0
BL029,Diazinon,50.0,1.0,2.0,21237.5,55.0,2.0,50.0,1.0,6.0
BL029,Diazinon,50.0,1.0,3.0,42625.0,121.0,7.0,70.0,-1.6,9.0
BL029,Diazinon,50.0,1.0,4.0,830090.0,1536.0,61.0,655.0,13.8,458.0
BL029,Diazinon,5.0,1.0,1.0,9432.5,25.0,1.0,70.0,-1.0,2.0
BL029,Diazinon,5.0,1.0,2.0,19010.0,49.0,3.0,85.0,0.8,6.0
BL029,Diazinon,5.0,1.0,3.0,45517.5,116.0,8.0,80.0,2.2,10.0
BL029,Diazinon,5.0,1.0,4.0,1764467.5,3110.0,309.0,1440.0,13.0,3110.0
BL029,Diazinon,0.5,1.0,1.0,11182.5,21.0,1.0,0.0,-0.8,2.0
BL029,Diazinon,0.5,1.0,2.0,22630.0,57.0,4.0,85.0,-0.6,5.0
BL029,Diazinon,0.5,1.0,3.0,42000.0,106.0,9.0,70.0,1.6,13.0
BL029,Diazinon,0.5,1.0,4.0,633702.5,703.0,253.0,1435.0,2.8,685.0
BL029,Diazinon,0.05,1.0,1.0,12515.0,22.0,3.0,60.0,0.8,7.0
BL029,Diazinon,0.05,1.0,2.0,21365.0,49.0,5.0,95.0,-0.2,8.0
BL029,Diazinon,0.05,1.0,3.0,2064732.5,5059.0,148.0,1440.0,6.8,5059.0
BL029,Diazinon,0.05,1.0,4.0,735502.5,1281.0,180.0,1435.0,4.8,1242.0
BL029,Diazinon,500.0,2.0,1.0,13192.5,30.0,3.0,0.0,-1.2,5.0
BL029,Diazinon,500.0,2.0,2.0,42830.0,152.0,13.0,10.0,1.0,18.0
BL029,Diazinon,500.0,2.0,3.0,44022.5,165.0,14.0,25.0,6.0,28.0
BL029,Diazinon,500.0,2.0,4.0,1030507.5,1894.0,59.0,595.0,24.8,217.0
BL029,Diazinon,50.0,2.0,1.0,12867.5,43.0,2.0,0.0,-2.4,4.0
BL029,Diazinon,50.0,2.0,2.0,41967.5,156.0,14.0,15.0,3.6,23.0
BL029,Diazinon,50.0,2.0,3.0,83347.5,255.0,16.0,10.0,3.4,18.0
BL029,Diazinon,50.0,2.0,4.0,11982007.5,23143.0,372.0,1440.0,18.0,23143.0
BL029,Diazinon,5.0,2.0,1.0,16457.5,54.0,2.0,0.0,-0.8,5.0
BL029,Diazinon,5.0,2.0,2.0,48182.5,194.0,16.0,15.0,4.4,22.0
BL029,Diazinon,5.0,2.0,3.0,52525.0,219.0,13.0,15.0,8.6,19.0
BL029,Diazinon,5.0,2.0,4.0,4808877.5,8007.0,367.0,1435.0,18.2,7990.0
BL029,Diazinon,0.5,2.0,1.0,10040.0,31.0,1.0,0.0,-1.4,3.0
BL029,Diazinon,0.5,2.0,2.0,26332.5,133.0,4.0,15.0,0.4,10.0
BL029,Diazinon,0.5,2.0,3.0,3156540.0,7177.0,249.0,1440.0,13.6,7177.0
BL029,Diazinon,0.5,2.0,4.0,1160475.0,2347.0,94.0,595.0,22.8,187.0
BL029,Diazinon,0.05,2.0,1.0,16935.0,51.0,4.0,0.0,-2.0,7.0
BL029,Diazinon,0.05,2.0,2.0,26165.0,113.0,5.0,10.0,1.0,10.0
BL029,Diazinon,0.05,2.0,3.0,340847.5,314.0,168.0,655.0,9.0,197.0
BL029,Diazinon,0.05,2.0,4.0,10285665.0,15817.0,329.0,1085.0,26.0,13801.0
BL029,Diazinon,500.0,3.0,1.0,11007.5,27.0,2.0,0.0,-0.6,4.0
BL029,Diazinon,500.0,3.0,2.0,25485.0,62.0,4.0,0.0,-0.4,10.0
BL029,Diazinon,500.0,3.0,3.0,43225.0,144.0,11.0,15.0,1.4,18.0
BL029,Diazinon,500.0,3.0,4.0,904027.5,1269.0,57.0,400.0,12.6,668.0
BL029,Diazinon,50.0,3.0,1.0,16322.5,42.0,3.0,0.0,-1.4,7.0
BL029,Diazinon,50.0,3.0,2.0,27690.0,77.0,4.0,25.0,-2.2,4.0
BL029,Diazinon,50.0,3.0,3.0,45225.0,154.0,14.0,15.0,5.0,19.0
BL029,Diazinon,50.0,3.0,4.0,1257097.5,2375.0,63.0,490.0,31.6,145.0
BL029,Diazinon,5.0,3.0,1.0,18357.5,43.0,3.0,0.0,-0.4,6.0
BL029,Diazinon,5.0,3.0,2.0,29840.0,97.0,5.0,10.0,1.2,6.0
BL029,Diazinon,5.0,3.0,3.0,37517.5,134.0,9.0,15.0,2.8,15.0
BL029,Diazinon,5.0,3.0,4.0,1273322.5,2407.0,73.0,550.0,23.2,198.0
BL029,Diazinon,0.5,3.0,1.0,20150.0,47.0,4.0,0.0,-1.0,5.0
BL029,Diazinon,0.5,3.0,2.0,42147.5,150.0,12.0,15.0,3.4,19.0
BL029,Diazinon,0.5,3.0,3.0,55022.5,190.0,12.0,10.0,4.2,16.0
BL029,Diazinon,0.5,3.0,4.0,3300590.0,4872.0,499.0,1420.0,16.8,4783.0
BL029,Diazinon,0.05,3.0,1.0,16062.5,45.0,4.0,0.0,-2.6,10.0
BL029,Diazinon,0.05,3.0,2.0,28995.0,92.0,6.0,5.0,2.2,9.0
BL029,Diazinon,0.05,3.0,3.0,97597.5,199.0,32.0,10.0,2.6,194.0
BL029,Diazinon,0.05,3.0,4.0,2273070.0,3861.0,485.0,1440.0,26.6,3861.0
BL029,Diazinon,500.0,4.0,1.0,17327.5,40.0,2.0,0.0,0.0,7.0
BL029,Diazinon,500.0,4.0,2.0,43082.5,156.0,9.0,20.0,4.6,18.0
BL029,Diazinon,500.0,4.0,3.0,38425.0,144.0,8.0,30.0,5.8,16.0
BL029,Diazinon,500.0,4.0,4.0,1182820.0,2053.0,60.0,565.0,32.6,173.0
BL029,Diazinon,50.0,4.0,1.0,24040.0,70.0,1.0,0.0,0.0,6.0
BL029,Diazinon,50.0,4.0,2.0,29837.5,103.0,2.0,25.0,1.4,6.0
BL029,Diazinon,50.0,4.0,3.0,45640.0,165.0,14.0,10.0,2.6,27.0
BL029,Diazinon,50.0,4.0,4.0,1306500.0,2323.0,77.0,665.0,26.4,194.0
BL029,Diazinon,5.0,4.0,1.0,22155.0,66.0,1.0,0.0,-0.6,6.0
BL029,Diazinon,5.0,4.0,2.0,43167.5,152.0,13.0,10.0,5.6,23.0
BL029,Diazinon,5.0,4.0,3.0,54550.0,184.0,16.0,10.0,1.0,17.0
BL029,Diazinon,5.0,4.0,4.0,1397020.0,2223.0,461.0,1440.0,23.2,2223.0
BL029,Diazinon,0.5,4.0,1.0,22090.0,58.0,2.0,0.0,-0.8,6.0
BL029,Diazinon,0.5,4.0,2.0,36717.5,118.0,6.0,15.0,2.8,10.0
BL029,Diazinon,0.5,4.0,3.0,68782.5,182.0,16.0,30.0,4.4,24.0
BL029,Diazinon,0.5,4.0,4.0,1306982.5,1977.0,484.0,1440.0,21.4,1977.0
BL029,Diazinon,0.05,4.0,1.0,22482.5,55.0,5.0,0.0,-0.6,10.0
BL029,Diazinon,0.05,4.0,2.0,58685.0,168.0,19.0,10.0,1.8,29.0
BL029,Diazinon,0.05,4.0,3.0,163687.5,431.0,40.0,1430.0,5.6,431.0
BL029,Diazinon,0.05,4.0,4.0,1409187.5,2456.0,474.0,1430.0,21.0,2429.0
BL029,Diazinon,500.0,5.0,1.0,11400.0,51.0,0.0,5.0,2.0,1.0
BL029,Diazinon,500.0,5.0,2.0,12477.5,61.0,0.0,0.0,-1.6,2.0
BL029,Diazinon,500.0,5.0,3.0,18182.5,90.0,1.0,10.0,1.4,3.0
BL029,Diazinon,500.0,5.0,4.0,291925.0,865.0,53.0,1440.0,8.2,865.0
BL029,Diazinon,50.0,5.0,1.0,10162.5,30.0,0.0,30.0,1.4,3.0
BL029,Diazinon,50.0,5.0,2.0,17902.5,89.0,0.0,15.0,-1.4,5.0
BL029,Diazinon,50.0,5.0,3.0,21492.5,96.0,3.0,10.0,3.2,10.0
BL029,Diazinon,50.0,5.0,4.0,401050.0,1289.0,48.0,1440.0,4.4,1289.0
BL029,Diazinon,5.0,5.0,1.0,10840.0,35.0,0.0,10.0,0.4,5.0
BL029,Diazinon,5.0,5.0,2.0,15685.0,73.0,0.0,5.0,1.6,9.0
BL029,Diazinon,5.0,5.0,3.0,21532.5,101.0,1.0,10.0,0.4,7.0
BL029,Diazinon,5.0,5.0,4.0,105220.0,394.0,19.0,25.0,6.6,37.0
BL029,Diazinon,0.5,5.0,1.0,9295.0,31.0,0.0,5.0,1.2,7.0
BL029,Diazinon,0.5,5.0,2.0,17255.0,83.0,0.0,15.0,1.8,6.0
BL029,Diazinon,0.5,5.0,3.0,12805.0,59.0,0.0,15.0,2.6,1.0
BL029,Diazinon,0.5,5.0,4.0,136795.0,480.0,34.0,20.0,6.6,91.0
BL029,Diazinon,0.05,5.0,1.0,7440.0,21.0,0.0,10.0,0.2,3.0
BL029,Diazinon,0.05,5.0,2.0,15712.5,87.0,0.0,10.0,1.6,2.0
BL029,Diazinon,0.05,5.0,3.0,35155.0,101.0,10.0,10.0,2.6,10.0
BL029,Diazinon,0.05,5.0,4.0,120667.5,464.0,26.0,20.0,-0.6,51.0
BL029,Trimethoprim,500.0,1.0,1.0,2342.5,6.0,0.0,0.0,-0.6,1.0
BL029,Trimethoprim,500.0,1.0,2.0,11422.5,253.0,0.0,0.0,-17.0,0.0
BL029,Trimethoprim,500.0,1.0,3.0,5688312.5,28399.0,538.0,60.0,-327.2,569.0
BL029,Trimethoprim,500.0,1.0,4.0,27971387.5,79786.0,8473.0,70.0,966.6,8473.0
BL029,Trimethoprim,50.0,1.0,4.0,16501117.5,67744.0,2565.0,65.0,247.4,2579.0
BL029,Trimethoprim,5.0,1.0,4.0,26536170.0,86879.0,6157.0,70.0,832.2,6223.0
BL029,Trimethoprim,0.5,1.0,4.0,24374547.5,86853.0,5054.0,75.0,464.4,5114.0
BL029,Trimethoprim,0.05,1.0,4.0,27418115.0,83422.0,7339.0,70.0,942.4,7339.0
BL029,Trimethoprim,500.0,2.0,1.0,2890.0,34.0,0.0,0.0,-3.6,2.0
BL029,Trimethoprim,500.0,2.0,2.0,9285.0,203.0,0.0,0.0,-11.4,3.0
BL029,Trimethoprim,500.0,2.0,3.0,1863620.0,7428.0,410.0,40.0,-113.2,894.0
BL029,Trimethoprim,500.0,2.0,4.0,9296092.5,42774.0,1011.0,70.0,220.2,4674.0
BL029,Trimethoprim,50.0,2.0,1.0,291200.0,2286.0,29.0,0.0,-58.4,34.0
BL029,Trimethoprim,50.0,2.0,2.0,62405.0,1209.0,1.0,0.0,-64.2,3.0
BL029,Trimethoprim,50.0,2.0,3.0,7572035.0,29692.0,1138.0,80.0,184.8,3747.0
BL029,Trimethoprim,50.0,2.0,4.0,4944967.5,22148.0,695.0,70.0,30.2,2152.0
BL029,Trimethoprim,5.0,2.0,1.0,4335.0,40.0,1.0,0.0,-3.8,2.0
BL029,Trimethoprim,5.0,2.0,2.0,13140.0,308.0,0.0,0.0,-15.0,2.0
BL029,Trimethoprim,5.0,2.0,3.0,1284907.5,7247.0,241.0,0.0,-89.8,300.0
BL029,Trimethoprim,5.0,2.0,4.0,13022602.5,47264.0,1407.0,80.0,558.2,12168.0
BL029,Trimethoprim,0.5,2.0,1.0,4652.5,35.0,1.0,0.0,-2.0,4.0
BL029,Trimethoprim,0.5,2.0,2.0,15327.5,342.0,1.0,0.0,-15.4,3.0
BL029,Trimethoprim,0.5,2.0,3.0,3287930.0,13777.0,560.0,15.0,18.6,1553.0
BL029,Trimethoprim,0.5,2.0,4.0,14703530.0,49054.0,1462.0,80.0,553.4,18240.0
BL029,Trimethoprim,0.05,2.0,1.0,8950.0,44.0,1.0,0.0,-1.4,10.0
BL029,Trimethoprim,0.05,2.0,2.0,42477.5,462.0,3.0,0.0,-25.2,61.0
BL029,Trimethoprim,0.05,2.0,3.0,1412187.5,7153.0,272.0,0.0,-71.4,380.0
BL029,Trimethoprim,0.05,2.0,4.0,13405012.5,46858.0,1348.0,80.0,563.0,14183.0
BL029,Trimethoprim,500.0,3.0,1.0,2695.0,10.0,0.0,750.0,-0.2,1.0
BL029,Trimethoprim,500.0,3.0,2.0,21380.0,294.0,1.0,0.0,-11.6,46.0
BL029,Trimethoprim,500.0,3.0,3.0,237202.5,1921.0,34.0,0.0,-57.0,92.0
BL029,Trimethoprim,500.0,3.0,4.0,18934222.5,31899.0,5383.0,20.0,343.6,5383.0
BL029,Trimethoprim,50.0,3.0,1.0,3175.0,28.0,0.0,0.0,-1.0,2.0
BL029,Trimethoprim,50.0,3.0,2.0,12725.0,287.0,0.0,0.0,-10.0,1.0
BL029,Trimethoprim,50.0,3.0,3.0,217047.5,2431.0,26.0,0.0,-63.6,30.0
BL029,Trimethoprim,50.0,3.0,4.0,19710965.0,32778.0,5663.0,20.0,606.0,5663.0
BL029,Trimethoprim,5.0,3.0,1.0,3290.0,20.0,0.0,0.0,-0.8,2.0
BL029,Trimethoprim,5.0,3.0,2.0,12845.0,287.0,0.0,0.0,-10.2,1.0
BL029,Trimethoprim,5.0,3.0,3.0,378687.5,3612.0,64.0,0.0,-75.4,69.0
BL029,Trimethoprim,5.0,3.0,4.0,20548497.5,34403.0,5739.0,250.0,582.2,5739.0
BL029,Trimethoprim,0.5,3.0,1.0,5967.5,91.0,1.0,0.0,-4.0,4.0
BL029,Trimethoprim,0.5,3.0,2.0,14297.5,273.0,1.0,0.0,-5.0,2.0
BL029,Trimethoprim,0.5,3.0,3.0,2206617.5,12088.0,490.0,0.0,-93.2,513.0
BL029,Trimethoprim,0.5,3.0,4.0,21705717.5,35535.0,6306.0,250.0,627.8,6356.0
BL029,Trimethoprim,0.05,3.0,1.0,44727.5,140.0,4.0,1440.0,-2.0,140.0
BL029,Trimethoprim,0.05,3.0,2.0,23872.5,309.0,2.0,0.0,-6.4,22.0
BL029,Trimethoprim,0.05,3.0,3.0,120345.0,1869.0,11.0,0.0,-39.2,15.0
BL029,Trimethoprim,0.05,3.0,4.0,37452260.0,41485.0,13876.0,1435.0,516.0,41390.0
BL029,Trimethoprim,500.0,4.0,1.0,3095.0,34.0,0.0,0.0,-2.6,4.0
BL029,Trimethoprim,500.0,4.0,2.0,46735.0,819.0,0.0,0.0,-31.2,3.0
BL029,Trimethoprim,500.0,4.0,3.0,132592.5,1984.0,2.0,0.0,-57.4,9.0
BL029,Trimethoprim,500.0,4.0,4.0,17461797.5,33289.0,5173.0,20.0,519.8,5173.0
BL029,Trimethoprim,50.0,4.0,1.0,7110.0,141.0,0.0,0.0,-3.4,3.0
BL029,Trimethoprim,50.0,4.0,2.0,39122.5,564.0,1.0,0.0,-15.8,17.0
BL029,Trimethoprim,50.0,4.0,3.0,67770.0,1035.0,0.0,0.0,-26.4,3.0
BL029,Trimethoprim,50.0,4.0,4.0,18042817.5,34309.0,5160.0,25.0,632.6,5185.0
BL029,Trimethoprim,5.0,4.0,1.0,10997.5,80.0,1.0,0.0,-5.4,33.0
BL029,Trimethoprim,5.0,4.0,2.0,52125.0,398.0,3.0,0.0,-12.2,138.0
BL029,Trimethoprim,5.0,4.0,3.0,156682.5,1965.0,9.0,0.0,-44.2,26.0
BL029,Trimethoprim,5.0,4.0,4.0,18286392.5,31199.0,4962.0,35.0,186.4,4962.0
BL029,Trimethoprim,0.5,4.0,1.0,16932.5,80.0,1.0,0.0,-3.4,65.0
BL029,Trimethoprim,0.5,4.0,2.0,28592.5,361.0,2.0,0.0,-10.0,54.0
BL029,Trimethoprim,0.5,4.0,3.0,116462.5,1258.0,8.0,0.0,-26.2,69.0
BL029,Trimethoprim,0.5,4.0,4.0,20275677.5,30055.0,6156.0,95.0,306.6,6156.0
BL029,Trimethoprim,0.05,4.0,1.0,133655.0,277.0,7.0,1250.0,-7.2,204.0
BL029,Trimethoprim,0.05,4.0,2.0,299327.5,1029.0,35.0,0.0,-20.6,204.0
BL029,Trimethoprim,0.05,4.0,3.0,207272.5,2579.0,21.0,0.0,-52.0,30.0
BL029,Trimethoprim,0.05,4.0,4.0,9906150.0,27825.0,841.0,10.0,227.2,872.0
BL029,Trimethoprim,500.0,5.0,1.0,2427.5,27.0,0.0,0.0,-3.0,0.0
BL029,Trimethoprim,500.0,5.0,2.0,17605.0,240.0,0.0,0.0,-9.2,0.0
BL029,Trimethoprim,500.0,5.0,3.0,25820.0,288.0,0.0,0.0,-7.2,2.0
BL029,Trimethoprim,500.0,5.0,4.0,23110782.5,80310.0,1805.0,120.0,435.8,1805.0
BL029,Trimethoprim,50.0,5.0,1.0,2137.5,13.0,0.0,830.0,-1.4,0.0
BL029,Trimethoprim,50.0,5.0,2.0,13465.0,198.0,0.0,0.0,-6.0,0.0
BL029,Trimethoprim,50.0,5.0,3.0,24240.0,261.0,0.0,0.0,-6.2,3.0
BL029,Trimethoprim,50.0,5.0,4.0,16726262.5,62982.0,1501.0,120.0,358.2,1512.0
BL029,Trimethoprim,5.0,5.0,1.0,3215.0,24.0,0.0,0.0,-2.0,2.0
BL029,Trimethoprim,5.0,5.0,2.0,13452.5,199.0,0.0,0.0,-8.0,8.0
BL029,Trimethoprim,5.0,5.0,3.0,10545.0,68.0,0.0,0.0,-4.4,6.0
BL029,Trimethoprim,5.0,5.0,4.0,20707945.0,76028.0,1362.0,120.0,367.4,1362.0
BL029,Trimethoprim,0.5,5.0,1.0,9067.5,112.0,0.0,0.0,-5.6,11.0
BL029,Trimethoprim,0.5,5.0,2.0,13282.5,204.0,0.0,0.0,-5.6,5.0
BL029,Trimethoprim,0.5,5.0,3.0,7977.5,33.0,0.0,5.0,0.4,0.0
BL029,Trimethoprim,0.5,5.0,4.0,20819022.5,75949.0,1463.0,120.0,330.8,1471.0
BL029,Trimethoprim,0.05,5.0,1.0,95600.0,237.0,1.0,1440.0,0.8,237.0
BL029,Trimethoprim,0.05,5.0,2.0,47992.5,186.0,5.0,0.0,-8.2,113.0
BL029,Trimethoprim,0.05,5.0,3.0,53500.0,395.0,1.0,0.0,-8.4,5.0
BL029,Trimethoprim,0.05,5.0,4.0,11953255.0,45284.0,1572.0,120.0,191.8,1596.0
BL029,DEET,500.0,1.0,1.0,540465.0,1560.0,49.0,75.0,52.6,949.0
BL029,DEET,500.0,1.0,2.0,574515.0,1968.0,46.0,85.0,54.0,919.0
BL029,DEET,500.0,1.0,3.0,654407.5,1955.0,45.0,80.0,53.4,1145.0
BL029,DEET,500.0,1.0,4.0,670377.5,2627.0,58.0,80.0,58.4,1009.0
BL029,DEET,50.0,1.0,1.0,578995.0,1556.0,48.0,70.0,47.0,1047.0
BL029,DEET,50.0,1.0,2.0,581330.0,1965.0,40.0,80.0,49.8,1016.0
BL029,DEET,50.0,1.0,3.0,654895.0,2110.0,66.0,80.0,40.6,1199.0
BL029,DEET,50.0,1.0,4.0,677685.0,2698.0,51.0,75.0,45.2,1105.0
BL029,DEET,5.0,1.0,1.0,581382.5,1605.0,41.0,75.0,50.4,1091.0
BL029,DEET,5.0,1.0,2.0,592612.5,1891.0,47.0,80.0,36.8,1084.0
BL029,DEET,5.0,1.0,3.0,557662.5,2142.0,42.0,80.0,41.2,984.0
BL029,DEET,5.0,1.0,4.0,825792.5,2690.0,73.0,90.0,47.0,1522.0
BL029,DEET,0.5,1.0,1.0,569290.0,1594.0,47.0,70.0,42.8,1080.0
BL029,DEET,0.5,1.0,2.0,639912.5,1865.0,58.0,80.0,49.8,1129.0
BL029,DEET,0.5,1.0,3.0,704947.5,2187.0,53.0,80.0,39.4,1163.0
BL029,DEET,0.5,1.0,4.0,834565.0,2685.0,70.0,85.0,41.6,1716.0
BL029,DEET,0.05,1.0,1.0,650297.5,1611.0,88.0,75.0,52.2,1118.0
BL029,DEET,0.05,1.0,2.0,669512.5,1883.0,53.0,85.0,42.4,1057.0
BL029,DEET,0.05,1.0,3.0,819465.0,2210.0,67.0,80.0,30.8,1729.0
BL029,DEET,0.05,1.0,4.0,707092.5,2592.0,68.0,85.0,43.2,1199.0
BL029,DEET,500.0,2.0,1.0,790867.5,1789.0,111.0,205.0,4.8,533.0
BL029,DEET,500.0,2.0,2.0,1287792.5,2409.0,325.0,240.0,12.8,385.0
BL029,DEET,500.0,2.0,3.0,825215.0,2125.0,109.0,175.0,23.8,654.0
BL029,DEET,500.0,2.0,4.0,1128557.5,2769.0,161.0,230.0,59.4,703.0
BL029,DEET,50.0,2.0,1.0,1456685.0,2007.0,98.0,265.0,-1.8,138.0
BL029,DEET,50.0,2.0,2.0,1749677.5,2581.0,109.0,245.0,5.6,155.0
BL029,DEET,50.0,2.0,3.0,1812115.0,2652.0,124.0,240.0,5.8,214.0
BL029,DEET,50.0,2.0,4.0,2020002.5,2984.0,145.0,220.0,53.6,603.0
BL029,DEET,5.0,2.0,1.0,1501755.0,2045.0,126.0,275.0,-1.4,164.0
BL029,DEET,5.0,2.0,2.0,1781157.5,2513.0,118.0,250.0,0.2,203.0
BL029,DEET,5.0,2.0,3.0,2011587.5,2796.0,183.0,230.0,15.4,493.0
BL029,DEET,5.0,2.0,4.0,15461832.5,48952.0,929.0,1440.0,45.6,48952.0
BL029,DEET,0.5,2.0,1.0,1535672.5,2080.0,135.0,250.0,1.8,173.0
BL029,DEET,0.5,2.0,2.0,1806467.5,2521.0,149.0,255.0,1.8,211.0
BL029,DEET,0.5,2.0,3.0,14945110.0,48641.0,867.0,1440.0,17.4,48641.0
BL029,DEET,0.5,2.0,4.0,16399135.0,51937.0,949.0,1440.0,37.6,51937.0
BL029,DEET,0.05,2.0,1.0,1557687.5,2105.0,120.0,245.0,-11.4,171.0
BL029,DEET,0.05,2.0,2.0,1770175.0,2480.0,143.0,245.0,13.0,226.0
BL029,DEET,0.05,2.0,3.0,13478860.0,44218.0,864.0,1440.0,24.6,44218.0
BL029,DEET,0.05,2.0,4.0,16130060.0,51182.0,914.0,1440.0,50.6,51182.0
BL029,DEET,500.0,3.0,1.0,790867.5,1789.0,111.0,205.0,4.8,533.0
BL029,DEET,500.0,3.0,2.0,1287792.5,2409.0,325.0,240.0,12.8,385.0
BL029,DEET,500.0,3.0,3.0,825215.0,2125.0,109.0,175.0,23.8,654.0
BL029,DEET,500.0,3.0,4.0,1128557.5,2769.0,161.0,230.0,59.4,703.0
BL029,DEET,50.0,3.0,1.0,1456685.0,2007.0,98.0,265.0,-1.8,138.0
BL029,DEET,50.0,3.0,2.0,1749677.5,2581.0,109.0,245.0,5.6,155.0
BL029,DEET,50.0,3.0,3.0,1812115.0,2652.0,124.0,240.0,5.8,214.0
BL029,DEET,50.0,3.0,4.0,2020002.5,2984.0,145.0,220.0,53.6,603.0
BL029,DEET,5.0,3.0,1.0,1501755.0,2045.0,126.0,275.0,-1.4,164.0
BL029,DEET,5.0,3.0,2.0,1781157.5,2513.0,118.0,250.0,0.2,203.0
BL029,DEET,5.0,3.0,3.0,2011587.5,2796.0,183.0,230.0,15.4,493.0
BL029,DEET,5.0,3.0,4.0,15461832.5,48952.0,929.0,1440.0,45.6,48952.0
BL029,DEET,0.5,3.0,1.0,1535672.5,2080.0,135.0,250.0,1.8,173.0
BL029,DEET,0.5,3.0,2.0,1806467.5,2521.0,149.0,255.0,1.8,211.0
BL029,DEET,0.5,3.0,3.0,14945110.0,48641.0,867.0,1440.0,17.4,48641.0
BL029,DEET,0.5,3.0,4.0,16399135.0,51937.0,949.0,1440.0,37.6,51937.0
BL029,DEET,0.05,3.0,1.0,1557687.5,2105.0,120.0,245.0,-11.4,171.0
BL029,DEET,0.05,3.0,2.0,1770175.0,2480.0,143.0,245.0,13.0,226.0
BL029,DEET,0.05,3.0,3.0,13478860.0,44218.0,864.0,1440.0,24.6,44218.0
BL029,DEET,0.05,3.0,4.0,16130060.0,51182.0,914.0,1440.0,50.6,51182.0
BL029,DEET,500.0,4.0,1.0,1927.5,5.0,0.0,25.0,-0.4,1.0
BL029,DEET,500.0,4.0,2.0,2047.5,15.0,0.0,0.0,-1.0,0.0
BL029,DEET,500.0,4.0,3.0,2015.0,11.0,0.0,0.0,-1.6,1.0
BL029,DEET,500.0,4.0,4.0,2122.5,21.0,0.0,10.0,-1.2,1.0
BL029,DEET,50.0,4.0,1.0,1915.0,4.0,0.0,15.0,-0.2,1.0
BL029,DEET,50.0,4.0,2.0,1932.5,6.0,0.0,0.0,-0.4,1.0
BL029,DEET,50.0,4.0,3.0,1970.0,5.0,0.0,0.0,-0.2,1.0
BL029,DEET,50.0,4.0,4.0,19645.0,266.0,0.0,0.0,-1.2,8.0
BL029,DEET,5.0,4.0,1.0,1967.5,10.0,0.0,475.0,-0.6,1.0
BL029,DEET,5.0,4.0,2.0,1985.0,5.0,0.0,990.0,-0.2,1.0
BL029,DEET,5.0,4.0,3.0,2075.0,5.0,0.0,0.0,-0.2,3.0
BL029,DEET,5.0,4.0,4.0,21087.5,331.0,1.0,0.0,-6.2,6.0
BL029,DEET,0.5,4.0,1.0,1945.0,15.0,0.0,755.0,0.0,1.0
BL029,DEET,0.5,4.0,2.0,2015.0,7.0,0.0,0.0,-0.6,1.0
BL029,DEET,0.5,4.0,3.0,2112.5,7.0,0.0,0.0,0.0,2.0
BL029,DEET,0.5,4.0,4.0,5952.5,114.0,0.0,0.0,-3.6,1.0
BL029,DEET,0.05,4.0,1.0,1947.5,5.0,0.0,185.0,-0.2,0.0
BL029,DEET,0.05,4.0,2.0,2347.5,5.0,0.0,0.0,-0.4,2.0
BL029,DEET,0.05,4.0,3.0,4032.5,16.0,0.0,1415.0,-0.6,11.0
BL029,DEET,0.05,4.0,4.0,8615.0,148.0,0.0,0.0,-3.0,2.0
BL029,DEET,500.0,5.0,1.0,2487.5,8.0,0.0,890.0,0.0,1.0
BL029,DEET,500.0,5.0,2.0,2400.0,4.0,0.0,370.0,-0.4,1.0
BL029,DEET,500.0,5.0,3.0,2580.0,12.0,0.0,380.0,-0.2,1.0
BL029,DEET,500.0,5.0,4.0,2412.5,6.0,0.0,1075.0,0.0,1.0
BL029,DEET,50.0,5.0,1.0,2355.0,4.0,0.0,0.0,-0.6,0.0
BL029,DEET,50.0,5.0,2.0,2542.5,18.0,0.0,705.0,0.2,1.0
BL029,DEET,50.0,5.0,3.0,2372.5,8.0,0.0,600.0,0.0,1.0
BL029,DEET,50.0,5.0,4.0,2497.5,4.0,0.0,5.0,0.2,2.0
BL029,DEET,5.0,5.0,1.0,2357.5,6.0,0.0,1045.0,-0.6,3.0
BL029,DEET,5.0,5.0,2.0,2430.0,7.0,0.0,415.0,-0.2,2.0
BL029,DEET,5.0,5.0,3.0,2307.5,5.0,0.0,480.0,0.0,2.0
BL029,DEET,5.0,5.0,4.0,2582.5,6.0,1.0,310.0,0.0,1.0
BL029,DEET,0.5,5.0,1.0,2360.0,5.0,0.0,515.0,-0.2,1.0
BL029,DEET,0.5,5.0,2.0,2515.0,8.0,0.0,510.0,-0.2,2.0
BL029,DEET,0.5,5.0,3.0,2450.0,4.0,0.0,275.0,0.0,2.0
BL029,DEET,0.5,5.0,4.0,2702.5,6.0,0.0,455.0,-0.6,1.0
BL029,DEET,0.05,5.0,1.0,2485.0,30.0,0.0,555.0,0.0,2.0
BL029,DEET,0.05,5.0,2.0,2447.5,4.0,0.0,1065.0,0.2,2.0
BL029,DEET,0.05,5.0,3.0,2505.0,4.0,0.0,50.0,0.2,1.0
BL029,DEET,0.05,5.0,4.0,3415.0,10.0,0.0,65.0,-0.4,3.0
BL029,Propoxur,500.0,1.0,1.0,24707627.5,56114.0,3556.0,205.0,766.2,4730.0
BL029,Propoxur,500.0,1.0,2.0,44332725.0,73517.0,11494.0,200.0,771.8,43615.0
BL029,Propoxur,500.0,1.0,3.0,44969332.5,74195.0,11275.0,200.0,742.0,43919.0
BL029,Propoxur,500.0,1.0,4.0,29333902.5,72317.0,5286.0,190.0,631.2,6073.0
BL029,Propoxur,50.0,1.0,1.0,33750882.5,66373.0,4754.0,205.0,713.2,4871.0
BL029,Propoxur,50.0,1.0,2.0,49003025.0,71152.0,20223.0,205.0,766.0,44197.0
BL029,Propoxur,50.0,1.0,3.0,50897757.5,76232.0,19693.0,195.0,698.0,45831.0
BL029,Propoxur,50.0,1.0,4.0,27572035.0,63319.0,3009.0,195.0,634.6,3009.0
BL029,Propoxur,5.0,1.0,1.0,48135310.0,60570.0,18657.0,135.0,824.2,40446.0
BL029,Propoxur,5.0,1.0,2.0,26830022.5,58650.0,2766.0,75.0,668.0,2766.0
BL029,Propoxur,5.0,1.0,3.0,27207022.5,60001.0,2651.0,75.0,776.8,2651.0
BL029,Propoxur,5.0,1.0,4.0,27315200.0,59287.0,2821.0,75.0,633.6,2821.0
BL029,Propoxur,0.5,1.0,1.0,47700367.5,59356.0,19075.0,305.0,773.6,37980.0
BL029,Propoxur,0.5,1.0,2.0,50834985.0,63144.0,20773.0,215.0,646.6,42783.0
BL029,Propoxur,0.5,1.0,3.0,26044860.0,58475.0,2544.0,75.0,706.4,2584.0
BL029,Propoxur,0.5,1.0,4.0,26091470.0,58985.0,2557.0,75.0,618.0,2557.0
BL029,Propoxur,0.05,1.0,1.0,49173322.5,60403.0,21111.0,305.0,691.4,39109.0
BL029,Propoxur,0.05,1.0,2.0,50804322.5,61814.0,22241.0,210.0,661.2,41927.0
BL029,Propoxur,0.05,1.0,3.0,15208560.0,57955.0,391.0,75.0,631.4,7074.0
BL029,Propoxur,0.05,1.0,4.0,35428835.0,60050.0,6369.0,195.0,642.0,6498.0
BL029,Propoxur,500.0,2.0,1.0,11539315.0,46633.0,1341.0,5.0,233.6,4931.0
BL029,Propoxur,500.0,2.0,2.0,13074225.0,52377.0,454.0,5.0,95.8,14580.0
BL029,Propoxur,500.0,2.0,3.0,17455350.0,57860.0,2941.0,215.0,225.8,8514.0
BL029,Propoxur,500.0,2.0,4.0,13263197.5,53844.0,2592.0,5.0,96.4,3661.0
BL029,Propoxur,50.0,2.0,1.0,17505737.5,47866.0,2434.0,5.0,186.6,2434.0
BL029,Propoxur,50.0,2.0,2.0,17981145.0,50914.0,2411.0,5.0,258.2,2411.0
BL029,Propoxur,50.0,2.0,3.0,47600935.0,53029.0,16945.0,5.0,371.4,51504.0
BL029,Propoxur,50.0,2.0,4.0,19629275.0,55670.0,2942.0,5.0,210.8,3390.0
BL029,Propoxur,5.0,2.0,1.0,16665867.5,50135.0,2379.0,230.0,355.8,6724.0
BL029,Propoxur,5.0,2.0,2.0,46740715.0,52453.0,17774.0,5.0,424.8,46673.0
BL029,Propoxur,5.0,2.0,3.0,47213842.5,54321.0,17622.0,5.0,399.8,47877.0
BL029,Propoxur,5.0,2.0,4.0,18320175.0,54545.0,2433.0,5.0,216.0,2627.0
BL029,Propoxur,0.5,2.0,1.0,45106957.5,51406.0,17287.0,225.0,381.2,41654.0
BL029,Propoxur,0.5,2.0,2.0,45759125.0,52195.0,18036.0,5.0,300.8,43927.0
BL029,Propoxur,0.5,2.0,3.0,17481107.5,52288.0,2076.0,5.0,348.8,2115.0
BL029,Propoxur,0.5,2.0,4.0,18037617.5,55629.0,2325.0,5.0,236.8,2412.0
BL029,Propoxur,0.05,2.0,1.0,45223440.0,51315.0,17192.0,225.0,339.4,42570.0
BL029,Propoxur,0.05,2.0,2.0,46143167.5,53339.0,17850.0,5.0,490.6,44539.0
BL029,Propoxur,0.05,2.0,3.0,45160117.5,53062.0,17682.0,5.0,272.6,47842.0
BL029,Propoxur,0.05,2.0,4.0,18312605.0,54659.0,2493.0,5.0,310.2,2644.0
BL029,Propoxur,500.0,3.0,1.0,11539315.0,46633.0,1341.0,5.0,233.6,4931.0
BL029,Propoxur,500.0,3.0,2.0,13074225.0,52377.0,454.0,5.0,95.8,14580.0
BL029,Propoxur,500.0,3.0,3.0,17455350.0,57860.0,2941.0,215.0,225.8,8514.0
BL029,Propoxur,500.0,3.0,4.0,13263197.5,53844.0,2592.0,5.0,96.4,3661.0
BL029,Propoxur,50.0,3.0,1.0,17505737.5,47866.0,2434.0,5.0,186.6,2434.0
BL029,Propoxur,50.0,3.0,2.0,17981145.0,50914.0,2411.0,5.0,258.2,2411.0
BL029,Propoxur,50.0,3.0,3.0,47600935.0,53029.0,16945.0,5.0,371.4,51504.0
BL029,Propoxur,50.0,3.0,4.0,19629275.0,55670.0,2942.0,5.0,210.8,3390.0
BL029,Propoxur,5.0,3.0,1.0,16665867.5,50135.0,2379.0,230.0,355.8,6724.0
BL029,Propoxur,5.0,3.0,2.0,46740715.0,52453.0,17774.0,5.0,424.8,46673.0
BL029,Propoxur,5.0,3.0,3.0,47213842.5,54321.0,17622.0,5.0,399.8,47877.0
BL029,Propoxur,5.0,3.0,4.0,18320175.0,54545.0,2433.0,5.0,216.0,2627.0
BL029,Propoxur,0.5,3.0,1.0,45106957.5,51406.0,17287.0,225.0,381.2,41654.0
BL029,Propoxur,0.5,3.0,2.0,45759125.0,52195.0,18036.0,5.0,300.8,43927.0
BL029,Propoxur,0.5,3.0,3.0,17481107.5,52288.0,2076.0,5.0,348.8,2115.0
BL029,Propoxur,0.5,3.0,4.0,18037617.5,55629.0,2325.0,5.0,236.8,2412.0
BL029,Propoxur,0.05,3.0,1.0,45223440.0,51315.0,17192.0,225.0,339.4,42570.0
BL029,Propoxur,0.05,3.0,2.0,46143167.5,53339.0,17850.0,5.0,490.6,44539.0
BL029,Propoxur,0.05,3.0,3.0,45160117.5,53062.0,17682.0,5.0,272.6,47842.0
BL029,Propoxur,0.05,3.0,4.0,18312605.0,54659.0,2493.0,5.0,310.2,2644.0
BL029,Propoxur,500.0,4.0,1.0,2112.5,18.0,0.0,1050.0,-1.2,1.0
BL029,Propoxur,500.0,4.0,2.0,2185.0,14.0,0.0,0.0,-1.4,2.0
BL029,Propoxur,500.0,4.0,3.0,5157.5,132.0,0.0,0.0,-8.4,1.0
BL029,Propoxur,500.0,4.0,4.0,2710765.0,5957.0,378.0,30.0,-8.8,382.0
BL029,Propoxur,50.0,4.0,1.0,2045.0,9.0,0.0,0.0,-0.8,1.0
BL029,Propoxur,50.0,4.0,2.0,2280.0,32.0,0.0,0.0,-3.4,0.0
BL029,Propoxur,50.0,4.0,3.0,3302.5,40.0,0.0,0.0,-4.0,1.0
BL029,Propoxur,50.0,4.0,4.0,3148315.0,6805.0,405.0,45.0,-11.8,435.0
BL029,Propoxur,5.0,4.0,1.0,2155.0,5.0,0.0,0.0,-0.4,1.0
BL029,Propoxur,5.0,4.0,2.0,2847.5,37.0,0.0,0.0,-2.4,2.0
BL029,Propoxur,5.0,4.0,3.0,4607.5,108.0,0.0,0.0,-5.8,1.0
BL029,Propoxur,5.0,4.0,4.0,4202522.5,10220.0,731.0,40.0,13.2,755.0
BL029,Propoxur,0.5,4.0,1.0,2745.0,25.0,0.0,0.0,-0.8,1.0
BL029,Propoxur,0.5,4.0,2.0,7557.5,211.0,0.0,0.0,-10.6,2.0
BL029,Propoxur,0.5,4.0,3.0,3042.5,13.0,0.0,0.0,-1.2,2.0
BL029,Propoxur,0.5,4.0,4.0,2225357.5,5357.0,313.0,40.0,-62.2,313.0
BL029,Propoxur,0.05,4.0,1.0,11732.5,19.0,1.0,140.0,0.6,19.0
BL029,Propoxur,0.05,4.0,2.0,8452.5,76.0,1.0,0.0,-2.6,3.0
BL029,Propoxur,0.05,4.0,3.0,8877.5,67.0,2.0,0.0,-2.8,4.0
BL029,Propoxur,0.05,4.0,4.0,1408185.0,3507.0,278.0,35.0,-68.0,278.0
BL029,Propoxur,500.0,5.0,1.0,2347.5,4.0,0.0,1080.0,0.2,3.0
BL029,Propoxur,500.0,5.0,2.0,2415.0,5.0,0.0,1420.0,0.0,1.0
BL029,Propoxur,500.0,5.0,3.0,5335.0,51.0,1.0,0.0,-0.4,1.0
BL029,Propoxur,500.0,5.0,4.0,3241325.0,13528.0,153.0,65.0,176.6,192.0
BL029,Propoxur,50.0,5.0,1.0,2382.5,4.0,0.0,890.0,0.2,1.0
BL029,Propoxur,50.0,5.0,2.0,2612.5,16.0,0.0,1310.0,0.0,2.0
BL029,Propoxur,50.0,5.0,3.0,3207.5,11.0,0.0,0.0,-1.4,2.0
BL029,Propoxur,50.0,5.0,4.0,2571577.5,8548.0,123.0,50.0,135.8,128.0
BL029,Propoxur,5.0,5.0,1.0,2502.5,7.0,0.0,0.0,-0.6,2.0
BL029,Propoxur,5.0,5.0,2.0,2630.0,4.0,0.0,30.0,0.2,2.0
BL029,Propoxur,5.0,5.0,3.0,3812.5,14.0,1.0,0.0,-0.8,3.0
BL029,Propoxur,5.0,5.0,4.0,4076985.0,23477.0,192.0,50.0,408.4,397.0
BL029,Propoxur,0.5,5.0,1.0,2537.5,5.0,0.0,45.0,0.0,2.0
BL029,Propoxur,0.5,5.0,2.0,2807.5,11.0,0.0,550.0,0.2,2.0
BL029,Propoxur,0.5,5.0,3.0,3735.0,15.0,0.0,50.0,-0.2,2.0
BL029,Propoxur,0.5,5.0,4.0,3104507.5,14778.0,114.0,50.0,257.4,120.0
BL029,Propoxur,0.05,5.0,1.0,8597.5,30.0,0.0,1440.0,-1.2,30.0
BL029,Propoxur,0.05,5.0,2.0,4270.0,16.0,1.0,70.0,0.4,3.0
BL029,Propoxur,0.05,5.0,3.0,5435.0,25.0,0.0,0.0,-1.4,3.0
BL029,Propoxur,0.05,5.0,4.0,4293832.5,24692.0,244.0,45.0,473.0,670.0
BL030,Trimethoprim,50.0,1.0,1.0,7124860.91,8001.0,1359.47,425.0,-96.18269999999993,4277.0
BL030,Trimethoprim,50.0,1.0,2.0,12644.10875,93.0565,1.0,0.0,-6.516800000000001,20.0
BL030,Trimethoprim,50.0,1.0,3.0,15669.1425,155.67,1.0,0.0,-8.943099999999998,4.0
BL030,Trimethoprim,5.0,1.0,1.0,850813.91375,1574.6735,141.0,0.0,-45.40700000000002,767.0
BL030,Trimethoprim,5.0,1.0,2.0,6278.13875,65.7715,0.0,0.0,-3.3405,3.0
BL030,Trimethoprim,5.0,1.0,3.0,13450.8625,170.234,1.0,0.0,-7.030000000000001,3.0
BL030,Trimethoprim,0.5,1.0,1.0,3422.83125,7.905,0.0,15.0,0.08420000000000005,2.0
BL030,Trimethoprim,0.5,1.0,2.0,8378.24775,193.446,1.0,0.0,-13.033999999999997,2.0
BL030,Trimethoprim,0.5,1.0,3.0,811264.0175,4106.619,77.0,0.0,-172.92819999999992,93.0
BL030,Trimethoprim,0.05,1.0,1.0,7106.29125,10.969999999999999,1.0,35.0,0.16999999999999993,4.0
BL030,Trimethoprim,0.05,1.0,2.0,34331.39125,654.2335,2.0,0.0,-46.077200000000005,5.0
BL030,Trimethoprim,0.05,1.0,3.0,19091125.565,40925.7055,6120.0,80.0,85.15820000000022,6120.0
BL030,Trimethoprim,0.005,1.0,1.0,792.7485,13.44,0.7807,15.0,0.9168,1.317
BL030,Trimethoprim,0.005,1.0,2.0,831.9895,14.01,0.8016,15.0,0.9524000000000001,1.422
BL030,Trimethoprim,0.005,1.0,3.0,840.5375,12.83,0.9117,20.0,0.8549999999999999,1.768
BL030,Trimethoprim,50.0,2.0,1.0,1780123.8925,1914.804,470.36999999999995,0.0,-24.986133333333374,755.0
BL030,Trimethoprim,50.0,2.0,2.0,11696.255,42.135,1.0,0.0,-1.136266666666667,22.0
BL030,Trimethoprim,50.0,2.0,3.0,474170.5754166667,1495.5245,75.185,0.0,-131.1367666666667,351.0
BL030,Trimethoprim,5.0,2.0,1.0,6635.845833333333,20.113333333333333,1.0,235.0,0.02160000000000011,4.0
BL030,Trimethoprim,5.0,2.0,2.0,64038.64270833333,164.0,2.4755000000000003,1430.0,-0.1414166666666631,149.0
BL030,Trimethoprim,5.0,2.0,3.0,654421.2691666667,4907.286,99.0,0.0,-325.21186666666665,132.0
BL030,Trimethoprim,0.5,2.0,1.0,6552.9635,15.77,1.0,315.0,0.39120000000000027,4.0
BL030,Trimethoprim,0.5,2.0,2.0,19381.952166666666,107.298,1.0,0.0,-0.12626666666666608,55.0
BL030,Trimethoprim,0.5,2.0,3.0,703365.9762500001,3871.7765,220.25633333333334,0.0,-286.57263333333333,418.0
BL030,Trimethoprim,0.05,2.0,1.0,5175.255166666667,17.216333333333335,0.6656,0.0,-0.13460000000000036,8.0
BL030,Trimethoprim,0.05,2.0,2.0,8201.296124999999,107.73775,0.0,0.0,-2.843550000000002,8.0
BL030,Trimethoprim,0.05,2.0,3.0,2487845.076,6469.746,753.0,0.0,-404.6765333333333,3185.0
BL030,Trimethoprim,0.005,2.0,1.0,846.15225,19.32,0.2199,10.0,1.7574999999999996,0.2247
BL030,Trimethoprim,0.005,2.0,2.0,789.6459166666666,18.965,0.1884,10.0,1.6734666666666669,0.2163
BL030,Trimethoprim,0.005,2.0,3.0,773.17975,18.205,0.1938,10.0,1.8310000000000002,0.2074
BL030,Trimethoprim,50.0,3.0,1.0,28398.25,209.0,1.0,1440.0,0.32100000000000006,209.0
BL030,Trimethoprim,50.0,3.0,2.0,21604.8625,144.065,4.0,0.0,-5.703,5.0
BL030,Trimethoprim,50.0,3.0,3.0,19092059.7625,26225.0,1539.09,595.0,-62.79799999999996,11422.0
BL030,Trimethoprim,5.0,3.0,1.0,15871.47,78.0,1.0,1435.0,1.6080000000000005,78.0
BL030,Trimethoprim,5.0,3.0,2.0,32045.63,197.0,1.0,1430.0,-3.593000000000001,190.0
BL030,Trimethoprim,5.0,3.0,3.0,642310.745,2682.355,172.0,0.0,-46.077999999999975,249.0
BL030,Trimethoprim,0.5,3.0,1.0,5433.195,32.1,0.64885,10.0,1.2339999999999995,3.0
BL030,Trimethoprim,0.5,3.0,2.0,14226.05775,147.23,1.0,0.0,-3.900999999999999,47.0
BL030,Trimethoprim,0.5,3.0,3.0,49280.647,737.135,3.0,0.0,-15.794000000000006,7.0
BL030,Trimethoprim,0.05,3.0,1.0,8412.12175,32.765,2.0,10.0,0.293,6.0
BL030,Trimethoprim,0.05,3.0,2.0,17325.526,161.135,4.0,0.0,-6.381,11.0
BL030,Trimethoprim,0.05,3.0,3.0,110758.35250000001,1435.525,18.0,0.0,-33.977,26.0
BL030,Trimethoprim,0.005,3.0,1.0,1508.4967499999998,58.66,0.1977,10.0,5.156,0.1977
BL030,Trimethoprim,0.005,3.0,2.0,1455.76475,56.28,0.2081,10.0,4.872000000000001,0.2081
BL030,Trimethoprim,0.005,3.0,3.0,1392.42825,53.16,0.2159,10.0,4.578,0.2159
BL030,Trimethoprim,50.0,4.0,1.0,58222.60125,159.95,0.0,380.0,0.9309000000000001,5.0
BL030,Trimethoprim,50.0,4.0,2.0,57840.020833333336,158.55,0.0,370.0,0.5833333333333333,0.0
BL030,Trimethoprim,50.0,4.0,3.0,66327.4,164.85,3.0,395.0,-2.875,6.0
BL030,Trimethoprim,5.0,4.0,1.0,66556.35625,190.65,0.0,475.0,-0.9504999999999996,2.0
BL030,Trimethoprim,5.0,4.0,2.0,74670.80916666667,188.45,0.0,475.0,5.542266666666666,2.0
BL030,Trimethoprim,5.0,4.0,3.0,103852.725,956.0,4.0,0.0,-109.83,8.0
BL030,Trimethoprim,0.5,4.0,1.0,101314.285,398.95,0.0,360.0,-0.7267999999999972,1.0
BL030,Trimethoprim,0.5,4.0,2.0,124426.94916666667,418.0,0.0,345.0,13.643066666666664,1.0
BL030,Trimethoprim,0.5,4.0,3.0,145673.9,1218.0,3.0,0.0,-145.06599999999997,10.0
BL030,Trimethoprim,0.05,4.0,1.0,55168.485,192.9,0.0,390.0,-4.399799999999999,1.0
BL030,Trimethoprim,0.05,4.0,2.0,66138.72166666666,220.7,0.0,390.0,5.167266666666668,5.0
BL030,Trimethoprim,0.05,4.0,3.0,98638.825,698.0,9.0,0.0,-81.024,13.0
BL030,Trimethoprim,0.005,4.0,1.0,65004.3575,251.0,3.763,85.0,2.2354,138.4
BL030,Trimethoprim,0.005,4.0,2.0,71488.61125,278.3,4.2645,80.0,2.1891000000000003,135.3
BL030,Trimethoprim,0.005,4.0,3.0,72767.025,280.3,15.59,80.0,2.8920000000000003,144.0
BL030,Metaldehyde,500.0,1.0,1.0,37157715.0,38879.0,11818.0,295.0,87.8,31076.0
BL030,Metaldehyde,500.0,1.0,2.0,35241435.0,40554.0,12392.0,300.0,58.8,27620.0
BL030,Metaldehyde,500.0,1.0,3.0,37275160.0,44490.0,12423.0,290.0,28.2,28677.0
BL030,Metaldehyde,500.0,1.0,4.0,35691587.5,42076.0,13248.0,270.0,-2.2,26036.0
BL030,Metaldehyde,50.0,1.0,1.0,37812095.0,39901.0,11918.0,290.0,120.4,31864.0
BL030,Metaldehyde,50.0,1.0,2.0,35831780.0,37088.0,12150.0,285.0,78.8,29242.0
BL030,Metaldehyde,50.0,1.0,3.0,37466827.5,45558.0,12969.0,275.0,35.0,27960.0
BL030,Metaldehyde,50.0,1.0,4.0,35072125.0,40300.0,13060.0,265.0,-7.8,26845.0
BL030,Metaldehyde,5.0,1.0,1.0,36546707.5,38667.0,11934.0,290.0,41.0,31033.0
BL030,Metaldehyde,5.0,1.0,2.0,36793462.5,40126.0,12108.0,280.0,108.6,30189.0
BL030,Metaldehyde,5.0,1.0,3.0,36360952.5,43377.0,12335.0,250.0,59.6,28194.0
BL030,Metaldehyde,5.0,1.0,4.0,36028427.5,40375.0,12324.0,255.0,50.4,28881.0
BL030,Metaldehyde,0.5,1.0,1.0,34083717.5,36769.0,11962.0,260.0,73.0,28825.0
BL030,Metaldehyde,0.5,1.0,2.0,34311722.5,37136.0,12353.0,245.0,74.2,12353.0
BL030,Metaldehyde,0.5,1.0,3.0,38255567.5,43453.0,12674.0,275.0,41.0,30963.0
BL030,Metaldehyde,0.5,1.0,4.0,39799550.0,47275.0,13485.0,255.0,7.4,30035.0
BL030,Metaldehyde,0.05,1.0,1.0,36771350.0,36683.0,11548.0,270.0,62.2,32038.0
BL030,Metaldehyde,0.05,1.0,2.0,35277470.0,38028.0,12138.0,1440.0,62.4,38028.0
BL030,Metaldehyde,0.05,1.0,3.0,36842005.0,38376.0,12813.0,265.0,33.0,37359.0
BL030,Metaldehyde,0.05,1.0,4.0,37053452.5,39683.0,12211.0,1440.0,-12.0,39683.0
BL030,Metaldehyde,500.0,2.0,1.0,4453130.0,7570.0,373.0,1440.0,-20.2,7570.0
BL030,Metaldehyde,500.0,2.0,2.0,5147982.5,10931.0,354.0,1435.0,-18.6,10918.0
BL030,Metaldehyde,500.0,2.0,3.0,4815170.0,7749.0,417.0,1440.0,-2.8,7749.0
BL030,Metaldehyde,500.0,2.0,4.0,4531017.5,7209.0,431.0,1440.0,-3.4,7209.0
BL030,Metaldehyde,50.0,2.0,1.0,5527905.0,11305.0,338.0,1440.0,-23.4,11305.0
BL030,Metaldehyde,50.0,2.0,2.0,5117340.0,9197.0,377.0,1435.0,-20.0,9079.0
BL030,Metaldehyde,50.0,2.0,3.0,5208680.0,9017.0,404.0,1440.0,-3.8,9017.0
BL030,Metaldehyde,50.0,2.0,4.0,4536987.5,7427.0,443.0,1410.0,-3.6,7396.0
BL030,Metaldehyde,5.0,2.0,1.0,4490437.5,7980.0,355.0,1150.0,-17.6,5453.0
BL030,Metaldehyde,5.0,2.0,2.0,4863372.5,7786.0,357.0,1440.0,-20.4,7786.0
BL030,Metaldehyde,5.0,2.0,3.0,5206287.5,8891.0,405.0,1440.0,-2.6,8891.0
BL030,Metaldehyde,5.0,2.0,4.0,4744200.0,7805.0,436.0,1440.0,-6.2,7805.0
BL030,Metaldehyde,0.5,2.0,1.0,4528892.5,8092.0,365.0,1135.0,-14.0,5434.0
BL030,Metaldehyde,0.5,2.0,2.0,5220972.5,9463.0,357.0,1160.0,-18.8,5940.0
BL030,Metaldehyde,0.5,2.0,3.0,5533707.5,9998.0,376.0,1435.0,-10.6,9922.0
BL030,Metaldehyde,0.5,2.0,4.0,5437430.0,9489.0,428.0,1430.0,1.2,9378.0
BL030,Metaldehyde,0.05,2.0,1.0,4183057.5,7351.0,342.0,1125.0,-15.4,5053.0
BL030,Metaldehyde,0.05,2.0,2.0,4683070.0,8783.0,358.0,1100.0,-15.2,5024.0
BL030,Metaldehyde,0.05,2.0,3.0,5506020.0,10046.0,387.0,1440.0,-12.6,10046.0
BL030,Metaldehyde,0.05,2.0,4.0,5559487.5,10461.0,445.0,1435.0,-5.4,10435.0
BL030,Metaldehyde,500.0,3.0,1.0,9760222.5,29494.0,407.0,1440.0,12.0,29494.0
BL030,Metaldehyde,500.0,3.0,2.0,8387520.0,25418.0,402.0,1440.0,8.0,25418.0
BL030,Metaldehyde,500.0,3.0,3.0,10035460.0,28502.0,392.0,1435.0,6.8,28502.0
BL030,Metaldehyde,500.0,3.0,4.0,10611237.5,30379.0,427.0,1435.0,0.6,30282.0
BL030,Metaldehyde,50.0,3.0,1.0,4755525.0,5097.0,359.0,1440.0,14.8,5097.0
BL030,Metaldehyde,50.0,3.0,2.0,5643307.5,6723.0,378.0,1440.0,9.6,6723.0
BL030,Metaldehyde,50.0,3.0,3.0,10630477.5,33176.0,375.0,1435.0,18.6,32728.0
BL030,Metaldehyde,50.0,3.0,4.0,10585520.0,32567.0,403.0,1435.0,11.2,32443.0
BL030,Metaldehyde,5.0,3.0,1.0,4848752.5,5151.0,362.0,1425.0,11.4,5103.0
BL030,Metaldehyde,5.0,3.0,2.0,9643607.5,30074.0,397.0,1440.0,11.2,30074.0
BL030,Metaldehyde,5.0,3.0,3.0,7630602.5,12652.0,404.0,1440.0,-1.8,12652.0
BL030,Metaldehyde,5.0,3.0,4.0,11373000.0,33728.0,398.0,1440.0,5.8,33728.0
BL030,Metaldehyde,0.5,3.0,1.0,5291460.0,5569.0,390.0,1020.0,12.0,4584.0
BL030,Metaldehyde,0.5,3.0,2.0,4773142.5,4862.0,388.0,1090.0,7.2,4571.0
BL030,Metaldehyde,0.5,3.0,3.0,11798162.5,37869.0,422.0,1440.0,4.8,37869.0
BL030,Metaldehyde,0.5,3.0,4.0,11806582.5,37151.0,393.0,1435.0,6.4,36856.0
BL030,Metaldehyde,0.05,3.0,1.0,4819857.5,4926.0,411.0,1075.0,12.8,4702.0
BL030,Metaldehyde,0.05,3.0,2.0,4733650.0,4790.0,370.0,1425.0,20.0,4752.0
BL030,Metaldehyde,0.05,3.0,3.0,5616135.0,5650.0,408.0,975.0,1.4,5012.0
BL030,Metaldehyde,0.05,3.0,4.0,5480677.5,5635.0,411.0,1045.0,11.8,4722.0
BL030,Metaldehyde,500.0,4.0,1.0,10429225.0,30870.0,1205.0,1440.0,-27.4,30870.0
BL030,Metaldehyde,500.0,4.0,2.0,9378157.5,27843.0,1194.0,1440.0,-7.6,27843.0
BL030,Metaldehyde,500.0,4.0,3.0,10447070.0,32352.0,1169.0,1440.0,-2.6,32352.0
BL030,Metaldehyde,500.0,4.0,4.0,12889725.0,38628.0,1250.0,1440.0,2.8,38628.0
BL030,Metaldehyde,50.0,4.0,1.0,6436530.0,9689.0,1145.0,1440.0,-23.2,9689.0
BL030,Metaldehyde,50.0,4.0,2.0,9918870.0,32371.0,1162.0,1440.0,-36.2,32371.0
BL030,Metaldehyde,50.0,4.0,3.0,11389442.5,37428.0,1165.0,1440.0,-8.8,37428.0
BL030,Metaldehyde,50.0,4.0,4.0,13619542.5,42239.0,1170.0,1440.0,0.6,42239.0
BL030,Metaldehyde,5.0,4.0,1.0,6105617.5,7778.0,1235.0,1440.0,-23.6,7778.0
BL030,Metaldehyde,5.0,4.0,2.0,11411295.0,37612.0,1190.0,1440.0,-31.6,37612.0
BL030,Metaldehyde,5.0,4.0,3.0,11497217.5,36736.0,1207.0,1440.0,-15.6,36736.0
BL030,Metaldehyde,5.0,4.0,4.0,11884962.5,38903.0,1145.0,1440.0,-1.0,38903.0
BL030,Metaldehyde,0.5,4.0,1.0,5709305.0,7518.0,1243.0,1435.0,-25.2,7487.0
BL030,Metaldehyde,0.5,4.0,2.0,5736622.5,7280.0,1154.0,1440.0,-26.2,7280.0
BL030,Metaldehyde,0.5,4.0,3.0,12424032.5,39025.0,1157.0,1440.0,-0.2,39025.0
BL030,Metaldehyde,0.5,4.0,4.0,12390035.0,37554.0,1274.0,1440.0,-4.8,37554.0
BL030,Metaldehyde,0.05,4.0,1.0,5731080.0,7531.0,1188.0,1440.0,-30.6,7531.0
BL030,Metaldehyde,0.05,4.0,2.0,5639185.0,7408.0,1198.0,1440.0,-23.2,7408.0
BL030,Metaldehyde,0.05,4.0,3.0,6775475.0,8490.0,1229.0,1440.0,-2.2,8490.0
BL030,Metaldehyde,0.05,4.0,4.0,6697417.5,8372.0,1291.0,1440.0,-0.8,8372.0
BL030,Metaldehyde,500.0,5.0,1.0,8988270.0,28046.0,669.0,1440.0,-3.4,28046.0
BL030,Metaldehyde,500.0,5.0,2.0,8759117.5,26420.0,656.0,1440.0,-13.0,26420.0
BL030,Metaldehyde,500.0,5.0,3.0,8578892.5,24514.0,655.0,1440.0,3.0,24514.0
BL030,Metaldehyde,500.0,5.0,4.0,10352397.5,29707.0,652.0,1440.0,11.6,29707.0
BL030,Metaldehyde,50.0,5.0,1.0,10757750.0,35164.0,660.0,1440.0,1.2,35164.0
BL030,Metaldehyde,50.0,5.0,2.0,4852120.0,9297.0,637.0,1440.0,-4.8,9297.0
BL030,Metaldehyde,50.0,5.0,3.0,11500557.5,37233.0,616.0,1440.0,-4.0,37233.0
BL030,Metaldehyde,50.0,5.0,4.0,11689482.5,35343.0,661.0,1440.0,-1.4,35343.0
BL030,Metaldehyde,5.0,5.0,1.0,5272232.5,9091.0,693.0,1440.0,-7.8,9091.0
BL030,Metaldehyde,5.0,5.0,2.0,5121977.5,10181.0,646.0,1440.0,0.6,10181.0
BL030,Metaldehyde,5.0,5.0,3.0,5829980.0,10701.0,615.0,1440.0,-2.4,10701.0
BL030,Metaldehyde,5.0,5.0,4.0,13336540.0,41933.0,643.0,1440.0,5.2,41933.0
BL030,Metaldehyde,0.5,5.0,1.0,5342570.0,9404.0,716.0,1440.0,1.2,9404.0
BL030,Metaldehyde,0.5,5.0,2.0,5110345.0,10216.0,621.0,1440.0,-8.2,10216.0
BL030,Metaldehyde,0.5,5.0,3.0,6148967.5,11190.0,637.0,1440.0,11.6,11190.0
BL030,Metaldehyde,0.5,5.0,4.0,5620077.5,9577.0,624.0,1440.0,8.6,9577.0
BL030,Metaldehyde,0.05,5.0,1.0,5028140.0,9151.0,709.0,1440.0,-3.6,9151.0
BL030,Metaldehyde,0.05,5.0,2.0,5112780.0,10089.0,652.0,1440.0,-15.0,10089.0
BL030,Metaldehyde,0.05,5.0,3.0,6049132.5,10558.0,671.0,1440.0,-6.0,10558.0
BL030,Metaldehyde,0.05,5.0,4.0,5535082.5,9364.0,671.0,1440.0,0.8,9364.0
BL030,Boric Acid,500.0,1.0,1.0,9722155.0,24741.0,577.0,230.0,116.6,613.0
BL030,Boric Acid,500.0,1.0,2.0,9954827.5,25521.0,630.0,230.0,143.4,846.0
BL030,Boric Acid,500.0,1.0,3.0,10135165.0,25125.0,589.0,225.0,129.8,808.0
BL030,Boric Acid,500.0,1.0,4.0,10747347.5,27734.0,1093.0,235.0,130.4,1354.0
BL030,Boric Acid,50.0,1.0,1.0,8862492.5,22872.0,728.0,230.0,123.8,1536.0
BL030,Boric Acid,50.0,1.0,2.0,9662995.0,23940.0,955.0,225.0,117.4,1754.0
BL030,Boric Acid,50.0,1.0,3.0,9153187.5,23793.0,1268.0,230.0,129.4,1898.0
BL030,Boric Acid,50.0,1.0,4.0,10389457.5,26610.0,1703.0,225.0,119.6,2115.0
BL030,Boric Acid,5.0,1.0,1.0,9226720.0,22454.0,1479.0,230.0,127.2,2072.0
BL030,Boric Acid,5.0,1.0,2.0,9802597.5,22644.0,2292.0,220.0,135.6,2530.0
BL030,Boric Acid,5.0,1.0,3.0,9550625.0,23798.0,1001.0,220.0,148.6,1666.0
BL030,Boric Acid,5.0,1.0,4.0,9981587.5,26997.0,564.0,230.0,144.6,793.0
BL030,Boric Acid,0.5,1.0,1.0,9105767.5,22328.0,1232.0,225.0,132.2,1862.0
BL030,Boric Acid,0.5,1.0,2.0,9014232.5,22820.0,721.0,220.0,137.2,1141.0
BL030,Boric Acid,0.5,1.0,3.0,10108080.0,24586.0,1920.0,230.0,129.4,2262.0
BL030,Boric Acid,0.5,1.0,4.0,8511340.0,23648.0,489.0,230.0,126.2,647.0
BL030,Boric Acid,0.05,1.0,1.0,9218470.0,21772.0,1786.0,225.0,122.6,2078.0
BL030,Boric Acid,0.05,1.0,2.0,8843792.5,22164.0,1098.0,230.0,111.2,1535.0
BL030,Boric Acid,0.05,1.0,3.0,9608395.0,24897.0,623.0,230.0,138.4,948.0
BL030,Boric Acid,0.05,1.0,4.0,8720520.0,23534.0,1238.0,230.0,117.8,1797.0
BL030,Boric Acid,500.0,2.0,1.0,22825760.0,72093.0,1563.0,80.0,439.0,1563.0
BL030,Boric Acid,500.0,2.0,2.0,22636432.5,71231.0,1361.0,80.0,598.0,1361.0
BL030,Boric Acid,500.0,2.0,3.0,24791732.5,90634.0,1492.0,75.0,901.0,1492.0
BL030,Boric Acid,500.0,2.0,4.0,25894862.5,100756.0,1254.0,75.0,1162.0,1254.0
BL030,Boric Acid,50.0,2.0,1.0,23191257.5,79532.0,4287.0,75.0,686.6,6015.0
BL030,Boric Acid,50.0,2.0,2.0,21930092.5,82320.0,1275.0,75.0,873.8,1280.0
BL030,Boric Acid,50.0,2.0,3.0,22639720.0,90298.0,1557.0,75.0,833.8,1557.0
BL030,Boric Acid,50.0,2.0,4.0,23406255.0,93906.0,2544.0,70.0,1168.6,2544.0
BL030,Boric Acid,5.0,2.0,1.0,19519075.0,69431.0,1104.0,75.0,45.8,1104.0
BL030,Boric Acid,5.0,2.0,2.0,21334385.0,81945.0,1144.0,75.0,767.0,1150.0
BL030,Boric Acid,5.0,2.0,3.0,22396350.0,93140.0,1058.0,75.0,839.2,1063.0
BL030,Boric Acid,5.0,2.0,4.0,22199020.0,94596.0,663.0,75.0,1077.2,663.0
BL030,Boric Acid,0.5,2.0,1.0,21774032.5,90663.0,680.0,75.0,537.0,680.0
BL030,Boric Acid,0.5,2.0,2.0,21882062.5,87487.0,1083.0,75.0,588.4,1092.0
BL030,Boric Acid,0.5,2.0,3.0,22292190.0,94571.0,918.0,75.0,775.0,918.0
BL030,Boric Acid,0.5,2.0,4.0,21471472.5,93924.0,596.0,75.0,1123.2,596.0
BL030,Boric Acid,0.05,2.0,1.0,21425277.5,86633.0,855.0,75.0,542.4,855.0
BL030,Boric Acid,0.05,2.0,2.0,21269887.5,86491.0,806.0,75.0,397.0,806.0
BL030,Boric Acid,0.05,2.0,3.0,21990240.0,93337.0,874.0,75.0,885.4,874.0
BL030,Boric Acid,0.05,2.0,4.0,21329792.5,93350.0,581.0,75.0,938.0,581.0
BL030,Boric Acid,500.0,3.0,1.0,8162510.0,27572.0,859.0,390.0,46.6,3159.0
BL030,Boric Acid,500.0,3.0,2.0,8104932.5,27162.0,869.0,380.0,53.2,3631.0
BL030,Boric Acid,500.0,3.0,3.0,7720607.5,19079.0,1111.0,395.0,55.2,3280.0
BL030,Boric Acid,500.0,3.0,4.0,8579067.5,28553.0,923.0,375.0,55.6,3319.0
BL030,Boric Acid,50.0,3.0,1.0,7854270.0,26102.0,903.0,380.0,43.4,2546.0
BL030,Boric Acid,50.0,3.0,2.0,7637582.5,24580.0,924.0,380.0,43.4,2995.0
BL030,Boric Acid,50.0,3.0,3.0,7669702.5,18665.0,1167.0,395.0,52.6,3524.0
BL030,Boric Acid,50.0,3.0,4.0,7756002.5,19264.0,1220.0,395.0,51.4,3493.0
BL030,Boric Acid,5.0,3.0,1.0,7855260.0,25596.0,951.0,350.0,53.6,2137.0
BL030,Boric Acid,5.0,3.0,2.0,8009817.5,26847.0,894.0,365.0,52.8,2719.0
BL030,Boric Acid,5.0,3.0,3.0,7540822.5,18930.0,1089.0,370.0,52.8,3670.0
BL030,Boric Acid,5.0,3.0,4.0,7984092.5,19911.0,1156.0,395.0,48.8,3439.0
BL030,Boric Acid,0.5,3.0,1.0,8311050.0,27681.0,916.0,380.0,59.0,2653.0
BL030,Boric Acid,0.5,3.0,2.0,7915610.0,26235.0,828.0,380.0,58.2,3305.0
BL030,Boric Acid,0.5,3.0,3.0,8547897.5,29085.0,835.0,380.0,54.4,2631.0
BL030,Boric Acid,0.5,3.0,4.0,7768022.5,19638.0,1155.0,395.0,63.4,3642.0
BL030,Boric Acid,0.05,3.0,1.0,7793955.0,25732.0,863.0,380.0,54.8,2809.0
BL030,Boric Acid,0.05,3.0,2.0,8519732.5,28528.0,897.0,380.0,49.0,2429.0
BL030,Boric Acid,0.05,3.0,3.0,7640450.0,18941.0,1171.0,390.0,51.6,3399.0
BL030,Boric Acid,0.05,3.0,4.0,7882267.5,20077.0,1129.0,395.0,54.8,3530.0
BL030,Boric Acid,500.0,4.0,1.0,39522092.5,78400.0,36.0,1125.0,1.0,56545.0
BL030,Boric Acid,500.0,4.0,2.0,42722727.5,87190.0,31.0,1125.0,1.4,62978.0
BL030,Boric Acid,500.0,4.0,3.0,43893075.0,92012.0,32.0,1110.0,1.6,62026.0
BL030,Boric Acid,500.0,4.0,4.0,43361900.0,88740.0,29.0,1085.0,4.0,63071.0
BL030,Boric Acid,50.0,4.0,1.0,35487167.5,69210.0,34.0,1070.0,1.6,53675.0
BL030,Boric Acid,50.0,4.0,2.0,37481047.5,75211.0,29.0,1065.0,1.8,59420.0
BL030,Boric Acid,50.0,4.0,3.0,36896300.0,73828.0,31.0,1060.0,2.6,58569.0
BL030,Boric Acid,50.0,4.0,4.0,28339280.0,66445.0,36.0,845.0,1.2,21004.0
BL030,Boric Acid,5.0,4.0,1.0,34291282.5,66651.0,32.0,1060.0,2.0,52401.0
BL030,Boric Acid,5.0,4.0,2.0,35798390.0,70901.0,33.0,1070.0,2.8,59013.0
BL030,Boric Acid,5.0,4.0,3.0,26749082.5,61686.0,30.0,850.0,3.2,19743.0
BL030,Boric Acid,5.0,4.0,4.0,28143677.5,66068.0,33.0,840.0,3.0,21534.0
BL030,Boric Acid,0.5,4.0,1.0,35874285.0,71264.0,37.0,1070.0,1.0,56811.0
BL030,Boric Acid,0.5,4.0,2.0,38077477.5,78211.0,32.0,1050.0,2.6,60903.0
BL030,Boric Acid,0.5,4.0,3.0,27491147.5,63795.0,30.0,845.0,2.4,20541.0
BL030,Boric Acid,0.5,4.0,4.0,28509070.0,67198.0,36.0,845.0,1.8,21198.0
BL030,Boric Acid,0.05,4.0,1.0,26069340.0,58410.0,31.0,840.0,2.6,19799.0
BL030,Boric Acid,0.05,4.0,2.0,37831955.0,79703.0,36.0,1050.0,1.6,58526.0
BL030,Boric Acid,0.05,4.0,3.0,34092165.0,76528.0,33.0,1050.0,2.6,35963.0
BL030,Boric Acid,0.05,4.0,4.0,35448775.0,82739.0,37.0,1040.0,0.2,38987.0
BL030,Boric Acid,500.0,5.0,1.0,56280997.5,64513.0,3262.0,770.0,164.6,33711.0
BL030,Boric Acid,500.0,5.0,2.0,55015327.5,61619.0,3352.0,770.0,165.4,30619.0
BL030,Boric Acid,500.0,5.0,3.0,57391392.5,64369.0,3353.0,720.0,174.4,34118.0
BL030,Boric Acid,500.0,5.0,4.0,48983720.0,46761.0,3482.0,700.0,195.2,27582.0
BL030,Boric Acid,50.0,5.0,1.0,46267462.5,52010.0,3376.0,770.0,166.6,23585.0
BL030,Boric Acid,50.0,5.0,2.0,45678267.5,51946.0,3334.0,675.0,170.8,26631.0
BL030,Boric Acid,50.0,5.0,3.0,29107385.0,31039.0,3437.0,295.0,185.6,11179.0
BL030,Boric Acid,50.0,5.0,4.0,31510140.0,31846.0,3636.0,290.0,173.8,11994.0
BL030,Boric Acid,5.0,5.0,1.0,44482577.5,49879.0,3359.0,770.0,165.2,22236.0
BL030,Boric Acid,5.0,5.0,2.0,27335667.5,29860.0,3352.0,280.0,158.8,10295.0
BL030,Boric Acid,5.0,5.0,3.0,30678570.0,32132.0,3345.0,295.0,154.6,11941.0
BL030,Boric Acid,5.0,5.0,4.0,49395522.5,55775.0,3625.0,735.0,169.4,23656.0
BL030,Boric Acid,0.5,5.0,1.0,26745062.5,30120.0,3240.0,295.0,176.0,9845.0
BL030,Boric Acid,0.5,5.0,2.0,27589965.0,30931.0,3293.0,295.0,169.6,10267.0
BL030,Boric Acid,0.5,5.0,3.0,30353925.0,31309.0,3414.0,280.0,162.8,11750.0
BL030,Boric Acid,0.5,5.0,4.0,32070317.5,31978.0,3619.0,290.0,173.8,12718.0
BL030,Boric Acid,0.05,5.0,1.0,26420297.5,29290.0,3395.0,280.0,156.4,9672.0
BL030,Boric Acid,0.05,5.0,2.0,27521910.0,29924.0,3373.0,295.0,158.0,10091.0
BL030,Boric Acid,0.05,5.0,3.0,30775230.0,32001.0,3401.0,290.0,165.8,12117.0
BL030,Boric Acid,0.05,5.0,4.0,46801232.5,55991.0,3444.0,700.0,194.6,25353.0
BL030,Diazinon,500.0,1.0,1.0,14145.0,22.0,5.0,0.0,-1.0,14.0
BL030,Diazinon,500.0,1.0,2.0,19897.5,44.0,4.0,60.0,0.8,7.0
BL030,Diazinon,500.0,1.0,3.0,1672137.5,3302.0,69.0,1440.0,1.2,3302.0
BL030,Diazinon,500.0,1.0,4.0,829840.0,951.0,336.0,485.0,2.0,362.0
BL030,Diazinon,50.0,1.0,1.0,11120.0,21.0,2.0,55.0,-0.4,5.0
BL030,Diazinon,50.0,1.0,2.0,19570.0,49.0,3.0,70.0,1.6,7.0
BL030,Diazinon,50.0,1.0,3.0,40225.0,85.0,11.0,80.0,-1.4,18.0
BL030,Diazinon,50.0,1.0,4.0,1161505.0,2367.0,313.0,1440.0,11.4,2367.0
BL030,Diazinon,5.0,1.0,1.0,76862.5,188.0,13.0,95.0,2.4,17.0
BL030,Diazinon,5.0,1.0,2.0,14770.0,38.0,2.0,5.0,1.0,3.0
BL030,Diazinon,5.0,1.0,3.0,33405.0,76.0,9.0,0.0,-1.6,22.0
BL030,Diazinon,5.0,1.0,4.0,388310.0,780.0,47.0,1430.0,3.0,778.0
BL030,Diazinon,0.5,1.0,1.0,10047.5,24.0,2.0,0.0,-1.0,3.0
BL030,Diazinon,0.5,1.0,2.0,14277.5,36.0,2.0,75.0,0.0,3.0
BL030,Diazinon,0.5,1.0,3.0,34537.5,84.0,7.0,80.0,-2.0,13.0
BL030,Diazinon,0.5,1.0,4.0,517582.5,726.0,67.0,765.0,5.6,72.0
BL030,Diazinon,0.05,1.0,1.0,4482.5,14.0,0.0,0.0,-1.0,3.0
BL030,Diazinon,0.05,1.0,2.0,18075.0,43.0,3.0,90.0,0.8,4.0
BL030,Diazinon,0.05,1.0,3.0,221952.5,328.0,21.0,1440.0,1.0,328.0
BL030,Diazinon,0.05,1.0,4.0,827202.5,1473.0,61.0,685.0,11.2,565.0
BL030,Diazinon,500.0,2.0,1.0,12697.5,28.0,4.0,5.0,0.4,9.0
BL030,Diazinon,500.0,2.0,2.0,41622.5,110.0,13.0,30.0,1.0,24.0
BL030,Diazinon,500.0,2.0,3.0,23237965.0,34831.0,212.0,1350.0,10.4,34512.0
BL030,Diazinon,500.0,2.0,4.0,13200140.0,16969.0,345.0,825.0,25.2,8037.0
BL030,Diazinon,50.0,2.0,1.0,8100.0,29.0,1.0,0.0,-1.0,3.0
BL030,Diazinon,50.0,2.0,2.0,37172.5,116.0,11.0,20.0,0.2,16.0
BL030,Diazinon,50.0,2.0,3.0,412865.0,388.0,149.0,555.0,9.4,343.0
BL030,Diazinon,50.0,2.0,4.0,1149255.0,1221.0,339.0,320.0,22.4,997.0
BL030,Diazinon,5.0,2.0,1.0,29455.0,172.0,7.0,5.0,4.2,13.0
BL030,Diazinon,5.0,2.0,2.0,23222.5,87.0,4.0,10.0,2.0,8.0
BL030,Diazinon,5.0,2.0,3.0,356612.5,443.0,169.0,820.0,11.4,413.0
BL030,Diazinon,5.0,2.0,4.0,1883935.0,2513.0,362.0,1430.0,19.0,2484.0
BL030,Diazinon,0.5,2.0,1.0,11540.0,34.0,2.0,0.0,-1.2,2.0
BL030,Diazinon,0.5,2.0,2.0,34937.5,157.0,9.0,15.0,0.8,15.0
BL030,Diazinon,0.5,2.0,3.0,82562.5,255.0,17.0,15.0,1.6,87.0
BL030,Diazinon,0.5,2.0,4.0,6581955.0,17501.0,349.0,1120.0,19.4,3031.0
BL030,Diazinon,0.05,2.0,1.0,5562.5,24.0,1.0,0.0,-1.4,1.0
BL030,Diazinon,0.05,2.0,2.0,22245.0,85.0,2.0,15.0,0.2,7.0
BL030,Diazinon,0.05,2.0,3.0,970137.5,1809.0,66.0,545.0,17.8,325.0
BL030,Diazinon,0.05,2.0,4.0,1204565.0,2160.0,94.0,660.0,20.0,228.0
BL030,Diazinon,500.0,3.0,1.0,20022.5,42.0,6.0,0.0,-1.6,7.0
BL030,Diazinon,500.0,3.0,2.0,51027.5,88.0,16.0,10.0,-1.8,20.0
BL030,Diazinon,500.0,3.0,3.0,1465410.0,3210.0,66.0,1440.0,-1.4,3210.0
BL030,Diazinon,500.0,3.0,4.0,1692832.5,1643.0,499.0,645.0,29.2,1048.0
BL030,Diazinon,50.0,3.0,1.0,13950.0,35.0,2.0,5.0,1.0,4.0
BL030,Diazinon,50.0,3.0,2.0,47945.0,80.0,18.0,10.0,0.0,25.0
BL030,Diazinon,50.0,3.0,3.0,106070.0,249.0,30.0,45.0,5.2,36.0
BL030,Diazinon,50.0,3.0,4.0,438092.5,769.0,99.0,185.0,15.2,117.0
BL030,Diazinon,5.0,3.0,1.0,11722.5,30.0,3.0,0.0,-0.2,3.0
BL030,Diazinon,5.0,3.0,2.0,29857.5,86.0,5.0,30.0,0.2,8.0
BL030,Diazinon,5.0,3.0,3.0,83830.0,206.0,23.0,50.0,6.8,83.0
BL030,Diazinon,5.0,3.0,4.0,733452.5,806.0,330.0,190.0,18.2,603.0
BL030,Diazinon,0.5,3.0,1.0,15195.0,45.0,3.0,0.0,-2.0,5.0
BL030,Diazinon,0.5,3.0,2.0,28255.0,77.0,4.0,25.0,-1.2,6.0
BL030,Diazinon,0.5,3.0,3.0,52357.5,169.0,17.0,15.0,2.2,26.0
BL030,Diazinon,0.5,3.0,4.0,6879187.5,8679.0,489.0,1010.0,27.2,7106.0
BL030,Diazinon,0.05,3.0,1.0,13582.5,32.0,2.0,0.0,-0.2,3.0
BL030,Diazinon,0.05,3.0,2.0,43345.0,89.0,15.0,15.0,0.6,26.0
BL030,Diazinon,0.05,3.0,3.0,50427.5,183.0,13.0,20.0,1.0,21.0
BL030,Diazinon,0.05,3.0,4.0,1256432.5,2549.0,74.0,545.0,21.8,158.0
BL030,Diazinon,500.0,4.0,1.0,40082.5,69.0,12.0,30.0,1.6,25.0
BL030,Diazinon,500.0,4.0,2.0,54015.0,136.0,14.0,30.0,0.2,19.0
BL030,Diazinon,500.0,4.0,3.0,2430295.0,6112.0,76.0,1440.0,2.8,6112.0
BL030,Diazinon,500.0,4.0,4.0,3387945.0,3605.0,477.0,915.0,26.4,2457.0
BL030,Diazinon,50.0,4.0,1.0,31847.5,93.0,4.0,10.0,1.6,10.0
BL030,Diazinon,50.0,4.0,2.0,38530.0,116.0,6.0,15.0,5.2,9.0
BL030,Diazinon,50.0,4.0,3.0,201667.5,307.0,85.0,15.0,8.8,91.0
BL030,Diazinon,50.0,4.0,4.0,712197.5,915.0,316.0,160.0,23.4,385.0
BL030,Diazinon,5.0,4.0,1.0,18985.0,51.0,1.0,0.0,-0.8,3.0
BL030,Diazinon,5.0,4.0,2.0,44672.5,169.0,12.0,15.0,7.4,13.0
BL030,Diazinon,5.0,4.0,3.0,57847.5,192.0,18.0,5.0,4.8,31.0
BL030,Diazinon,5.0,4.0,4.0,4083930.0,6234.0,522.0,1430.0,18.8,6168.0
BL030,Diazinon,0.5,4.0,1.0,30897.5,112.0,2.0,15.0,1.6,3.0
BL030,Diazinon,0.5,4.0,2.0,22515.0,57.0,3.0,0.0,-1.2,5.0
BL030,Diazinon,0.5,4.0,3.0,49887.5,196.0,14.0,10.0,1.4,20.0
BL030,Diazinon,0.5,4.0,4.0,1587527.5,2550.0,119.0,480.0,28.4,716.0
BL030,Diazinon,0.05,4.0,1.0,25462.5,67.0,2.0,0.0,-0.6,8.0
BL030,Diazinon,0.05,4.0,2.0,36662.5,137.0,5.0,15.0,-0.4,12.0
BL030,Diazinon,0.05,4.0,3.0,40332.5,165.0,7.0,10.0,4.0,13.0
BL030,Diazinon,0.05,4.0,4.0,996610.0,1713.0,85.0,435.0,21.0,347.0
BL030,Diazinon,500.0,5.0,1.0,11000.0,36.0,0.0,10.0,-1.0,4.0
BL030,Diazinon,500.0,5.0,2.0,11822.5,54.0,0.0,10.0,-0.2,3.0
BL030,Diazinon,500.0,5.0,3.0,38160.0,98.0,13.0,10.0,2.8,21.0
BL030,Diazinon,500.0,5.0,4.0,170390.0,521.0,33.0,30.0,0.2,39.0
BL030,Diazinon,50.0,5.0,1.0,5892.5,20.0,0.0,0.0,-0.6,5.0
BL030,Diazinon,50.0,5.0,2.0,17325.0,83.0,1.0,15.0,3.0,9.0
BL030,Diazinon,50.0,5.0,3.0,25870.0,94.0,5.0,10.0,1.4,10.0
BL030,Diazinon,50.0,5.0,4.0,145792.5,478.0,24.0,15.0,2.8,34.0
BL030,Diazinon,5.0,5.0,1.0,8380.0,41.0,0.0,0.0,-1.4,3.0
BL030,Diazinon,5.0,5.0,2.0,12880.0,68.0,0.0,5.0,0.8,4.0
BL030,Diazinon,5.0,5.0,3.0,21230.0,106.0,0.0,15.0,0.8,7.0
BL030,Diazinon,5.0,5.0,4.0,176747.5,524.0,49.0,25.0,11.4,139.0
BL030,Diazinon,0.5,5.0,1.0,11915.0,35.0,0.0,25.0,1.0,2.0
BL030,Diazinon,0.5,5.0,2.0,16552.5,87.0,1.0,5.0,1.0,3.0
BL030,Diazinon,0.5,5.0,3.0,14282.5,72.0,0.0,10.0,1.0,1.0
BL030,Diazinon,0.5,5.0,4.0,413485.0,1317.0,53.0,1440.0,8.2,1317.0
BL030,Diazinon,0.05,5.0,1.0,10760.0,36.0,0.0,0.0,-0.4,2.0
BL030,Diazinon,0.05,5.0,2.0,16507.5,85.0,0.0,15.0,0.0,4.0
BL030,Diazinon,0.05,5.0,3.0,16700.0,81.0,1.0,15.0,0.6,4.0
BL030,Diazinon,0.05,5.0,4.0,466822.5,1533.0,50.0,1440.0,11.4,1533.0
BL030,Trimethoprim,500.0,1.0,1.0,781027.5,3264.0,5.0,1440.0,-6.2,3264.0
BL030,Trimethoprim,500.0,1.0,2.0,123050.0,832.0,7.0,1440.0,-53.0,832.0
BL030,Trimethoprim,500.0,1.0,3.0,155967.5,1577.0,8.0,0.0,-67.6,12.0
BL030,Trimethoprim,500.0,1.0,4.0,92177395.0,106437.0,30105.0,425.0,-8.0,38439.0
BL030,Trimethoprim,50.0,1.0,4.0,14810817.5,19304.0,5227.0,410.0,-422.4,5227.0
BL030,Trimethoprim,5.0,1.0,4.0,18786997.5,61854.0,3491.0,80.0,-313.4,3567.0
BL030,Trimethoprim,0.5,1.0,4.0,26826450.0,84402.0,6426.0,70.0,420.2,6426.0
BL030,Trimethoprim,0.05,1.0,4.0,40493027.5,88799.0,5315.0,75.0,708.2,5315.0
BL030,Trimethoprim,500.0,2.0,1.0,8152.5,42.0,1.0,0.0,-3.6,6.0
BL030,Trimethoprim,500.0,2.0,2.0,252657.5,1064.0,14.0,0.0,-64.6,463.0
BL030,Trimethoprim,500.0,2.0,3.0,14188445.0,21772.0,4725.0,1440.0,-105.8,21772.0
BL030,Trimethoprim,500.0,2.0,4.0,13864742.5,17512.0,5792.0,155.0,-77.2,13374.0
BL030,Trimethoprim,50.0,2.0,4.0,13641022.5,27520.0,2667.0,175.0,295.0,2667.0
BL030,Trimethoprim,5.0,2.0,4.0,12178070.0,46140.0,1002.0,80.0,518.0,9654.0
BL030,Trimethoprim,0.5,2.0,4.0,12291280.0,46568.0,1212.0,80.0,518.4,9244.0
BL030,Trimethoprim,0.05,2.0,4.0,13491757.5,47602.0,1282.0,80.0,539.8,15181.0
BL030,Trimethoprim,500.0,3.0,1.0,7585.0,16.0,2.0,0.0,-1.0,5.0
BL030,Trimethoprim,500.0,3.0,2.0,103565.0,628.0,12.0,1440.0,-14.8,628.0
BL030,Trimethoprim,500.0,3.0,3.0,43007090.0,46216.0,8742.0,545.0,-71.2,27462.0
BL030,Trimethoprim,500.0,3.0,4.0,100959887.5,101820.0,20548.0,490.0,241.8,71751.0
BL030,Trimethoprim,50.0,3.0,4.0,34513402.5,59651.0,8904.0,265.0,444.6,8904.0
BL030,Trimethoprim,5.0,3.0,4.0,18894055.0,30799.0,3126.0,235.0,363.2,3126.0
BL030,Trimethoprim,0.5,3.0,4.0,20309220.0,32631.0,5636.0,250.0,539.0,5636.0
BL030,Trimethoprim,0.05,3.0,4.0,19216485.0,32055.0,5199.0,15.0,437.4,5199.0
BL030,Trimethoprim,500.0,4.0,1.0,12252.5,186.0,0.0,0.0,-4.4,7.0
BL030,Trimethoprim,500.0,4.0,2.0,23880.0,302.0,1.0,0.0,-5.0,6.0
BL030,Trimethoprim,500.0,4.0,3.0,70622.5,951.0,4.0,0.0,-26.6,8.0
BL030,Trimethoprim,500.0,4.0,4.0,54726670.0,48152.0,19371.0,625.0,221.0,44380.0
BL030,Trimethoprim,50.0,4.0,4.0,72063042.5,90881.0,24885.0,395.0,414.2,35880.0
BL030,Trimethoprim,5.0,4.0,4.0,35762702.5,38158.0,18180.0,260.0,511.0,22128.0
BL030,Trimethoprim,0.5,4.0,4.0,27811695.0,29679.0,13842.0,5.0,195.0,17320.0
BL030,Trimethoprim,0.05,4.0,4.0,26647017.5,30966.0,12223.0,15.0,670.4,17866.0
BL030,Trimethoprim,500.0,5.0,1.0,7540.0,24.0,0.0,145.0,-0.6,0.0
BL030,Trimethoprim,500.0,5.0,2.0,14002.5,85.0,0.0,0.0,-5.6,4.0
BL030,Trimethoprim,500.0,5.0,3.0,82285.0,523.0,18.0,0.0,-17.0,29.0
BL030,Trimethoprim,500.0,5.0,4.0,122361212.5,110289.0,4841.0,885.0,126.8,79120.0
BL030,Trimethoprim,50.0,5.0,1.0,5192.5,28.0,0.0,1420.0,-1.2,28.0
BL030,Trimethoprim,50.0,5.0,2.0,8687.5,121.0,0.0,0.0,-5.0,12.0
BL030,Trimethoprim,50.0,5.0,3.0,26055.0,287.0,0.0,0.0,-12.8,7.0
BL030,Trimethoprim,50.0,5.0,4.0,31831630.0,98161.0,3607.0,160.0,367.2,3640.0
BL030,Trimethoprim,5.0,5.0,1.0,3225.0,28.0,0.0,0.0,-2.8,0.0
BL030,Trimethoprim,5.0,5.0,2.0,23517.5,152.0,0.0,1430.0,-1.4,146.0
BL030,Trimethoprim,5.0,5.0,3.0,120535.0,759.0,14.0,0.0,-21.4,37.0
BL030,Trimethoprim,5.0,5.0,4.0,30575417.5,87638.0,2464.0,170.0,313.2,2525.0
BL030,Trimethoprim,0.5,5.0,1.0,5175.0,119.0,0.0,0.0,-7.4,1.0
BL030,Trimethoprim,0.5,5.0,2.0,4050.0,32.0,0.0,0.0,-1.0,0.0
BL030,Trimethoprim,0.5,5.0,3.0,13467.5,99.0,0.0,0.0,-2.0,0.0
BL030,Trimethoprim,0.5,5.0,4.0,25734422.5,78350.0,2190.0,120.0,384.6,2210.0
BL030,Trimethoprim,0.05,5.0,1.0,7852.5,27.0,0.0,110.0,0.0,4.0
BL030,Trimethoprim,0.05,5.0,2.0,18170.0,250.0,0.0,0.0,-11.6,0.0
BL030,Trimethoprim,0.05,5.0,3.0,66802.5,597.0,0.0,0.0,-14.0,0.0
BL030,Trimethoprim,0.05,5.0,4.0,29498787.5,75490.0,4346.0,165.0,404.2,4346.0
BL030,DEET,500.0,1.0,1.0,574490.0,1492.0,72.0,75.0,51.0,848.0
BL030,DEET,500.0,1.0,2.0,706397.5,1755.0,72.0,95.0,44.8,1315.0
BL030,DEET,500.0,1.0,3.0,687707.5,2140.0,72.0,80.0,34.8,1271.0
BL030,DEET,500.0,1.0,4.0,754787.5,2501.0,72.0,85.0,44.8,1354.0
BL030,DEET,50.0,1.0,1.0,603705.0,1622.0,51.0,65.0,47.2,1126.0
BL030,DEET,50.0,1.0,2.0,709645.0,1828.0,60.0,70.0,42.4,1356.0
BL030,DEET,50.0,1.0,3.0,725807.5,2275.0,55.0,80.0,40.8,1503.0
BL030,DEET,50.0,1.0,4.0,808977.5,2514.0,68.0,85.0,40.2,1522.0
BL030,DEET,5.0,1.0,1.0,556412.5,1616.0,42.0,80.0,55.0,1075.0
BL030,DEET,5.0,1.0,2.0,693250.0,1885.0,54.0,85.0,42.0,1444.0
BL030,DEET,5.0,1.0,3.0,669632.5,2350.0,56.0,85.0,38.2,1395.0
BL030,DEET,5.0,1.0,4.0,776665.0,2511.0,71.0,85.0,35.8,1538.0
BL030,DEET,0.5,1.0,1.0,612377.5,1651.0,45.0,65.0,52.2,1141.0
BL030,DEET,0.5,1.0,2.0,590975.0,1786.0,48.0,85.0,43.4,1220.0
BL030,DEET,0.5,1.0,3.0,723340.0,2302.0,58.0,90.0,41.6,1487.0
BL030,DEET,0.5,1.0,4.0,749957.5,2562.0,62.0,85.0,46.4,1452.0
BL030,DEET,0.05,1.0,1.0,594395.0,1649.0,46.0,70.0,53.4,1114.0
BL030,DEET,0.05,1.0,2.0,644330.0,1743.0,54.0,75.0,47.2,1181.0
BL030,DEET,0.05,1.0,3.0,731272.5,2416.0,60.0,85.0,50.0,1213.0
BL030,DEET,0.05,1.0,4.0,676515.0,2585.0,61.0,85.0,51.0,1195.0
BL030,DEET,500.0,2.0,1.0,10795850.0,32619.0,807.0,1440.0,-5.6,32619.0
BL030,DEET,500.0,2.0,2.0,10534910.0,30796.0,829.0,1440.0,-4.6,30796.0
BL030,DEET,500.0,2.0,3.0,13926540.0,41885.0,887.0,1440.0,11.8,41885.0
BL030,DEET,500.0,2.0,4.0,16551732.5,49282.0,911.0,1440.0,42.4,49282.0
BL030,DEET,50.0,2.0,1.0,9483610.0,28635.0,837.0,1440.0,5.2,28635.0
BL030,DEET,50.0,2.0,2.0,1689872.5,2351.0,126.0,280.0,0.0,211.0
BL030,DEET,50.0,2.0,3.0,13466025.0,43141.0,841.0,1440.0,31.4,43141.0
BL030,DEET,50.0,2.0,4.0,18180522.5,55491.0,912.0,1440.0,46.6,55491.0
BL030,DEET,5.0,2.0,1.0,1582800.0,2125.0,128.0,400.0,-5.0,173.0
BL030,DEET,5.0,2.0,2.0,1698780.0,2335.0,124.0,350.0,-11.6,192.0
BL030,DEET,5.0,2.0,3.0,2130650.0,2889.0,213.0,230.0,41.4,947.0
BL030,DEET,5.0,2.0,4.0,2086240.0,2968.0,212.0,225.0,52.6,550.0
BL030,DEET,0.5,2.0,1.0,1643540.0,2221.0,134.0,365.0,12.6,172.0
BL030,DEET,0.5,2.0,2.0,1725617.5,2390.0,133.0,400.0,2.2,193.0
BL030,DEET,0.5,2.0,3.0,1908585.0,2849.0,140.0,240.0,24.8,195.0
BL030,DEET,0.5,2.0,4.0,2193897.5,3001.0,185.0,215.0,40.6,954.0
BL030,DEET,0.05,2.0,1.0,1613727.5,2183.0,114.0,435.0,3.4,160.0
BL030,DEET,0.05,2.0,2.0,1692020.0,2332.0,115.0,395.0,-3.6,158.0
BL030,DEET,0.05,2.0,3.0,1910040.0,2912.0,132.0,240.0,25.4,184.0
BL030,DEET,0.05,2.0,4.0,3559150.0,6146.0,768.0,1430.0,47.2,6130.0
BL030,DEET,500.0,3.0,1.0,10795850.0,32619.0,807.0,1440.0,-5.6,32619.0
BL030,DEET,500.0,3.0,2.0,10534910.0,30796.0,829.0,1440.0,-4.6,30796.0
BL030,DEET,500.0,3.0,3.0,13926540.0,41885.0,887.0,1440.0,11.8,41885.0
BL030,DEET,500.0,3.0,4.0,16551732.5,49282.0,911.0,1440.0,42.4,49282.0
BL030,DEET,50.0,3.0,1.0,9483610.0,28635.0,837.0,1440.0,5.2,28635.0
BL030,DEET,50.0,3.0,2.0,1689872.5,2351.0,126.0,280.0,0.0,211.0
BL030,DEET,50.0,3.0,3.0,13466025.0,43141.0,841.0,1440.0,31.4,43141.0
BL030,DEET,50.0,3.0,4.0,18180522.5,55491.0,912.0,1440.0,46.6,55491.0
BL030,DEET,5.0,3.0,1.0,1582800.0,2125.0,128.0,400.0,-5.0,173.0
BL030,DEET,5.0,3.0,2.0,1698780.0,2335.0,124.0,350.0,-11.6,192.0
BL030,DEET,5.0,3.0,3.0,2130650.0,2889.0,213.0,230.0,41.4,947.0
BL030,DEET,5.0,3.0,4.0,2086240.0,2968.0,212.0,225.0,52.6,550.0
BL030,DEET,0.5,3.0,1.0,1643540.0,2221.0,134.0,365.0,12.6,172.0
BL030,DEET,0.5,3.0,2.0,1725617.5,2390.0,133.0,400.0,2.2,193.0
BL030,DEET,0.5,3.0,3.0,1908585.0,2849.0,140.0,240.0,24.8,195.0
BL030,DEET,0.5,3.0,4.0,2193897.5,3001.0,185.0,215.0,40.6,954.0
BL030,DEET,0.05,3.0,1.0,1613727.5,2183.0,114.0,435.0,3.4,160.0
BL030,DEET,0.05,3.0,2.0,1692020.0,2332.0,115.0,395.0,-3.6,158.0
BL030,DEET,0.05,3.0,3.0,1910040.0,2912.0,132.0,240.0,25.4,184.0
BL030,DEET,0.05,3.0,4.0,3559150.0,6146.0,768.0,1430.0,47.2,6130.0
BL030,DEET,500.0,4.0,1.0,2130.0,4.0,0.0,190.0,-0.2,1.0
BL030,DEET,500.0,4.0,2.0,2265.0,11.0,0.0,435.0,-0.4,1.0
BL030,DEET,500.0,4.0,3.0,2485.0,10.0,0.0,0.0,-0.6,2.0
BL030,DEET,500.0,4.0,4.0,12280.0,211.0,1.0,0.0,-7.8,5.0
BL030,DEET,50.0,4.0,1.0,2040.0,6.0,0.0,365.0,-0.2,1.0
BL030,DEET,50.0,4.0,2.0,2035.0,7.0,0.0,370.0,0.2,1.0
BL030,DEET,50.0,4.0,3.0,2182.5,4.0,0.0,5.0,0.2,2.0
BL030,DEET,50.0,4.0,4.0,12015.0,279.0,0.0,0.0,-2.8,3.0
BL030,DEET,5.0,4.0,1.0,1965.0,4.0,0.0,0.0,-0.4,4.0
BL030,DEET,5.0,4.0,2.0,1992.5,8.0,0.0,0.0,-0.6,1.0
BL030,DEET,5.0,4.0,3.0,1942.5,12.0,0.0,0.0,-1.0,1.0
BL030,DEET,5.0,4.0,4.0,18107.5,301.0,1.0,0.0,-11.0,8.0
BL030,DEET,0.5,4.0,1.0,1955.0,6.0,0.0,460.0,-0.4,2.0
BL030,DEET,0.5,4.0,2.0,1985.0,11.0,0.0,0.0,-1.4,1.0
BL030,DEET,0.5,4.0,3.0,2020.0,14.0,0.0,0.0,-0.4,0.0
BL030,DEET,0.5,4.0,4.0,9082.5,180.0,0.0,0.0,-3.2,3.0
BL030,DEET,0.05,4.0,1.0,2022.5,6.0,0.0,1185.0,-0.2,2.0
BL030,DEET,0.05,4.0,2.0,2067.5,8.0,0.0,0.0,-1.0,1.0
BL030,DEET,0.05,4.0,3.0,2105.0,3.0,0.0,20.0,-0.4,2.0
BL030,DEET,0.05,4.0,4.0,16290.0,272.0,1.0,0.0,-7.8,6.0
BL030,DEET,500.0,5.0,1.0,3385.0,10.0,0.0,1360.0,0.0,6.0
BL030,DEET,500.0,5.0,2.0,2567.5,7.0,0.0,1155.0,-0.6,1.0
BL030,DEET,500.0,5.0,3.0,2457.5,4.0,0.0,0.0,-0.4,1.0
BL030,DEET,500.0,5.0,4.0,3045.0,9.0,0.0,595.0,-0.4,2.0
BL030,DEET,50.0,5.0,1.0,5550.0,14.0,0.0,1125.0,0.0,6.0
BL030,DEET,50.0,5.0,2.0,2625.0,29.0,0.0,445.0,-0.2,1.0
BL030,DEET,50.0,5.0,3.0,2477.5,9.0,0.0,1240.0,0.0,1.0
BL030,DEET,50.0,5.0,4.0,2807.5,18.0,0.0,1400.0,0.2,2.0
BL030,DEET,5.0,5.0,1.0,2562.5,10.0,0.0,285.0,0.2,1.0
BL030,DEET,5.0,5.0,2.0,2435.0,7.0,0.0,235.0,-0.2,2.0
BL030,DEET,5.0,5.0,3.0,2312.5,5.0,0.0,820.0,0.0,2.0
BL030,DEET,5.0,5.0,4.0,2570.0,5.0,0.0,25.0,0.4,2.0
BL030,DEET,0.5,5.0,1.0,2397.5,4.0,0.0,5.0,0.4,3.0
BL030,DEET,0.5,5.0,2.0,2435.0,5.0,0.0,1355.0,-0.2,2.0
BL030,DEET,0.5,5.0,3.0,2440.0,5.0,0.0,570.0,-0.2,1.0
BL030,DEET,0.5,5.0,4.0,2580.0,12.0,0.0,695.0,0.0,1.0
BL030,DEET,0.05,5.0,1.0,2385.0,4.0,0.0,30.0,-0.2,2.0
BL030,DEET,0.05,5.0,2.0,2380.0,8.0,0.0,435.0,0.0,2.0
BL030,DEET,0.05,5.0,3.0,2445.0,5.0,0.0,675.0,0.2,1.0
BL030,DEET,0.05,5.0,4.0,2847.5,6.0,0.0,85.0,-0.6,0.0
BL030,Propoxur,500.0,1.0,1.0,46632460.0,70665.0,10943.0,295.0,649.0,45586.0
BL030,Propoxur,500.0,1.0,2.0,45740785.0,70341.0,11199.0,200.0,715.8,43034.0
BL030,Propoxur,500.0,1.0,3.0,25253015.0,61791.0,3877.0,195.0,517.4,4074.0
BL030,Propoxur,500.0,1.0,4.0,47686782.5,72331.0,14778.0,190.0,548.6,54572.0
BL030,Propoxur,50.0,1.0,1.0,46827122.5,66712.0,19429.0,205.0,785.0,39352.0
BL030,Propoxur,50.0,1.0,2.0,49234275.0,68061.0,19211.0,195.0,674.0,43179.0
BL030,Propoxur,50.0,1.0,3.0,26491390.0,59802.0,2786.0,200.0,604.2,2786.0
BL030,Propoxur,50.0,1.0,4.0,27052707.5,62388.0,2640.0,195.0,630.6,2653.0
BL030,Propoxur,5.0,1.0,1.0,52782250.0,64220.0,20091.0,210.0,695.0,44226.0
BL030,Propoxur,5.0,1.0,2.0,52940912.5,65158.0,20874.0,310.0,645.2,44265.0
BL030,Propoxur,5.0,1.0,3.0,26424340.0,53548.0,2445.0,65.0,685.0,2445.0
BL030,Propoxur,5.0,1.0,4.0,27824597.5,56139.0,2404.0,75.0,519.0,2404.0
BL030,Propoxur,0.5,1.0,1.0,50490855.0,64336.0,21701.0,310.0,769.6,40309.0
BL030,Propoxur,0.5,1.0,2.0,49936290.0,65886.0,20570.0,310.0,694.4,40216.0
BL030,Propoxur,0.5,1.0,3.0,26589582.5,54762.0,2403.0,75.0,576.2,2420.0
BL030,Propoxur,0.5,1.0,4.0,27525445.0,57820.0,2620.0,75.0,575.6,2620.0
BL030,Propoxur,0.05,1.0,1.0,25927882.5,54040.0,2177.0,75.0,664.6,2193.0
BL030,Propoxur,0.05,1.0,2.0,49574017.5,64210.0,20376.0,310.0,772.6,37787.0
BL030,Propoxur,0.05,1.0,3.0,26450140.0,55492.0,2293.0,75.0,666.8,2293.0
BL030,Propoxur,0.05,1.0,4.0,27513912.5,58547.0,2599.0,190.0,583.8,2599.0
BL030,Propoxur,500.0,2.0,1.0,48656720.0,59830.0,12824.0,215.0,317.4,46751.0
BL030,Propoxur,500.0,2.0,2.0,44697232.5,58848.0,12675.0,215.0,304.2,43720.0
BL030,Propoxur,500.0,2.0,3.0,47486990.0,61069.0,15056.0,215.0,315.4,45785.0
BL030,Propoxur,500.0,2.0,4.0,49785927.5,59589.0,16311.0,215.0,224.4,51655.0
BL030,Propoxur,50.0,2.0,1.0,44607865.0,53222.0,17114.0,215.0,482.0,43502.0
BL030,Propoxur,50.0,2.0,2.0,45477837.5,52495.0,16737.0,215.0,442.4,44115.0
BL030,Propoxur,50.0,2.0,3.0,28264422.5,53520.0,8522.0,5.0,372.6,10284.0
BL030,Propoxur,50.0,2.0,4.0,18871970.0,55308.0,2259.0,5.0,283.4,2259.0
BL030,Propoxur,5.0,2.0,1.0,46207295.0,50887.0,19305.0,5.0,325.8,45850.0
BL030,Propoxur,5.0,2.0,2.0,47807187.5,53761.0,18806.0,215.0,415.8,45900.0
BL030,Propoxur,5.0,2.0,3.0,13788022.5,53729.0,615.0,5.0,369.6,9880.0
BL030,Propoxur,5.0,2.0,4.0,45327410.0,60599.0,19774.0,225.0,349.4,34072.0
BL030,Propoxur,0.5,2.0,1.0,17831050.0,50706.0,2015.0,5.0,358.6,2031.0
BL030,Propoxur,0.5,2.0,2.0,29100352.5,56149.0,7672.0,225.0,405.6,8867.0
BL030,Propoxur,0.5,2.0,3.0,25692147.5,57553.0,4507.0,225.0,334.2,5523.0
BL030,Propoxur,0.5,2.0,4.0,43599287.5,59031.0,19587.0,225.0,381.0,30356.0
BL030,Propoxur,0.05,2.0,1.0,16946655.0,50788.0,1868.0,5.0,208.0,1868.0
BL030,Propoxur,0.05,2.0,2.0,17483675.0,51945.0,1820.0,5.0,378.6,1820.0
BL030,Propoxur,0.05,2.0,3.0,18010000.0,53637.0,1871.0,5.0,326.0,1883.0
BL030,Propoxur,0.05,2.0,4.0,52501382.5,57599.0,17844.0,1355.0,198.2,56481.0
BL030,Propoxur,500.0,3.0,1.0,48656720.0,59830.0,12824.0,215.0,317.4,46751.0
BL030,Propoxur,500.0,3.0,2.0,44697232.5,58848.0,12675.0,215.0,304.2,43720.0
BL030,Propoxur,500.0,3.0,3.0,47486990.0,61069.0,15056.0,215.0,315.4,45785.0
BL030,Propoxur,500.0,3.0,4.0,49785927.5,59589.0,16311.0,215.0,224.4,51655.0
BL030,Propoxur,50.0,3.0,1.0,44607865.0,53222.0,17114.0,215.0,482.0,43502.0
BL030,Propoxur,50.0,3.0,2.0,45477837.5,52495.0,16737.0,215.0,442.4,44115.0
BL030,Propoxur,50.0,3.0,3.0,28264422.5,53520.0,8522.0,5.0,372.6,10284.0
BL030,Propoxur,50.0,3.0,4.0,18871970.0,55308.0,2259.0,5.0,283.4,2259.0
BL030,Propoxur,5.0,3.0,1.0,46207295.0,50887.0,19305.0,5.0,325.8,45850.0
BL030,Propoxur,5.0,3.0,2.0,47807187.5,53761.0,18806.0,215.0,415.8,45900.0
BL030,Propoxur,5.0,3.0,3.0,13788022.5,53729.0,615.0,5.0,369.6,9880.0
BL030,Propoxur,5.0,3.0,4.0,45327410.0,60599.0,19774.0,225.0,349.4,34072.0
BL030,Propoxur,0.5,3.0,1.0,17831050.0,50706.0,2015.0,5.0,358.6,2031.0
BL030,Propoxur,0.5,3.0,2.0,29100352.5,56149.0,7672.0,225.0,405.6,8867.0
BL030,Propoxur,0.5,3.0,3.0,25692147.5,57553.0,4507.0,225.0,334.2,5523.0
BL030,Propoxur,0.5,3.0,4.0,43599287.5,59031.0,19587.0,225.0,381.0,30356.0
BL030,Propoxur,0.05,3.0,1.0,16946655.0,50788.0,1868.0,5.0,208.0,1868.0
BL030,Propoxur,0.05,3.0,2.0,17483675.0,51945.0,1820.0,5.0,378.6,1820.0
BL030,Propoxur,0.05,3.0,3.0,18010000.0,53637.0,1871.0,5.0,326.0,1883.0
BL030,Propoxur,0.05,3.0,4.0,52501382.5,57599.0,17844.0,1355.0,198.2,56481.0
BL030,Propoxur,500.0,4.0,1.0,5580.0,28.0,0.0,0.0,-1.4,2.0
BL030,Propoxur,500.0,4.0,2.0,34905.0,282.0,7.0,0.0,-15.8,42.0
BL030,Propoxur,500.0,4.0,3.0,8257.5,40.0,2.0,0.0,-2.4,5.0
BL030,Propoxur,500.0,4.0,4.0,1582557.5,3558.0,375.0,0.0,-91.0,385.0
BL030,Propoxur,50.0,4.0,1.0,2597.5,26.0,0.0,0.0,-2.8,1.0
BL030,Propoxur,50.0,4.0,2.0,5995.0,174.0,0.0,0.0,-10.8,2.0
BL030,Propoxur,50.0,4.0,3.0,3630.0,49.0,0.0,0.0,-3.2,1.0
BL030,Propoxur,50.0,4.0,4.0,3616187.5,8917.0,704.0,45.0,-72.2,707.0
BL030,Propoxur,5.0,4.0,1.0,6110.0,140.0,0.0,0.0,-8.0,6.0
BL030,Propoxur,5.0,4.0,2.0,2305.0,5.0,0.0,0.0,-0.2,1.0
BL030,Propoxur,5.0,4.0,3.0,4467.5,100.0,0.0,0.0,-5.8,1.0
BL030,Propoxur,5.0,4.0,4.0,3780527.5,9869.0,744.0,35.0,-26.6,744.0
BL030,Propoxur,0.5,4.0,1.0,2847.5,55.0,0.0,0.0,-3.8,2.0
BL030,Propoxur,0.5,4.0,2.0,2510.0,6.0,0.0,400.0,-0.2,2.0
BL030,Propoxur,0.5,4.0,3.0,5100.0,169.0,0.0,0.0,-9.0,3.0
BL030,Propoxur,0.5,4.0,4.0,742097.5,2549.0,126.0,0.0,-68.4,160.0
BL030,Propoxur,0.05,4.0,1.0,4387.5,16.0,0.0,0.0,-1.2,1.0
BL030,Propoxur,0.05,4.0,2.0,5932.5,102.0,0.0,0.0,-6.6,1.0
BL030,Propoxur,0.05,4.0,3.0,6382.5,103.0,0.0,0.0,-7.0,2.0
BL030,Propoxur,0.05,4.0,4.0,3486515.0,8980.0,673.0,35.0,-73.2,717.0
BL030,Propoxur,500.0,5.0,1.0,3810.0,15.0,0.0,25.0,-0.4,4.0
BL030,Propoxur,500.0,5.0,2.0,4435.0,17.0,0.0,15.0,0.6,4.0
BL030,Propoxur,500.0,5.0,3.0,5555.0,25.0,0.0,25.0,-0.8,2.0
BL030,Propoxur,500.0,5.0,4.0,4367605.0,24888.0,217.0,45.0,446.6,604.0
BL030,Propoxur,50.0,5.0,1.0,3290.0,8.0,0.0,1430.0,-0.2,7.0
BL030,Propoxur,50.0,5.0,2.0,3670.0,34.0,0.0,0.0,-1.6,2.0
BL030,Propoxur,50.0,5.0,3.0,5997.5,53.0,0.0,0.0,-1.8,2.0
BL030,Propoxur,50.0,5.0,4.0,5993825.0,40065.0,328.0,45.0,639.0,1909.0
BL030,Propoxur,5.0,5.0,1.0,2447.5,5.0,0.0,270.0,-0.2,2.0
BL030,Propoxur,5.0,5.0,2.0,2707.5,6.0,0.0,5.0,0.2,2.0
BL030,Propoxur,5.0,5.0,3.0,3910.0,16.0,0.0,50.0,0.8,2.0
BL030,Propoxur,5.0,5.0,4.0,4246192.5,23326.0,233.0,50.0,363.2,489.0
BL030,Propoxur,0.5,5.0,1.0,2637.5,11.0,0.0,1105.0,0.2,1.0
BL030,Propoxur,0.5,5.0,2.0,2792.5,8.0,0.0,505.0,0.0,2.0
BL030,Propoxur,0.5,5.0,3.0,4980.0,28.0,0.0,0.0,-0.6,2.0
BL030,Propoxur,0.5,5.0,4.0,8246410.0,57101.0,479.0,35.0,710.8,6577.0
BL030,Propoxur,0.05,5.0,1.0,3477.5,12.0,0.0,50.0,-0.2,2.0
BL030,Propoxur,0.05,5.0,2.0,3717.5,14.0,0.0,65.0,-0.4,3.0
BL030,Propoxur,0.05,5.0,3.0,5447.5,36.0,0.0,0.0,-0.6,5.0
BL030,Propoxur,0.05,5.0,4.0,5784282.5,36343.0,383.0,45.0,607.2,2703.0
BL031,Metaldehyde,500.0,5.0,1.0,24401500.0,89799.0,4995.0,65.0,2175.6,4995.0
BL031,Metaldehyde,500.0,5.0,2.0,26254610.0,90595.0,5070.0,60.0,2108.4,5075.0
BL031,Metaldehyde,500.0,5.0,3.0,26946035.0,92148.0,5073.0,65.0,2076.6,5121.0
BL031,Metaldehyde,500.0,5.0,4.0,30168557.5,93528.0,5426.0,125.0,2098.0,5426.0
BL031,Metaldehyde,50.0,5.0,1.0,23864725.0,83216.0,5331.0,70.0,1890.4,5538.0
BL031,Metaldehyde,50.0,5.0,2.0,23513440.0,81158.0,4534.0,65.0,1834.8,4543.0
BL031,Metaldehyde,50.0,5.0,3.0,24754365.0,82158.0,4811.0,70.0,1917.0,4813.0
BL031,Metaldehyde,50.0,5.0,4.0,26491905.0,79926.0,4660.0,75.0,1796.2,4664.0
BL031,Metaldehyde,5.0,5.0,1.0,22862690.0,79305.0,4753.0,70.0,1870.2,4753.0
BL031,Metaldehyde,5.0,5.0,2.0,23200597.5,79022.0,4517.0,70.0,1773.0,4517.0
BL031,Metaldehyde,5.0,5.0,3.0,21049335.0,80317.0,932.0,65.0,1765.8,932.0
BL031,Metaldehyde,5.0,5.0,4.0,22343287.5,78837.0,968.0,75.0,1677.8,988.0
BL031,Metaldehyde,0.5,5.0,1.0,23311627.5,78945.0,4809.0,75.0,1894.6,4809.0
BL031,Metaldehyde,0.5,5.0,2.0,22652357.5,78451.0,4431.0,80.0,1730.8,4447.0
BL031,Metaldehyde,0.5,5.0,3.0,20872290.0,80165.0,962.0,80.0,1718.8,962.0
BL031,Metaldehyde,0.5,5.0,4.0,22378030.0,80559.0,999.0,80.0,1669.2,999.0
BL031,Metaldehyde,0.05,5.0,1.0,22442500.0,77472.0,4088.0,70.0,1792.6,4088.0
BL031,Metaldehyde,0.05,5.0,2.0,20347115.0,78042.0,1138.0,80.0,1745.4,1138.0
BL031,Metaldehyde,0.05,5.0,3.0,20427727.5,79186.0,1177.0,65.0,1656.0,1177.0
BL031,Metaldehyde,0.05,5.0,4.0,21605590.0,79144.0,1044.0,70.0,1644.4,1091.0
BL031,Metaldehyde,500.0,4.0,1.0,30648262.5,96634.0,3367.0,120.0,1971.2,3367.0
BL031,Metaldehyde,500.0,4.0,2.0,30796965.0,90955.0,3855.0,120.0,1889.6,3855.0
BL031,Metaldehyde,500.0,4.0,3.0,31652455.0,94148.0,3767.0,120.0,1822.0,3826.0
BL031,Metaldehyde,500.0,4.0,4.0,34322415.0,96097.0,4076.0,120.0,1864.8,4076.0
BL031,Metaldehyde,50.0,4.0,1.0,30009672.5,88067.0,4363.0,120.0,1697.8,4365.0
BL031,Metaldehyde,50.0,4.0,2.0,30149687.5,88227.0,3677.0,120.0,1684.2,3691.0
BL031,Metaldehyde,50.0,4.0,3.0,29479180.0,86747.0,3514.0,125.0,1535.2,3514.0
BL031,Metaldehyde,50.0,4.0,4.0,31314850.0,89742.0,3593.0,120.0,1577.8,3593.0
BL031,Metaldehyde,5.0,4.0,1.0,29066200.0,87527.0,3639.0,90.0,1666.4,3639.0
BL031,Metaldehyde,5.0,4.0,2.0,29559410.0,86224.0,3568.0,95.0,1517.2,3568.0
BL031,Metaldehyde,5.0,4.0,3.0,29686330.0,85474.0,3008.0,125.0,1442.0,3008.0
BL031,Metaldehyde,5.0,4.0,4.0,31176907.5,90166.0,3605.0,125.0,1470.4,3605.0
BL031,Metaldehyde,0.5,4.0,1.0,29129760.0,86329.0,3674.0,95.0,1567.4,3674.0
BL031,Metaldehyde,0.5,4.0,2.0,29672850.0,90374.0,3245.0,125.0,1491.4,3245.0
BL031,Metaldehyde,0.5,4.0,3.0,28819305.0,82490.0,3149.0,95.0,1394.8,3149.0
BL031,Metaldehyde,0.5,4.0,4.0,29625342.5,85857.0,3007.0,100.0,1462.4,3007.0
BL031,Metaldehyde,0.05,4.0,1.0,29860427.5,85757.0,4186.0,100.0,1586.8,4212.0
BL031,Metaldehyde,0.05,4.0,2.0,28760992.5,84752.0,3154.0,125.0,1363.0,3225.0
BL031,Metaldehyde,0.05,4.0,3.0,29149655.0,85978.0,3034.0,100.0,1343.2,3034.0
BL031,Metaldehyde,0.05,4.0,4.0,29274420.0,83948.0,2967.0,130.0,1271.6,2967.0
BL031,Metaldehyde,500.0,3.0,1.0,29856105.0,120151.0,4940.0,85.0,1257.2,4940.0
BL031,Metaldehyde,500.0,3.0,2.0,30874745.0,117041.0,4841.0,85.0,1161.2,4911.0
BL031,Metaldehyde,500.0,3.0,3.0,28982715.0,104791.0,5068.0,80.0,975.8,5075.0
BL031,Metaldehyde,500.0,3.0,4.0,31923527.5,110295.0,4988.0,90.0,793.6,4988.0
BL031,Metaldehyde,50.0,3.0,1.0,24748855.0,94491.0,5155.0,80.0,1306.6,5155.0
BL031,Metaldehyde,50.0,3.0,2.0,25668922.5,93090.0,5011.0,80.0,1052.6,5068.0
BL031,Metaldehyde,50.0,3.0,3.0,25454145.0,94310.0,4653.0,80.0,1049.8,4663.0
BL031,Metaldehyde,50.0,3.0,4.0,27728185.0,95618.0,4687.0,90.0,841.2,4706.0
BL031,Metaldehyde,5.0,3.0,1.0,24374410.0,92772.0,5172.0,80.0,1074.4,5172.0
BL031,Metaldehyde,5.0,3.0,2.0,24658452.5,91501.0,4825.0,80.0,836.4,4825.0
BL031,Metaldehyde,5.0,3.0,3.0,24603887.5,92092.0,4663.0,85.0,651.2,4775.0
BL031,Metaldehyde,5.0,3.0,4.0,25694192.5,98213.0,1104.0,85.0,732.2,1104.0
BL031,Metaldehyde,0.5,3.0,1.0,23740337.5,92151.0,5129.0,80.0,931.2,5193.0
BL031,Metaldehyde,0.5,3.0,2.0,24701390.0,93225.0,4781.0,85.0,691.4,4846.0
BL031,Metaldehyde,0.5,3.0,3.0,25090515.0,92228.0,4820.0,80.0,850.6,4833.0
BL031,Metaldehyde,0.5,3.0,4.0,25516580.0,87593.0,5092.0,90.0,638.4,5092.0
BL031,Metaldehyde,0.05,3.0,1.0,24802950.0,97261.0,4171.0,80.0,925.4,4267.0
BL031,Metaldehyde,0.05,3.0,2.0,22957055.0,96286.0,1092.0,80.0,842.4,1092.0
BL031,Metaldehyde,0.05,3.0,3.0,21787137.5,86598.0,1258.0,85.0,685.4,1258.0
BL031,Metaldehyde,0.05,3.0,4.0,25639705.0,104221.0,896.0,90.0,644.4,913.0
BL031,Metaldehyde,500.0,2.0,1.0,22571712.5,94469.0,858.0,95.0,1326.8,858.0
BL031,Metaldehyde,500.0,2.0,2.0,23247775.0,94507.0,928.0,90.0,948.0,928.0
BL031,Metaldehyde,500.0,2.0,3.0,23428995.0,97327.0,888.0,90.0,800.8,888.0
BL031,Metaldehyde,500.0,2.0,4.0,25906022.5,99985.0,884.0,90.0,412.0,907.0
BL031,Metaldehyde,50.0,2.0,1.0,24385740.0,95811.0,4826.0,90.0,862.4,5159.0
BL031,Metaldehyde,50.0,2.0,2.0,25028577.5,93108.0,4703.0,90.0,442.6,4703.0
BL031,Metaldehyde,50.0,2.0,3.0,24656642.5,89367.0,4901.0,90.0,567.4,4901.0
BL031,Metaldehyde,50.0,2.0,4.0,24311922.5,86767.0,922.0,95.0,376.4,922.0
BL031,Metaldehyde,5.0,2.0,1.0,21182250.0,91222.0,2584.0,95.0,616.2,2924.0
BL031,Metaldehyde,5.0,2.0,2.0,20909217.5,89896.0,856.0,90.0,590.0,879.0
BL031,Metaldehyde,5.0,2.0,3.0,21316602.5,90533.0,850.0,90.0,670.6,856.0
BL031,Metaldehyde,5.0,2.0,4.0,23464535.0,94244.0,868.0,95.0,592.2,893.0
BL031,Metaldehyde,0.5,2.0,1.0,21081535.0,91025.0,872.0,95.0,828.4,872.0
BL031,Metaldehyde,0.5,2.0,2.0,21139230.0,91407.0,856.0,90.0,510.6,860.0
BL031,Metaldehyde,0.5,2.0,3.0,20730147.5,87874.0,1004.0,95.0,598.6,1004.0
BL031,Metaldehyde,0.5,2.0,4.0,21900282.5,89302.0,934.0,95.0,504.0,970.0
BL031,Metaldehyde,0.05,2.0,1.0,21175752.5,91677.0,2401.0,90.0,940.4,3156.0
BL031,Metaldehyde,0.05,2.0,2.0,21242727.5,91019.0,1238.0,95.0,704.0,1238.0
BL031,Metaldehyde,0.05,2.0,3.0,20643185.0,88362.0,1166.0,95.0,654.2,1166.0
BL031,Metaldehyde,0.05,2.0,4.0,21367150.0,88558.0,1047.0,95.0,405.8,1047.0
BL031,Metaldehyde,500.0,1.0,1.0,20453942.5,81113.0,4206.0,80.0,1430.6,4223.0
BL031,Metaldehyde,500.0,1.0,2.0,17924932.5,79068.0,794.0,75.0,1358.4,794.0
BL031,Metaldehyde,500.0,1.0,3.0,17725222.5,73088.0,859.0,75.0,1291.2,859.0
BL031,Metaldehyde,500.0,1.0,4.0,20285175.0,80925.0,774.0,70.0,1302.2,812.0
BL031,Metaldehyde,50.0,1.0,1.0,17491310.0,68089.0,4605.0,75.0,1522.2,4619.0
BL031,Metaldehyde,50.0,1.0,2.0,15698352.5,71069.0,753.0,70.0,1220.2,753.0
BL031,Metaldehyde,50.0,1.0,3.0,15916582.5,71410.0,713.0,70.0,1183.2,713.0
BL031,Metaldehyde,50.0,1.0,4.0,18059910.0,81465.0,744.0,70.0,1183.8,768.0
BL031,Metaldehyde,5.0,1.0,1.0,14807425.0,69266.0,748.0,70.0,1268.8,748.0
BL031,Metaldehyde,5.0,1.0,2.0,15366270.0,70242.0,766.0,70.0,1081.0,785.0
BL031,Metaldehyde,5.0,1.0,3.0,16687780.0,68881.0,3822.0,70.0,938.8,3822.0
BL031,Metaldehyde,5.0,1.0,4.0,16580272.5,79909.0,734.0,70.0,1022.8,734.0
BL031,Metaldehyde,0.5,1.0,1.0,15457045.0,70830.0,985.0,70.0,1229.8,985.0
BL031,Metaldehyde,0.5,1.0,2.0,15371992.5,73429.0,839.0,70.0,1068.8,864.0
BL031,Metaldehyde,0.5,1.0,3.0,15234132.5,74174.0,823.0,70.0,1031.4,823.0
BL031,Metaldehyde,0.5,1.0,4.0,17047937.5,72724.0,3787.0,70.0,972.0,3825.0
BL031,Metaldehyde,0.05,1.0,1.0,16207532.5,68934.0,3782.0,70.0,1191.8,3782.0
BL031,Metaldehyde,0.05,1.0,2.0,15438747.5,75922.0,745.0,70.0,1037.2,745.0
BL031,Metaldehyde,0.05,1.0,3.0,15521120.0,72514.0,913.0,65.0,1050.6,913.0
BL031,Metaldehyde,0.05,1.0,4.0,17472612.5,81874.0,803.0,70.0,1091.8,803.0
BL031,Boric Acid,500.0,5.0,1.0,20341447.5,49032.0,1502.0,25.0,1402.2,1502.0
BL031,Boric Acid,500.0,5.0,2.0,25031400.0,51086.0,3671.0,25.0,1449.2,3686.0
BL031,Boric Acid,500.0,5.0,3.0,17953977.5,56638.0,17.0,235.0,1362.0,23.0
BL031,Boric Acid,500.0,5.0,4.0,19150535.0,59742.0,12.0,220.0,1175.0,19.0
BL031,Boric Acid,50.0,5.0,1.0,20489847.5,46578.0,2303.0,25.0,1298.2,2313.0
BL031,Boric Acid,50.0,5.0,2.0,17686772.5,53494.0,15.0,235.0,1241.8,16.0
BL031,Boric Acid,50.0,5.0,3.0,18378020.0,58018.0,12.0,235.0,1280.0,19.0
BL031,Boric Acid,50.0,5.0,4.0,19599182.5,59174.0,46.0,210.0,1329.2,59.0
BL031,Boric Acid,5.0,5.0,1.0,16005715.0,47796.0,13.0,235.0,1293.8,25.0
BL031,Boric Acid,5.0,5.0,2.0,16712635.0,45886.0,18.0,25.0,1236.2,18.0
BL031,Boric Acid,5.0,5.0,3.0,17672342.5,54031.0,15.0,235.0,1194.2,25.0
BL031,Boric Acid,5.0,5.0,4.0,19228840.0,58724.0,19.0,230.0,1171.8,19.0
BL031,Boric Acid,0.5,5.0,1.0,15831015.0,49196.0,20.0,210.0,1214.6,24.0
BL031,Boric Acid,0.5,5.0,2.0,16399465.0,52329.0,16.0,230.0,1213.8,20.0
BL031,Boric Acid,0.5,5.0,3.0,17450045.0,56475.0,15.0,230.0,1226.0,24.0
BL031,Boric Acid,0.5,5.0,4.0,19052142.5,59153.0,13.0,230.0,1324.2,13.0
BL031,Boric Acid,0.05,5.0,1.0,14661085.0,44296.0,20.0,25.0,1209.2,22.0
BL031,Boric Acid,0.05,5.0,2.0,16295392.5,47929.0,19.0,240.0,1292.4,28.0
BL031,Boric Acid,0.05,5.0,3.0,17358387.5,54587.0,15.0,235.0,1223.0,19.0
BL031,Boric Acid,0.05,5.0,4.0,19922697.5,64342.0,11.0,215.0,1264.8,19.0
BL031,Boric Acid,500.0,4.0,1.0,9095100.0,27230.0,8.0,45.0,750.0,15.0
BL031,Boric Acid,500.0,4.0,2.0,11032610.0,30377.0,14.0,215.0,735.4,19.0
BL031,Boric Acid,500.0,4.0,3.0,10514625.0,29405.0,10.0,45.0,756.0,13.0
BL031,Boric Acid,500.0,4.0,4.0,11152670.0,30626.0,23.0,45.0,758.4,28.0
BL031,Boric Acid,50.0,4.0,1.0,8947345.0,26780.0,10.0,50.0,639.4,14.0
BL031,Boric Acid,50.0,4.0,2.0,10062652.5,28377.0,9.0,45.0,672.2,15.0
BL031,Boric Acid,50.0,4.0,3.0,10656062.5,28299.0,10.0,45.0,591.6,10.0
BL031,Boric Acid,50.0,4.0,4.0,17507212.5,29488.0,2642.0,45.0,712.8,2642.0
BL031,Boric Acid,5.0,4.0,1.0,8839225.0,27052.0,11.0,45.0,559.2,11.0
BL031,Boric Acid,5.0,4.0,2.0,9849492.5,28610.0,12.0,50.0,494.0,19.0
BL031,Boric Acid,5.0,4.0,3.0,10183302.5,29224.0,9.0,50.0,537.4,9.0
BL031,Boric Acid,5.0,4.0,4.0,14550237.5,29884.0,736.0,45.0,692.2,736.0
BL031,Boric Acid,0.5,4.0,1.0,8207585.0,26938.0,14.0,45.0,534.0,14.0
BL031,Boric Acid,0.5,4.0,2.0,9141565.0,27861.0,12.0,45.0,540.4,17.0
BL031,Boric Acid,0.5,4.0,3.0,9892800.0,29035.0,12.0,50.0,631.6,15.0
BL031,Boric Acid,0.5,4.0,4.0,10981372.5,30335.0,13.0,45.0,610.0,13.0
BL031,Boric Acid,0.05,4.0,1.0,8134745.0,26764.0,20.0,50.0,515.8,24.0
BL031,Boric Acid,0.05,4.0,2.0,8704065.0,28283.0,10.0,50.0,491.0,14.0
BL031,Boric Acid,0.05,4.0,3.0,9392082.5,29740.0,11.0,50.0,593.4,15.0
BL031,Boric Acid,0.05,4.0,4.0,11558240.0,30903.0,17.0,45.0,608.0,17.0
BL031,Boric Acid,500.0,3.0,1.0,16485805.0,36962.0,2109.0,60.0,307.6,2115.0
BL031,Boric Acid,500.0,3.0,2.0,18262420.0,36801.0,2324.0,60.0,314.4,2324.0
BL031,Boric Acid,500.0,3.0,3.0,17922300.0,35665.0,2122.0,60.0,394.6,2132.0
BL031,Boric Acid,500.0,3.0,4.0,18149592.5,34309.0,2039.0,55.0,444.4,2039.0
BL031,Boric Acid,50.0,3.0,1.0,9300435.0,29473.0,9.0,55.0,455.4,12.0
BL031,Boric Acid,50.0,3.0,2.0,10341567.5,31090.0,10.0,50.0,500.4,12.0
BL031,Boric Acid,50.0,3.0,3.0,10375162.5,31735.0,13.0,50.0,480.0,20.0
BL031,Boric Acid,50.0,3.0,4.0,17396920.0,31650.0,2201.0,55.0,467.2,2211.0
BL031,Boric Acid,5.0,3.0,1.0,9187810.0,30734.0,13.0,50.0,366.8,17.0
BL031,Boric Acid,5.0,3.0,2.0,10602205.0,31918.0,10.0,50.0,428.6,20.0
BL031,Boric Acid,5.0,3.0,3.0,10395700.0,32218.0,15.0,55.0,407.2,22.0
BL031,Boric Acid,5.0,3.0,4.0,17961597.5,32228.0,2108.0,55.0,387.2,2145.0
BL031,Boric Acid,0.5,3.0,1.0,8439877.5,30497.0,11.0,50.0,363.0,16.0
BL031,Boric Acid,0.5,3.0,2.0,9583512.5,31660.0,10.0,50.0,360.0,19.0
BL031,Boric Acid,0.5,3.0,3.0,15678352.5,31755.0,1943.0,55.0,304.8,1944.0
BL031,Boric Acid,0.5,3.0,4.0,15574352.5,33005.0,1640.0,230.0,351.8,1640.0
BL031,Boric Acid,0.05,3.0,1.0,8542352.5,31588.0,17.0,55.0,258.8,19.0
BL031,Boric Acid,0.05,3.0,2.0,9253772.5,31012.0,16.0,55.0,326.6,17.0
BL031,Boric Acid,0.05,3.0,3.0,10541397.5,32444.0,20.0,55.0,293.4,21.0
BL031,Boric Acid,0.05,3.0,4.0,15453847.5,33239.0,819.0,55.0,335.0,819.0
BL031,Boric Acid,500.0,2.0,1.0,13411850.0,49590.0,7.0,70.0,144.0,8.0
BL031,Boric Acid,500.0,2.0,2.0,14931642.5,50719.0,5.0,85.0,355.0,5.0
BL031,Boric Acid,500.0,2.0,3.0,14775170.0,48317.0,6.0,85.0,191.2,9.0
BL031,Boric Acid,500.0,2.0,4.0,15973472.5,48701.0,9.0,115.0,193.8,14.0
BL031,Boric Acid,50.0,2.0,1.0,11986195.0,42574.0,11.0,85.0,337.4,15.0
BL031,Boric Acid,50.0,2.0,2.0,13598885.0,45329.0,20.0,110.0,361.8,20.0
BL031,Boric Acid,50.0,2.0,3.0,16429597.5,45835.0,316.0,115.0,207.6,316.0
BL031,Boric Acid,50.0,2.0,4.0,21064235.0,45136.0,2602.0,115.0,327.4,2693.0
BL031,Boric Acid,5.0,2.0,1.0,11776235.0,41650.0,8.0,85.0,278.2,16.0
BL031,Boric Acid,5.0,2.0,2.0,13476187.5,44898.0,8.0,115.0,321.8,10.0
BL031,Boric Acid,5.0,2.0,3.0,19031995.0,42063.0,2048.0,120.0,188.2,2048.0
BL031,Boric Acid,5.0,2.0,4.0,18627902.5,47231.0,1444.0,120.0,264.4,1444.0
BL031,Boric Acid,0.5,2.0,1.0,11508800.0,41786.0,5.0,85.0,305.0,12.0
BL031,Boric Acid,0.5,2.0,2.0,13091690.0,45787.0,7.0,110.0,299.8,11.0
BL031,Boric Acid,0.5,2.0,3.0,14091740.0,46759.0,10.0,120.0,246.0,16.0
BL031,Boric Acid,0.5,2.0,4.0,18546072.5,47346.0,1419.0,115.0,306.2,1419.0
BL031,Boric Acid,0.05,2.0,1.0,11035317.5,42218.0,14.0,85.0,199.0,14.0
BL031,Boric Acid,0.05,2.0,2.0,11648292.5,41467.0,13.0,110.0,114.8,16.0
BL031,Boric Acid,0.05,2.0,3.0,14525415.0,45514.0,205.0,115.0,250.6,205.0
BL031,Boric Acid,0.05,2.0,4.0,15336035.0,48745.0,19.0,115.0,262.4,20.0
BL031,Boric Acid,500.0,1.0,1.0,9620405.0,26013.0,8.0,60.0,464.6,18.0
BL031,Boric Acid,500.0,1.0,2.0,10808937.5,27688.0,6.0,60.0,482.0,8.0
BL031,Boric Acid,500.0,1.0,3.0,11482145.0,29360.0,11.0,55.0,573.8,16.0
BL031,Boric Acid,500.0,1.0,4.0,13586477.5,29591.0,67.0,60.0,687.0,80.0
BL031,Boric Acid,50.0,1.0,1.0,8464895.0,24884.0,8.0,60.0,554.2,17.0
BL031,Boric Acid,50.0,1.0,2.0,9729787.5,27367.0,9.0,60.0,590.0,9.0
BL031,Boric Acid,50.0,1.0,3.0,9835257.5,28132.0,11.0,55.0,658.8,18.0
BL031,Boric Acid,50.0,1.0,4.0,10903405.0,28506.0,10.0,55.0,684.2,13.0
BL031,Boric Acid,5.0,1.0,1.0,8065457.5,25400.0,8.0,55.0,424.8,10.0
BL031,Boric Acid,5.0,1.0,2.0,8776257.5,27376.0,7.0,60.0,503.2,13.0
BL031,Boric Acid,5.0,1.0,3.0,9455692.5,28393.0,9.0,60.0,534.6,16.0
BL031,Boric Acid,5.0,1.0,4.0,15127547.5,29038.0,2059.0,60.0,561.4,2059.0
BL031,Boric Acid,0.5,1.0,1.0,7454830.0,21234.0,10.0,60.0,447.4,15.0
BL031,Boric Acid,0.5,1.0,2.0,8464885.0,27893.0,5.0,60.0,554.0,14.0
BL031,Boric Acid,0.5,1.0,3.0,9264437.5,28474.0,7.0,60.0,410.6,14.0
BL031,Boric Acid,0.5,1.0,4.0,10030865.0,29364.0,9.0,60.0,605.0,17.0
BL031,Boric Acid,0.05,1.0,1.0,7364050.0,23881.0,16.0,60.0,449.4,18.0
BL031,Boric Acid,0.05,1.0,2.0,7834562.5,26651.0,14.0,60.0,477.6,16.0
BL031,Boric Acid,0.05,1.0,3.0,9108682.5,29112.0,8.0,60.0,512.4,9.0
BL031,Boric Acid,0.05,1.0,4.0,10182507.5,29546.0,13.0,60.0,486.4,16.0
BL031,Diazinon,500.0,1.0,1.0,9612140.0,17340.0,11.0,1030.0,-0.4,6166.0
BL031,Diazinon,500.0,1.0,2.0,6468427.5,20068.0,16.0,1295.0,2.8,16219.0
BL031,Diazinon,500.0,1.0,3.0,10959172.5,26393.0,1578.0,45.0,336.2,1621.0
BL031,Diazinon,500.0,1.0,4.0,37550657.5,125530.0,2356.0,85.0,1382.4,2356.0
BL031,Diazinon,50.0,1.0,1.0,18026342.5,40132.0,4364.0,35.0,897.2,4858.0
BL031,Diazinon,50.0,1.0,2.0,28704945.0,68943.0,4355.0,65.0,1059.4,4355.0
BL031,Diazinon,50.0,1.0,3.0,31408832.5,81605.0,3533.0,55.0,1060.6,3533.0
BL031,Diazinon,50.0,1.0,4.0,43434582.5,112478.0,5322.0,90.0,975.6,5456.0
BL031,Diazinon,5.0,1.0,1.0,28844652.5,76980.0,5235.0,65.0,1577.2,5336.0
BL031,Diazinon,5.0,1.0,2.0,35760717.5,99678.0,4026.0,50.0,1552.0,4026.0
BL031,Diazinon,5.0,1.0,3.0,38585627.5,105408.0,5090.0,80.0,1510.8,5090.0
BL031,Diazinon,5.0,1.0,4.0,42481742.5,116502.0,5430.0,95.0,1236.0,5430.0
BL031,Diazinon,0.5,1.0,1.0,31523095.0,86256.0,4700.0,60.0,1849.6,4700.0
BL031,Diazinon,0.5,1.0,2.0,34608105.0,92238.0,5916.0,70.0,1616.8,5917.0
BL031,Diazinon,0.5,1.0,3.0,34239205.0,95553.0,4828.0,65.0,1661.8,4828.0
BL031,Diazinon,0.5,1.0,4.0,41034775.0,116006.0,4325.0,95.0,1572.4,4325.0
BL031,Diazinon,0.05,1.0,1.0,25325537.5,89682.0,2416.0,50.0,1997.6,2418.0
BL031,Diazinon,0.05,1.0,2.0,30904277.5,86089.0,4850.0,45.0,1687.8,4850.0
BL031,Diazinon,0.05,1.0,3.0,34363465.0,98495.0,4417.0,65.0,1794.8,4417.0
BL031,Diazinon,0.05,1.0,4.0,37066277.5,104981.0,4372.0,75.0,1688.6,4372.0
BL031,Diazinon,500.0,2.0,1.0,6085.0,17.0,0.0,195.0,0.0,0.0
BL031,Diazinon,500.0,2.0,2.0,102067.5,501.0,5.0,0.0,-17.4,10.0
BL031,Diazinon,500.0,2.0,3.0,7606235.0,18186.0,1362.0,0.0,-416.2,1362.0
BL031,Diazinon,500.0,2.0,4.0,26889912.5,92781.0,2292.0,40.0,1314.4,2292.0
BL031,Diazinon,50.0,2.0,1.0,13537100.0,32203.0,2480.0,40.0,499.4,2480.0
BL031,Diazinon,50.0,2.0,2.0,21130462.5,54022.0,2785.0,50.0,867.2,2785.0
BL031,Diazinon,50.0,2.0,3.0,20528077.5,51977.0,2593.0,70.0,738.2,2608.0
BL031,Diazinon,50.0,2.0,4.0,28983635.0,94724.0,743.0,50.0,1319.2,843.0
BL031,Diazinon,5.0,2.0,1.0,17845377.5,66588.0,1894.0,25.0,2568.6,1943.0
BL031,Diazinon,5.0,2.0,2.0,21038342.5,70734.0,626.0,40.0,1806.0,648.0
BL031,Diazinon,5.0,2.0,3.0,27344950.0,73950.0,2124.0,40.0,1488.4,2124.0
BL031,Diazinon,5.0,2.0,4.0,32210335.0,84230.0,2286.0,65.0,1368.8,2286.0
BL031,Diazinon,0.5,2.0,1.0,15162430.0,57750.0,1445.0,25.0,2190.8,1492.0
BL031,Diazinon,0.5,2.0,2.0,19465435.0,61829.0,1906.0,30.0,1781.6,1906.0
BL031,Diazinon,0.5,2.0,3.0,28382100.0,73952.0,1569.0,60.0,1642.2,1585.0
BL031,Diazinon,0.5,2.0,4.0,30018405.0,80434.0,2093.0,65.0,1290.4,2093.0
BL031,Diazinon,0.05,2.0,1.0,15398672.5,57932.0,532.0,25.0,2200.0,554.0
BL031,Diazinon,0.05,2.0,2.0,23468210.0,62183.0,1332.0,35.0,1797.8,1332.0
BL031,Diazinon,0.05,2.0,3.0,26704235.0,69874.0,1878.0,55.0,1677.4,1878.0
BL031,Diazinon,0.05,2.0,4.0,28773387.5,77595.0,2051.0,55.0,1647.8,2051.0
BL031,Diazinon,500.0,3.0,1.0,112617.5,1807.0,1.0,1440.0,-0.4,1807.0
BL031,Diazinon,500.0,3.0,2.0,50755.0,434.0,2.0,0.0,-24.4,10.0
BL031,Diazinon,500.0,3.0,3.0,2044720.0,7704.0,427.0,0.0,-383.0,460.0
BL031,Diazinon,500.0,3.0,4.0,19894552.5,70921.0,502.0,25.0,2536.8,520.0
BL031,Diazinon,50.0,3.0,1.0,14948395.0,44815.0,996.0,20.0,940.0,1233.0
BL031,Diazinon,50.0,3.0,2.0,17743640.0,51165.0,961.0,20.0,769.6,1273.0
BL031,Diazinon,50.0,3.0,3.0,19728882.5,56047.0,1166.0,25.0,791.8,1166.0
BL031,Diazinon,50.0,3.0,4.0,19970115.0,58882.0,1232.0,25.0,797.6,1240.0
BL031,Diazinon,5.0,3.0,1.0,14702357.5,55733.0,865.0,20.0,1898.4,865.0
BL031,Diazinon,5.0,3.0,2.0,17026957.5,60320.0,791.0,25.0,1474.4,791.0
BL031,Diazinon,5.0,3.0,3.0,17643725.0,59569.0,756.0,40.0,1478.6,756.0
BL031,Diazinon,5.0,3.0,4.0,27653570.0,73710.0,2045.0,45.0,1587.8,2071.0
BL031,Diazinon,0.5,3.0,1.0,12812622.5,45908.0,640.0,20.0,1683.2,640.0
BL031,Diazinon,0.5,3.0,2.0,14131715.0,48417.0,694.0,25.0,1378.4,694.0
BL031,Diazinon,0.5,3.0,3.0,15220202.5,50743.0,596.0,45.0,1262.8,596.0
BL031,Diazinon,0.5,3.0,4.0,24804175.0,64272.0,2080.0,45.0,1393.8,2080.0
BL031,Diazinon,0.05,3.0,1.0,12387365.0,44568.0,495.0,20.0,1509.4,495.0
BL031,Diazinon,0.05,3.0,2.0,18760370.0,48525.0,2057.0,25.0,1262.0,2077.0
BL031,Diazinon,0.05,3.0,3.0,23314485.0,56299.0,2127.0,55.0,1376.2,2135.0
BL031,Diazinon,0.05,3.0,4.0,23730835.0,59240.0,2158.0,55.0,1187.8,2186.0
BL031,Diazinon,500.0,4.0,1.0,30496165.0,54007.0,231.0,620.0,-25.6,3019.0
BL031,Diazinon,500.0,4.0,2.0,50755.0,434.0,2.0,0.0,-24.4,10.0
BL031,Diazinon,500.0,4.0,3.0,2044720.0,7704.0,427.0,0.0,-383.0,460.0
BL031,Diazinon,500.0,4.0,4.0,19894552.5,70921.0,502.0,25.0,2536.8,520.0
BL031,Diazinon,50.0,4.0,1.0,14948395.0,44815.0,996.0,20.0,940.0,1233.0
BL031,Diazinon,50.0,4.0,2.0,17743640.0,51165.0,961.0,20.0,769.6,1273.0
BL031,Diazinon,50.0,4.0,3.0,19728882.5,56047.0,1166.0,25.0,791.8,1166.0
BL031,Diazinon,50.0,4.0,4.0,19970115.0,58882.0,1232.0,25.0,797.6,1240.0
BL031,Diazinon,5.0,4.0,1.0,14702357.5,55733.0,865.0,20.0,1898.4,865.0
BL031,Diazinon,5.0,4.0,2.0,17026957.5,60320.0,791.0,25.0,1474.4,791.0
BL031,Diazinon,5.0,4.0,3.0,17643725.0,59569.0,756.0,40.0,1478.6,756.0
BL031,Diazinon,5.0,4.0,4.0,27653570.0,73710.0,2045.0,45.0,1587.8,2071.0
BL031,Diazinon,0.5,4.0,1.0,12812622.5,45908.0,640.0,20.0,1683.2,640.0
BL031,Diazinon,0.5,4.0,2.0,14131715.0,48417.0,694.0,25.0,1378.4,694.0
BL031,Diazinon,0.5,4.0,3.0,15220202.5,50743.0,596.0,45.0,1262.8,596.0
BL031,Diazinon,0.5,4.0,4.0,24804175.0,64272.0,2080.0,45.0,1393.8,2080.0
BL031,Diazinon,0.05,4.0,1.0,12387365.0,44568.0,495.0,20.0,1509.4,495.0
BL031,Diazinon,0.05,4.0,2.0,18760370.0,48525.0,2057.0,25.0,1262.0,2077.0
BL031,Diazinon,0.05,4.0,3.0,23314485.0,56299.0,2127.0,55.0,1376.2,2135.0
BL031,Diazinon,0.05,4.0,4.0,23730835.0,59240.0,2158.0,55.0,1187.8,2186.0
BL031,Diazinon,500.0,5.0,1.0,22571712.5,94469.0,858.0,95.0,1326.8,858.0
BL031,Diazinon,500.0,5.0,2.0,23247775.0,94507.0,928.0,90.0,948.0,928.0
BL031,Diazinon,500.0,5.0,3.0,23428995.0,97327.0,888.0,90.0,800.8,888.0
BL031,Diazinon,500.0,5.0,4.0,25906022.5,99985.0,884.0,90.0,412.0,907.0
BL031,Diazinon,50.0,5.0,1.0,24385740.0,95811.0,4826.0,90.0,862.4,5159.0
BL031,Diazinon,50.0,5.0,2.0,25028577.5,93108.0,4703.0,90.0,442.6,4703.0
BL031,Diazinon,50.0,5.0,3.0,24656642.5,89367.0,4901.0,90.0,567.4,4901.0
BL031,Diazinon,50.0,5.0,4.0,24311922.5,86767.0,922.0,95.0,376.4,922.0
BL031,Diazinon,5.0,5.0,1.0,21182250.0,91222.0,2584.0,95.0,616.2,2924.0
BL031,Diazinon,5.0,5.0,2.0,20909217.5,89896.0,856.0,90.0,590.0,879.0
BL031,Diazinon,5.0,5.0,3.0,21316602.5,90533.0,850.0,90.0,670.6,856.0
BL031,Diazinon,5.0,5.0,4.0,23464535.0,94244.0,868.0,95.0,592.2,893.0
BL031,Diazinon,0.5,5.0,1.0,21081535.0,91025.0,872.0,95.0,828.4,872.0
BL031,Diazinon,0.5,5.0,2.0,21139230.0,91407.0,856.0,90.0,510.6,860.0
BL031,Diazinon,0.5,5.0,3.0,20730147.5,87874.0,1004.0,95.0,598.6,1004.0
BL031,Diazinon,0.5,5.0,4.0,21900282.5,89302.0,934.0,95.0,504.0,970.0
BL031,Diazinon,0.05,5.0,1.0,21175752.5,91677.0,2401.0,90.0,940.4,3156.0
BL031,Diazinon,0.05,5.0,2.0,21242727.5,91019.0,1238.0,95.0,704.0,1238.0
BL031,Diazinon,0.05,5.0,3.0,20643185.0,88362.0,1166.0,95.0,654.2,1166.0
BL031,Diazinon,0.05,5.0,4.0,21367150.0,88558.0,1047.0,95.0,405.8,1047.0
BL031,Trimethoprim,500.0,1.0,1.0,56247.5,66.0,18.0,80.0,0.0,26.0
BL031,Trimethoprim,500.0,1.0,2.0,64199390.0,80560.0,252.0,835.0,6.4,43330.0
BL031,Trimethoprim,500.0,1.0,3.0,85083917.5,117258.0,10058.0,995.0,9.2,35837.0
BL031,Trimethoprim,500.0,1.0,4.0,83967060.0,127779.0,15170.0,160.0,1491.8,15170.0
BL031,Trimethoprim,50.0,1.0,1.0,93861080.0,113100.0,27087.0,175.0,523.0,27087.0
BL031,Trimethoprim,50.0,1.0,2.0,96615937.5,133417.0,26423.0,170.0,584.4,26423.0
BL031,Trimethoprim,50.0,1.0,3.0,102819385.0,149654.0,18485.0,170.0,746.6,18485.0
BL031,Trimethoprim,50.0,1.0,4.0,66669357.5,153174.0,15865.0,160.0,1095.4,15865.0
BL031,Trimethoprim,5.0,1.0,1.0,90345115.0,121868.0,26113.0,165.0,334.0,26113.0
BL031,Trimethoprim,5.0,1.0,2.0,94394320.0,140221.0,21626.0,165.0,495.6,21626.0
BL031,Trimethoprim,5.0,1.0,3.0,94643062.5,142028.0,18928.0,160.0,783.6,18928.0
BL031,Trimethoprim,5.0,1.0,4.0,56308410.0,126083.0,15880.0,160.0,972.2,15880.0
BL031,Trimethoprim,0.5,1.0,1.0,74483440.0,108422.0,14919.0,165.0,785.0,14919.0
BL031,Trimethoprim,0.5,1.0,2.0,73665227.5,107941.0,9865.0,155.0,691.2,9865.0
BL031,Trimethoprim,0.5,1.0,3.0,38903000.0,89758.0,9300.0,160.0,787.6,9301.0
BL031,Trimethoprim,0.5,1.0,4.0,70754122.5,103448.0,8336.0,160.0,935.2,8336.0
BL031,Trimethoprim,0.05,1.0,1.0,71701292.5,93040.0,15010.0,165.0,815.0,15010.0
BL031,Trimethoprim,0.05,1.0,2.0,68679955.0,91855.0,9772.0,165.0,732.0,9772.0
BL031,Trimethoprim,0.05,1.0,3.0,60562675.0,90158.0,11938.0,160.0,792.4,11938.0
BL031,Trimethoprim,0.05,1.0,4.0,65154030.0,101242.0,13183.0,160.0,777.6,13183.0
BL031,Trimethoprim,500.0,2.0,1.0,33160.0,47.0,1.0,150.0,-1.4,9.0
BL031,Trimethoprim,500.0,2.0,2.0,48318632.5,58789.0,677.0,460.0,-1.0,10567.0
BL031,Trimethoprim,500.0,2.0,3.0,29264055.0,36163.0,5640.0,150.0,-444.2,5640.0
BL031,Trimethoprim,500.0,2.0,4.0,51254175.0,106228.0,1848.0,130.0,1945.2,1848.0
BL031,Trimethoprim,50.0,2.0,1.0,47542202.5,80178.0,1388.0,150.0,151.0,1388.0
BL031,Trimethoprim,50.0,2.0,2.0,87316162.5,105450.0,5619.0,325.0,-577.2,5619.0
BL031,Trimethoprim,50.0,2.0,3.0,92329377.5,110711.0,8462.0,145.0,344.8,8462.0
BL031,Trimethoprim,50.0,2.0,4.0,57885077.5,117759.0,4357.0,135.0,1918.0,4357.0
BL031,Trimethoprim,5.0,2.0,1.0,78026492.5,106295.0,3655.0,145.0,1419.0,3655.0
BL031,Trimethoprim,5.0,2.0,2.0,85212475.0,106501.0,6303.0,170.0,907.6,6303.0
BL031,Trimethoprim,5.0,2.0,3.0,86478205.0,110816.0,5026.0,160.0,1369.6,5026.0
BL031,Trimethoprim,5.0,2.0,4.0,45724692.5,95405.0,4088.0,125.0,2295.0,4088.0
BL031,Trimethoprim,0.5,2.0,1.0,70649345.0,90137.0,4262.0,135.0,1592.2,4262.0
BL031,Trimethoprim,0.5,2.0,2.0,75262335.0,97018.0,4107.0,150.0,1504.2,4107.0
BL031,Trimethoprim,0.5,2.0,3.0,79573977.5,104648.0,4786.0,140.0,1720.8,4786.0
BL031,Trimethoprim,0.5,2.0,4.0,36609245.0,83440.0,1207.0,125.0,1720.8,1233.0
BL031,Trimethoprim,0.05,2.0,1.0,68054537.5,85596.0,4878.0,130.0,1738.2,4878.0
BL031,Trimethoprim,0.05,2.0,2.0,69337997.5,91243.0,4349.0,130.0,1659.6,4349.0
BL031,Trimethoprim,0.05,2.0,3.0,61540302.5,88448.0,6812.0,130.0,1848.0,6812.0
BL031,Trimethoprim,0.05,2.0,4.0,35303610.0,80821.0,1098.0,125.0,2144.6,1116.0
BL031,Trimethoprim,500.0,3.0,1.0,42902.5,52.0,8.0,155.0,0.8,12.0
BL031,Trimethoprim,500.0,3.0,2.0,61530175.0,84536.0,236.0,1110.0,-35.6,42233.0
BL031,Trimethoprim,500.0,3.0,3.0,71186010.0,93313.0,4924.0,1025.0,-221.0,16864.0
BL031,Trimethoprim,500.0,3.0,4.0,60338180.0,74005.0,3954.0,265.0,1866.0,3954.0
BL031,Trimethoprim,50.0,3.0,1.0,68896825.0,85039.0,2144.0,285.0,225.8,2144.0
BL031,Trimethoprim,50.0,3.0,2.0,44783405.0,74095.0,1188.0,160.0,305.6,1188.0
BL031,Trimethoprim,50.0,3.0,3.0,70808255.0,98252.0,2131.0,280.0,448.8,2131.0
BL031,Trimethoprim,50.0,3.0,4.0,42831480.0,79936.0,1424.0,145.0,497.0,1457.0
BL031,Trimethoprim,5.0,3.0,1.0,60381117.5,85089.0,1431.0,265.0,677.8,1431.0
BL031,Trimethoprim,5.0,3.0,2.0,57595520.0,80460.0,1392.0,270.0,800.6,1392.0
BL031,Trimethoprim,5.0,3.0,3.0,65183340.0,95565.0,1423.0,270.0,786.8,1423.0
BL031,Trimethoprim,5.0,3.0,4.0,34397232.5,64579.0,1179.0,130.0,1118.4,1236.0
BL031,Trimethoprim,0.5,3.0,1.0,57217657.5,76880.0,1780.0,265.0,653.8,1780.0
BL031,Trimethoprim,0.5,3.0,2.0,50508425.0,69275.0,1556.0,270.0,685.8,1556.0
BL031,Trimethoprim,0.5,3.0,3.0,35144170.0,56917.0,787.0,280.0,797.2,787.0
BL031,Trimethoprim,0.5,3.0,4.0,30100587.5,54666.0,984.0,120.0,1043.4,1072.0
BL031,Trimethoprim,0.05,3.0,1.0,56227080.0,73911.0,2809.0,265.0,673.4,2809.0
BL031,Trimethoprim,0.05,3.0,2.0,57997180.0,78620.0,2534.0,275.0,760.0,2534.0
BL031,Trimethoprim,0.05,3.0,3.0,34879277.5,58686.0,737.0,270.0,803.4,737.0
BL031,Trimethoprim,0.05,3.0,4.0,28728582.5,50252.0,939.0,125.0,903.8,970.0
BL031,Trimethoprim,500.0,4.0,1.0,42902.5,52.0,8.0,155.0,0.8,12.0
BL031,Trimethoprim,500.0,4.0,2.0,61530175.0,84536.0,236.0,1110.0,-35.6,42233.0
BL031,Trimethoprim,500.0,4.0,3.0,71186010.0,93313.0,4924.0,1025.0,-221.0,16864.0
BL031,Trimethoprim,500.0,4.0,4.0,60338180.0,74005.0,3954.0,265.0,1866.0,3954.0
BL031,Trimethoprim,50.0,4.0,1.0,68896825.0,85039.0,2144.0,285.0,225.8,2144.0
BL031,Trimethoprim,50.0,4.0,2.0,44783405.0,74095.0,1188.0,160.0,305.6,1188.0
BL031,Trimethoprim,50.0,4.0,3.0,70808255.0,98252.0,2131.0,280.0,448.8,2131.0
BL031,Trimethoprim,50.0,4.0,4.0,42831480.0,79936.0,1424.0,145.0,497.0,1457.0
BL031,Trimethoprim,5.0,4.0,1.0,60381117.5,85089.0,1431.0,265.0,677.8,1431.0
BL031,Trimethoprim,5.0,4.0,2.0,57595520.0,80460.0,1392.0,270.0,800.6,1392.0
BL031,Trimethoprim,5.0,4.0,3.0,65183340.0,95565.0,1423.0,270.0,786.8,1423.0
BL031,Trimethoprim,5.0,4.0,4.0,34397232.5,64579.0,1179.0,130.0,1118.4,1236.0
BL031,Trimethoprim,0.5,4.0,1.0,57217657.5,76880.0,1780.0,265.0,653.8,1780.0
BL031,Trimethoprim,0.5,4.0,2.0,50508425.0,69275.0,1556.0,270.0,685.8,1556.0
BL031,Trimethoprim,0.5,4.0,3.0,35144170.0,56917.0,787.0,280.0,797.2,787.0
BL031,Trimethoprim,0.5,4.0,4.0,30100587.5,54666.0,984.0,120.0,1043.4,1072.0
BL031,Trimethoprim,0.05,4.0,1.0,56227080.0,73911.0,2809.0,265.0,673.4,2809.0
BL031,Trimethoprim,0.05,4.0,2.0,57997180.0,78620.0,2534.0,275.0,760.0,2534.0
BL031,Trimethoprim,0.05,4.0,3.0,34879277.5,58686.0,737.0,270.0,803.4,737.0
BL031,Trimethoprim,0.05,4.0,4.0,28728582.5,50252.0,939.0,125.0,903.8,970.0
BL031,Trimethoprim,500.0,5.0,1.0,24452.5,76.0,1.0,55.0,-0.2,3.0
BL031,Trimethoprim,500.0,5.0,2.0,78555.0,364.0,0.0,50.0,11.0,1.0
BL031,Trimethoprim,500.0,5.0,3.0,58237125.0,136377.0,162.0,115.0,2499.2,162.0
BL031,Trimethoprim,500.0,5.0,4.0,38031540.0,92797.0,189.0,100.0,1017.2,189.0
BL031,Trimethoprim,50.0,5.0,1.0,41596127.5,121989.0,198.0,115.0,265.4,203.0
BL031,Trimethoprim,50.0,5.0,2.0,43115635.0,130106.0,95.0,115.0,913.8,100.0
BL031,Trimethoprim,50.0,5.0,3.0,43037192.5,129693.0,93.0,115.0,844.4,93.0
BL031,Trimethoprim,50.0,5.0,4.0,47651425.0,123093.0,85.0,120.0,1364.6,92.0
BL031,Trimethoprim,5.0,5.0,1.0,37762575.0,113945.0,157.0,115.0,733.4,157.0
BL031,Trimethoprim,5.0,5.0,2.0,40370712.5,119213.0,168.0,115.0,1127.6,168.0
BL031,Trimethoprim,5.0,5.0,3.0,39951435.0,121511.0,115.0,110.0,1009.4,115.0
BL031,Trimethoprim,5.0,5.0,4.0,46368775.0,120867.0,6670.0,110.0,1460.0,6670.0
BL031,Trimethoprim,0.5,5.0,1.0,32754400.0,92796.0,357.0,115.0,427.0,367.0
BL031,Trimethoprim,0.5,5.0,2.0,33585205.0,96071.0,196.0,115.0,660.8,196.0
BL031,Trimethoprim,0.5,5.0,3.0,35609332.5,101841.0,157.0,110.0,849.8,167.0
BL031,Trimethoprim,0.5,5.0,4.0,39192835.0,103564.0,834.0,110.0,982.0,834.0
BL031,Trimethoprim,0.05,5.0,1.0,28935075.0,82858.0,439.0,45.0,691.6,439.0
BL031,Trimethoprim,0.05,5.0,2.0,29887312.5,87309.0,299.0,45.0,926.2,304.0
BL031,Trimethoprim,0.05,5.0,3.0,31457595.0,90210.0,323.0,110.0,821.8,323.0
BL031,Trimethoprim,0.05,5.0,4.0,39872940.0,96498.0,102.0,110.0,898.2,102.0
BL031,DEET,500.0,5.0,1.0,8672.5,38.0,0.0,0.0,-2.8,5.0
BL031,DEET,500.0,5.0,2.0,9322.5,25.0,0.0,50.0,-1.6,0.0
BL031,DEET,500.0,5.0,3.0,26365.0,298.0,0.0,0.0,-19.0,0.0
BL031,DEET,500.0,5.0,4.0,19056505.0,60094.0,60.0,50.0,1212.2,72.0
BL031,DEET,50.0,5.0,1.0,13865607.5,47523.0,1274.0,60.0,885.0,1304.0
BL031,DEET,50.0,5.0,2.0,14662975.0,51641.0,3014.0,55.0,886.8,3014.0
BL031,DEET,50.0,5.0,3.0,16503147.5,47409.0,83.0,55.0,725.8,87.0
BL031,DEET,50.0,5.0,4.0,16728900.0,54650.0,1184.0,55.0,717.2,1184.0
BL031,DEET,5.0,5.0,1.0,10897962.5,42535.0,1940.0,50.0,917.0,2277.0
BL031,DEET,5.0,5.0,2.0,11614320.0,44358.0,1081.0,50.0,812.6,1086.0
BL031,DEET,5.0,5.0,3.0,11864850.0,43574.0,1329.0,50.0,757.8,1329.0
BL031,DEET,5.0,5.0,4.0,13183452.5,47564.0,1057.0,55.0,834.4,1057.0
BL031,DEET,0.5,5.0,1.0,10336830.0,40696.0,1175.0,50.0,927.8,1175.0
BL031,DEET,0.5,5.0,2.0,11331765.0,41263.0,1150.0,50.0,837.6,1187.0
BL031,DEET,0.5,5.0,3.0,11139010.0,36092.0,1381.0,60.0,587.4,1381.0
BL031,DEET,0.5,5.0,4.0,12515390.0,48552.0,1056.0,50.0,790.4,1119.0
BL031,DEET,0.05,5.0,1.0,11676887.5,42636.0,106.0,50.0,956.8,114.0
BL031,DEET,0.05,5.0,2.0,11617060.0,46682.0,1144.0,50.0,876.4,1170.0
BL031,DEET,0.05,5.0,3.0,11540702.5,40292.0,1287.0,55.0,779.4,1287.0
BL031,DEET,0.05,5.0,4.0,12207505.0,44762.0,1041.0,55.0,755.4,1064.0
BL031,DEET,500.0,4.0,1.0,23412.5,199.0,0.0,0.0,-4.2,2.0
BL031,DEET,500.0,4.0,2.0,54787.5,388.0,1.0,0.0,-5.6,1.0
BL031,DEET,500.0,4.0,3.0,65575.0,487.0,1.0,40.0,-1.8,3.0
BL031,DEET,500.0,4.0,4.0,6070550.0,8210.0,1410.0,35.0,-3.8,1410.0
BL031,DEET,50.0,4.0,1.0,32204157.5,92063.0,2694.0,165.0,678.4,2694.0
BL031,DEET,50.0,4.0,2.0,36874010.0,109991.0,356.0,150.0,631.0,359.0
BL031,DEET,50.0,4.0,3.0,37286320.0,113402.0,413.0,145.0,605.6,413.0
BL031,DEET,50.0,4.0,4.0,41297917.5,130113.0,3816.0,155.0,528.4,4009.0
BL031,DEET,5.0,4.0,1.0,25108417.5,86001.0,2929.0,125.0,590.2,3190.0
BL031,DEET,5.0,4.0,2.0,28069450.0,97841.0,3035.0,140.0,488.0,3224.0
BL031,DEET,5.0,4.0,3.0,33186015.0,111684.0,2181.0,155.0,461.6,2317.0
BL031,DEET,5.0,4.0,4.0,36324002.5,122622.0,2467.0,155.0,442.0,2645.0
BL031,DEET,0.5,4.0,1.0,27332477.5,93538.0,1829.0,125.0,547.4,2035.0
BL031,DEET,0.5,4.0,2.0,27932780.0,97153.0,1938.0,125.0,453.6,2218.0
BL031,DEET,0.5,4.0,3.0,29389757.5,99018.0,2061.0,130.0,475.8,2182.0
BL031,DEET,0.5,4.0,4.0,32886692.5,109638.0,3124.0,155.0,443.4,3170.0
BL031,DEET,0.05,4.0,1.0,22955202.5,74994.0,2124.0,135.0,521.6,2388.0
BL031,DEET,0.05,4.0,2.0,26972630.0,94369.0,1878.0,125.0,520.6,2208.0
BL031,DEET,0.05,4.0,3.0,29377840.0,96971.0,2328.0,130.0,441.6,2504.0
BL031,DEET,0.05,4.0,4.0,31448765.0,110270.0,2913.0,155.0,344.6,2974.0
BL031,DEET,500.0,3.0,1.0,17890.0,331.0,1.0,0.0,-21.8,1.0
BL031,DEET,500.0,3.0,2.0,42270.0,802.0,2.0,0.0,-36.6,2.0
BL031,DEET,500.0,3.0,3.0,58425.0,980.0,2.0,0.0,-40.2,4.0
BL031,DEET,500.0,3.0,4.0,5144665.0,10513.0,1732.0,0.0,-191.2,1767.0
BL031,DEET,50.0,3.0,1.0,39439100.0,98365.0,251.0,110.0,1564.4,260.0
BL031,DEET,50.0,3.0,2.0,43525972.5,116421.0,4371.0,105.0,951.8,4371.0
BL031,DEET,50.0,3.0,3.0,44268830.0,122757.0,4206.0,105.0,729.4,4515.0
BL031,DEET,50.0,3.0,4.0,51086757.5,152585.0,3871.0,105.0,983.4,4538.0
BL031,DEET,5.0,3.0,1.0,31763665.0,95060.0,3937.0,130.0,1380.6,4735.0
BL031,DEET,5.0,3.0,2.0,33525402.5,106531.0,2743.0,105.0,529.0,3321.0
BL031,DEET,5.0,3.0,3.0,38328950.0,123759.0,2321.0,105.0,-808.4,3054.0
BL031,DEET,5.0,3.0,4.0,48353907.5,164583.0,2602.0,105.0,1320.8,2913.0
BL031,DEET,0.5,3.0,1.0,28545390.0,89421.0,2857.0,110.0,1265.4,3526.0
BL031,DEET,0.5,3.0,2.0,35922960.0,121291.0,2102.0,110.0,613.4,2459.0
BL031,DEET,0.5,3.0,3.0,38170340.0,126387.0,2533.0,105.0,672.4,3057.0
BL031,DEET,0.5,3.0,4.0,42445627.5,139786.0,2689.0,105.0,929.2,3165.0
BL031,DEET,0.05,3.0,1.0,30661282.5,96778.0,3695.0,130.0,1154.4,4133.0
BL031,DEET,0.05,3.0,2.0,38361155.0,120533.0,2610.0,115.0,739.6,3313.0
BL031,DEET,0.05,3.0,3.0,40299157.5,130698.0,2752.0,110.0,729.2,3240.0
BL031,DEET,0.05,3.0,4.0,45255425.0,147315.0,2884.0,110.0,969.2,3384.0
BL031,DEET,500.0,2.0,1.0,11912.5,54.0,0.0,0.0,-4.4,3.0
BL031,DEET,500.0,2.0,2.0,17555.0,289.0,1.0,0.0,-21.0,3.0
BL031,DEET,500.0,2.0,3.0,18665.0,172.0,1.0,0.0,-12.6,2.0
BL031,DEET,500.0,2.0,4.0,8468892.5,9772.0,1898.0,985.0,-221.6,2757.0
BL031,DEET,50.0,2.0,1.0,23234137.5,72488.0,132.0,55.0,1557.2,134.0
BL031,DEET,50.0,2.0,2.0,23933042.5,69342.0,195.0,55.0,790.8,195.0
BL031,DEET,50.0,2.0,3.0,23651882.5,68152.0,199.0,55.0,1381.6,199.0
BL031,DEET,50.0,2.0,4.0,25746090.0,84650.0,127.0,55.0,1986.2,137.0
BL031,DEET,5.0,2.0,1.0,17020185.0,72198.0,3768.0,50.0,1518.0,3772.0
BL031,DEET,5.0,2.0,2.0,17603005.0,72093.0,3631.0,50.0,1557.2,3704.0
BL031,DEET,5.0,2.0,3.0,18180362.5,75299.0,3931.0,50.0,1435.6,3959.0
BL031,DEET,5.0,2.0,4.0,17611370.0,80372.0,929.0,55.0,1806.0,937.0
BL031,DEET,0.5,2.0,1.0,15535527.5,63400.0,3879.0,45.0,1002.0,3989.0
BL031,DEET,0.5,2.0,2.0,18047775.0,78387.0,2860.0,45.0,1591.4,2914.0
BL031,DEET,0.5,2.0,3.0,15675360.0,70008.0,1013.0,50.0,1580.0,1027.0
BL031,DEET,0.5,2.0,4.0,17663087.5,80461.0,881.0,55.0,1702.8,881.0
BL031,DEET,0.05,2.0,1.0,15257415.0,63501.0,3591.0,45.0,1396.0,3664.0
BL031,DEET,0.05,2.0,2.0,15146037.5,76147.0,824.0,50.0,1695.8,826.0
BL031,DEET,0.05,2.0,3.0,18266695.0,78995.0,949.0,60.0,1489.0,980.0
BL031,DEET,0.05,2.0,4.0,19668847.5,84983.0,992.0,55.0,1649.4,992.0
BL031,DEET,500.0,1.0,1.0,15572.5,92.0,1.0,0.0,-1.0,1.0
BL031,DEET,500.0,1.0,2.0,19730.0,105.0,1.0,0.0,-1.6,1.0
BL031,DEET,500.0,1.0,3.0,60637.5,611.0,1.0,25.0,-10.4,1.0
BL031,DEET,500.0,1.0,4.0,106807.5,906.0,2.0,0.0,-13.4,3.0
BL031,DEET,50.0,1.0,1.0,25899700.0,91487.0,82.0,50.0,190.0,101.0
BL031,DEET,50.0,1.0,2.0,26997565.0,93345.0,75.0,55.0,-447.2,75.0
BL031,DEET,50.0,1.0,3.0,25720747.5,83584.0,113.0,55.0,-191.0,118.0
BL031,DEET,50.0,1.0,4.0,28373000.0,89769.0,101.0,65.0,893.8,101.0
BL031,DEET,5.0,1.0,1.0,18134490.0,65914.0,1432.0,50.0,-313.4,1432.0
BL031,DEET,5.0,1.0,2.0,18910765.0,66536.0,222.0,50.0,-351.6,222.0
BL031,DEET,5.0,1.0,3.0,18710485.0,80193.0,866.0,55.0,334.0,866.0
BL031,DEET,5.0,1.0,4.0,19821287.5,80390.0,1016.0,70.0,668.2,1016.0
BL031,DEET,0.5,1.0,1.0,17299790.0,67737.0,125.0,50.0,77.0,125.0
BL031,DEET,0.5,1.0,2.0,17703792.5,65175.0,4094.0,50.0,-36.0,4094.0
BL031,DEET,0.5,1.0,3.0,17121755.0,68316.0,1198.0,60.0,469.4,1212.0
BL031,DEET,0.5,1.0,4.0,19263807.5,76215.0,1075.0,75.0,911.4,1124.0
BL031,DEET,0.05,1.0,1.0,16922175.0,63568.0,3931.0,45.0,-1713.6,4254.0
BL031,DEET,0.05,1.0,2.0,17829745.0,65584.0,3737.0,45.0,-109.0,3737.0
BL031,DEET,0.05,1.0,3.0,18348585.0,77193.0,930.0,55.0,727.2,945.0
BL031,DEET,0.05,1.0,4.0,20840877.5,86208.0,939.0,80.0,943.6,948.0
BL031,Propoxur,500.0,1.0,1.0,23642.5,52.0,3.0,0.0,-4.8,5.0
BL031,Propoxur,500.0,1.0,2.0,26620.0,104.0,3.0,0.0,-5.2,8.0
BL031,Propoxur,500.0,1.0,3.0,62562.5,168.0,15.0,0.0,-5.2,23.0
BL031,Propoxur,500.0,1.0,4.0,109769315.0,139546.0,15109.0,835.0,388.0,42409.0
BL031,Propoxur,50.0,1.0,1.0,44221765.0,52191.0,7873.0,345.0,532.4,7873.0
BL031,Propoxur,50.0,1.0,2.0,41932005.0,57331.0,5825.0,60.0,229.2,5825.0
BL031,Propoxur,50.0,1.0,3.0,37833405.0,58344.0,4915.0,165.0,842.0,4915.0
BL031,Propoxur,50.0,1.0,4.0,35671017.5,50632.0,6155.0,60.0,787.0,6155.0
BL031,Propoxur,5.0,1.0,1.0,11026757.5,40140.0,12.0,60.0,319.4,18.0
BL031,Propoxur,5.0,1.0,2.0,11926492.5,40440.0,15.0,55.0,561.2,16.0
BL031,Propoxur,5.0,1.0,3.0,12548635.0,41396.0,14.0,55.0,593.2,17.0
BL031,Propoxur,5.0,1.0,4.0,13781585.0,45195.0,11.0,195.0,623.4,12.0
BL031,Propoxur,0.5,1.0,1.0,9798555.0,36827.0,11.0,55.0,228.8,14.0
BL031,Propoxur,0.5,1.0,2.0,11026897.5,38897.0,10.0,55.0,416.8,17.0
BL031,Propoxur,0.5,1.0,3.0,15554797.5,36031.0,1731.0,60.0,474.6,1731.0
BL031,Propoxur,0.5,1.0,4.0,16920087.5,37188.0,1853.0,60.0,562.6,1853.0
BL031,Propoxur,0.05,1.0,1.0,10578625.0,37050.0,21.0,60.0,178.6,22.0
BL031,Propoxur,0.05,1.0,2.0,11139300.0,40168.0,11.0,55.0,493.8,11.0
BL031,Propoxur,0.05,1.0,3.0,11410792.5,37848.0,11.0,60.0,542.8,11.0
BL031,Propoxur,0.05,1.0,4.0,17142465.0,39178.0,1697.0,205.0,500.8,1740.0
BL031,Propoxur,500.0,2.0,1.0,30015.0,41.0,4.0,345.0,-3.0,5.0
BL031,Propoxur,500.0,2.0,2.0,27860.0,48.0,3.0,0.0,-3.4,4.0
BL031,Propoxur,500.0,2.0,3.0,66680.0,99.0,2.0,0.0,-8.6,5.0
BL031,Propoxur,500.0,2.0,4.0,120345602.5,164919.0,534.0,615.0,95.0,534.0
BL031,Propoxur,50.0,2.0,1.0,43829385.0,53069.0,5078.0,315.0,668.0,5078.0
BL031,Propoxur,50.0,2.0,2.0,42063225.0,52182.0,5432.0,315.0,786.8,5432.0
BL031,Propoxur,50.0,2.0,3.0,32229115.0,53627.0,433.0,50.0,1090.0,437.0
BL031,Propoxur,50.0,2.0,4.0,39090990.0,46565.0,3440.0,45.0,1063.6,3489.0
BL031,Propoxur,5.0,2.0,1.0,8772000.0,30872.0,14.0,45.0,640.0,14.0
BL031,Propoxur,5.0,2.0,2.0,16816955.0,31997.0,1580.0,45.0,805.2,1610.0
BL031,Propoxur,5.0,2.0,3.0,10657350.0,33471.0,15.0,40.0,156.8,17.0
BL031,Propoxur,5.0,2.0,4.0,17639940.0,32555.0,1565.0,40.0,314.0,1607.0
BL031,Propoxur,0.5,2.0,1.0,8821097.5,28825.0,17.0,45.0,681.0,21.0
BL031,Propoxur,0.5,2.0,2.0,8415620.0,31593.0,10.0,40.0,791.0,10.0
BL031,Propoxur,0.5,2.0,3.0,9391312.5,30552.0,13.0,45.0,894.8,16.0
BL031,Propoxur,0.5,2.0,4.0,9630817.5,31979.0,8.0,40.0,998.4,9.0
BL031,Propoxur,0.05,2.0,1.0,10729432.5,29894.0,52.0,50.0,520.0,53.0
BL031,Propoxur,0.05,2.0,2.0,11030095.0,31594.0,43.0,45.0,665.4,49.0
BL031,Propoxur,0.05,2.0,3.0,9326470.0,29428.0,30.0,40.0,750.6,30.0
BL031,Propoxur,0.05,2.0,4.0,16360327.5,29705.0,1502.0,45.0,840.2,1523.0
BL031,Propoxur,500.0,3.0,1.0,31770.0,75.0,1.0,180.0,-1.0,3.0
BL031,Propoxur,500.0,3.0,2.0,35410.0,118.0,2.0,0.0,-11.0,2.0
BL031,Propoxur,500.0,3.0,3.0,46552.5,154.0,10.0,0.0,-11.8,13.0
BL031,Propoxur,500.0,3.0,4.0,90043802.5,102067.0,7093.0,765.0,54.2,45408.0
BL031,Propoxur,50.0,3.0,1.0,78638910.0,183820.0,3658.0,170.0,437.4,3658.0
BL031,Propoxur,50.0,3.0,2.0,80479980.0,206495.0,2578.0,170.0,517.8,2578.0
BL031,Propoxur,50.0,3.0,3.0,81529707.5,211136.0,3770.0,170.0,503.0,3865.0
BL031,Propoxur,50.0,3.0,4.0,78401480.0,155334.0,13162.0,170.0,858.6,13162.0
BL031,Propoxur,5.0,3.0,1.0,44450125.0,114110.0,1745.0,180.0,284.6,1813.0
BL031,Propoxur,5.0,3.0,2.0,47492012.5,128909.0,1326.0,180.0,622.2,1326.0
BL031,Propoxur,5.0,3.0,3.0,47851557.5,122647.0,1284.0,180.0,739.2,1288.0
BL031,Propoxur,5.0,3.0,4.0,48455475.0,115298.0,6618.0,115.0,926.8,6730.0
BL031,Propoxur,0.5,3.0,1.0,36446355.0,95116.0,1359.0,175.0,136.0,1643.0
BL031,Propoxur,0.5,3.0,2.0,41451627.5,107729.0,1467.0,180.0,387.0,1522.0
BL031,Propoxur,0.5,3.0,3.0,44747797.5,108537.0,1497.0,180.0,688.2,1497.0
BL031,Propoxur,0.5,3.0,4.0,42064375.0,111890.0,313.0,180.0,868.2,313.0
BL031,Propoxur,0.05,3.0,1.0,40820067.5,93189.0,3514.0,175.0,454.6,4653.0
BL031,Propoxur,0.05,3.0,2.0,47332705.0,116239.0,3610.0,175.0,34.4,4977.0
BL031,Propoxur,0.05,3.0,3.0,40815725.0,105986.0,1333.0,180.0,733.6,1706.0
BL031,Propoxur,0.05,3.0,4.0,46074437.5,107303.0,8607.0,115.0,765.2,8787.0
BL031,Propoxur,500.0,4.0,1.0,33537.5,82.0,5.0,0.0,-1.6,9.0
BL031,Propoxur,500.0,4.0,2.0,51552.5,246.0,7.0,0.0,-8.8,17.0
BL031,Propoxur,500.0,4.0,3.0,56085.0,201.0,11.0,0.0,-3.0,19.0
BL031,Propoxur,500.0,4.0,4.0,109331802.5,134704.0,4915.0,1025.0,90.6,82472.0
BL031,Propoxur,50.0,4.0,1.0,81140130.0,134153.0,9177.0,135.0,295.6,18467.0
BL031,Propoxur,50.0,4.0,2.0,85184742.5,139553.0,8346.0,145.0,273.4,20001.0
BL031,Propoxur,50.0,4.0,3.0,83220060.0,165284.0,5459.0,135.0,319.4,5593.0
BL031,Propoxur,50.0,4.0,4.0,70520015.0,140394.0,8839.0,140.0,316.2,13149.0
BL031,Propoxur,5.0,4.0,1.0,43040150.0,100961.0,2027.0,175.0,216.0,2136.0
BL031,Propoxur,5.0,4.0,2.0,48768862.5,111881.0,2065.0,145.0,246.6,2193.0
BL031,Propoxur,5.0,4.0,3.0,47394427.5,115951.0,4743.0,140.0,328.4,4743.0
BL031,Propoxur,5.0,4.0,4.0,41821075.0,104033.0,5298.0,145.0,351.0,5298.0
BL031,Propoxur,0.5,4.0,1.0,35737602.5,87409.0,1040.0,140.0,144.4,1159.0
BL031,Propoxur,0.5,4.0,2.0,37753830.0,93462.0,698.0,140.0,241.6,722.0
BL031,Propoxur,0.5,4.0,3.0,39663255.0,95590.0,5404.0,145.0,227.4,5505.0
BL031,Propoxur,0.5,4.0,4.0,41998435.0,104329.0,1460.0,140.0,266.8,1460.0
BL031,Propoxur,0.05,4.0,1.0,44965987.5,81197.0,6017.0,155.0,99.4,6017.0
BL031,Propoxur,0.05,4.0,2.0,43488975.0,89835.0,2739.0,150.0,193.0,2839.0
BL031,Propoxur,0.05,4.0,3.0,38649517.5,106974.0,4823.0,140.0,258.2,4886.0
BL031,Propoxur,0.05,4.0,4.0,42589267.5,111529.0,636.0,140.0,245.6,661.0
BL031,Propoxur,500.0,5.0,1.0,12522.5,25.0,0.0,210.0,-1.2,0.0
BL031,Propoxur,500.0,5.0,2.0,9915.0,26.0,0.0,260.0,-0.2,0.0
BL031,Propoxur,500.0,5.0,3.0,20355.0,40.0,0.0,190.0,-1.8,0.0
BL031,Propoxur,500.0,5.0,4.0,44675510.0,67015.0,126.0,300.0,540.6,126.0
BL031,Propoxur,50.0,5.0,1.0,14563115.0,42656.0,60.0,235.0,377.8,60.0
BL031,Propoxur,50.0,5.0,2.0,15202042.5,44653.0,62.0,235.0,385.8,62.0
BL031,Propoxur,50.0,5.0,3.0,14787157.5,45051.0,14.0,235.0,347.4,24.0
BL031,Propoxur,50.0,5.0,4.0,25130085.0,37801.0,157.0,260.0,375.2,157.0
BL031,Propoxur,5.0,5.0,1.0,6494790.0,16417.0,36.0,330.0,271.8,36.0
BL031,Propoxur,5.0,5.0,2.0,6029097.5,17711.0,44.0,320.0,298.6,77.0
BL031,Propoxur,5.0,5.0,3.0,7347895.0,20634.0,14.0,315.0,351.0,18.0
BL031,Propoxur,5.0,5.0,4.0,10848547.5,20132.0,756.0,360.0,363.6,756.0
BL031,Propoxur,0.5,5.0,1.0,4708197.5,13129.0,12.0,310.0,312.6,19.0
BL031,Propoxur,0.5,5.0,2.0,5538615.0,15505.0,15.0,310.0,329.6,17.0
BL031,Propoxur,0.5,5.0,3.0,5344075.0,15996.0,10.0,315.0,300.2,15.0
BL031,Propoxur,0.5,5.0,4.0,6330987.5,18291.0,45.0,310.0,358.8,51.0
BL031,Propoxur,0.05,5.0,1.0,5706742.5,13328.0,97.0,275.0,288.6,97.0
BL031,Propoxur,0.05,5.0,2.0,6232580.0,15273.0,44.0,330.0,306.6,53.0
BL031,Propoxur,0.05,5.0,3.0,5710267.5,17034.0,12.0,310.0,294.0,19.0
BL031,Propoxur,0.05,5.0,4.0,5889327.5,19184.0,12.0,305.0,363.4,14.0
BL032,Trimethoprim,50.0,1.0,1.0,65289619.025,66011.0,10450.176666666666,805.0,128.74733333333316,48162.0
BL032,Trimethoprim,50.0,1.0,2.0,63112778.74166667,61992.0,10085.039999999999,750.0,140.48266666666677,40517.0
BL032,Trimethoprim,50.0,1.0,3.0,63190486.983333334,62145.0,10180.006666666666,775.0,159.2140000000003,47346.0
BL032,Trimethoprim,5.0,1.0,1.0,139690497.28333333,157030.0,9804.960000000001,710.0,189.93266666666642,77834.0
BL032,Trimethoprim,5.0,1.0,2.0,143164493.44166666,168770.0,9910.083333333334,655.0,184.5406666666666,68066.0
BL032,Trimethoprim,5.0,1.0,3.0,147146215.79166666,169312.0,9993.683333333332,655.0,179.4166666666668,74698.0
BL032,Trimethoprim,0.5,1.0,1.0,53838515.7,91534.0,6955.0,270.0,232.2973333333335,6955.0
BL032,Trimethoprim,0.5,1.0,2.0,55352646.458333336,81463.0,8924.0,250.0,203.48399999999964,8924.0
BL032,Trimethoprim,0.5,1.0,3.0,55444091.166666664,78103.0,9104.0,245.0,142.22266666666656,9104.0
BL032,Trimethoprim,0.05,1.0,1.0,43719620.791666664,61988.0,7139.0,305.0,218.44399999999987,7245.0
BL032,Trimethoprim,0.05,1.0,2.0,47770117.05,57950.0,8585.0,305.0,197.53399999999965,8585.0
BL032,Trimethoprim,0.05,1.0,3.0,48021436.65,62236.0,7741.0,305.0,211.28533333333326,7741.0
BL032,Trimethoprim,0.005,1.0,1.0,32434.6125,337.7,41.515,180.0,0.6439999999999998,153.7
BL032,Trimethoprim,0.005,1.0,2.0,31185.2,302.1,39.34,180.0,0.7979999999999989,131.0
BL032,Trimethoprim,0.005,1.0,3.0,33232.375,343.4,39.9,180.0,0.7780000000000016,147.9
BL032,Trimethoprim,50.0,2.0,1.0,77710956.81551833,70319.0,12025.690525333333,930.0,576.8715866666665,60743.0
BL032,Trimethoprim,50.0,2.0,2.0,77551957.04587583,71590.0,11051.342182333334,1085.0,455.1417066666665,64332.0
BL032,Trimethoprim,50.0,2.0,3.0,69832009.59431084,60370.0,11715.606272333333,890.0,482.4728628666671,52389.0
BL032,Trimethoprim,5.0,2.0,1.0,133841711.3245675,119318.0,11433.715332333333,1105.0,477.1959087333333,96498.0
BL032,Trimethoprim,5.0,2.0,2.0,139032224.74570668,132083.0,11439.290088666667,540.0,486.3997681333334,86784.0
BL032,Trimethoprim,5.0,2.0,3.0,136780801.13762,122680.0,11528.046992000001,565.0,494.3361126666663,94204.0
BL032,Trimethoprim,0.5,2.0,1.0,43650352.505221665,82382.0,5476.0,295.0,468.93623600000063,5476.0
BL032,Trimethoprim,0.5,2.0,2.0,44367046.54350167,79027.0,5593.0,290.0,509.34516613333324,5593.0
BL032,Trimethoprim,0.5,2.0,3.0,31251248.119863335,62611.0,1390.0,240.0,513.017717266667,1396.0
BL032,Trimethoprim,0.05,2.0,1.0,27809960.551849168,47600.0,1051.0,240.0,497.6189862000003,1073.0
BL032,Trimethoprim,0.05,2.0,2.0,26285463.709135,47391.0,1004.0,240.0,434.6785885333331,1056.0
BL032,Trimethoprim,0.05,2.0,3.0,24651539.931935832,48171.0,951.0,240.0,505.1399752000001,985.0
BL032,Trimethoprim,0.005,2.0,1.0,14873.0346975,162.3,16.587743,185.0,0.49896910000000005,71.97
BL032,Trimethoprim,0.005,2.0,2.0,15067.2666825,171.2,16.231118000000002,190.0,0.4977271999999992,73.87
BL032,Trimethoprim,0.005,2.0,3.0,15118.4746975,165.4,16.558518,185.0,0.49983199999999994,72.39
BL032,Trimethoprim,50.0,3.0,1.0,71998728.581375,78914.0,8835.57895,930.0,274.80386,67904.0
BL032,Trimethoprim,50.0,3.0,2.0,64227087.5515,67424.0,5741.7742,910.0,859.4646400000001,56825.0
BL032,Trimethoprim,50.0,3.0,3.0,65586435.14275,71920.0,10606.09645,1065.0,-1368.9807100000003,67386.0
BL032,Trimethoprim,5.0,3.0,1.0,161471946.0125,230426.0,8651.0822,1255.0,320.8034399999997,186001.0
BL032,Trimethoprim,5.0,3.0,2.0,162756281.71058333,225727.0,5693.113733333333,1260.0,885.4976033333335,175210.0
BL032,Trimethoprim,5.0,3.0,3.0,170197649.2125,237760.0,10224.59775,1295.0,-1384.4804499999998,207232.0
BL032,Trimethoprim,0.5,3.0,1.0,31610239.244,57274.0,3166.0,510.0,345.40357000000006,3166.0
BL032,Trimethoprim,0.5,3.0,2.0,33088729.400333334,59510.0,3378.0,515.0,908.0320633333334,3378.0
BL032,Trimethoprim,0.5,3.0,3.0,33232074.805,60929.0,3063.0,505.0,-1398.07856,3063.0
BL032,Trimethoprim,0.05,3.0,1.0,32120444.1355,51799.0,2893.0,560.0,301.7037,2893.0
BL032,Trimethoprim,0.05,3.0,2.0,31082510.74675,53232.0,1014.0,555.0,936.8312099999999,1014.0
BL032,Trimethoprim,0.05,3.0,3.0,33032801.67775,59801.0,3013.0,555.0,-1317.87942,3013.0
BL032,Trimethoprim,0.005,3.0,1.0,18803.77775,103.7,0.1693,205.0,0.008139999999999998,30.23
BL032,Trimethoprim,0.005,3.0,2.0,18723.094125,106.0,0.17925000000000002,200.0,0.006469999999999998,28.35
BL032,Trimethoprim,0.005,3.0,3.0,18371.96175,106.8,0.2175,200.0,0.00872,27.91
BL032,Trimethoprim,50.0,4.0,1.0,75664727.212375,78914.0,8835.59535,930.0,274.80003,67904.0
BL032,Trimethoprim,50.0,4.0,2.0,68101129.72308333,67424.0,5741.793633333334,910.0,859.4604833333333,56825.0
BL032,Trimethoprim,50.0,4.0,3.0,68967989.67325,71920.0,10606.10245,1065.0,-1368.97951,67386.0
BL032,Trimethoprim,5.0,4.0,1.0,170902277.086875,230426.0,8651.09375,1255.0,320.80067999999994,186001.0
BL032,Trimethoprim,5.0,4.0,2.0,172828670.18358332,225727.0,5693.132533333333,1260.0,885.4938533333334,175210.0
BL032,Trimethoprim,5.0,4.0,3.0,180151443.27275,237760.0,10224.60165,1295.0,-1384.47967,207232.0
BL032,Trimethoprim,0.5,4.0,1.0,38537906.272125,74494.0,3166.0,275.0,345.40009000000026,3166.0
BL032,Trimethoprim,0.5,4.0,2.0,40108880.380833335,73340.0,3378.0,275.0,908.0287833333334,3378.0
BL032,Trimethoprim,0.5,4.0,3.0,40829579.38875,80232.0,3063.0,275.0,-1398.0799900000002,3063.0
BL032,Trimethoprim,0.05,4.0,1.0,37985473.831,59374.0,2893.0,275.0,301.70118,2893.0
BL032,Trimethoprim,0.05,4.0,2.0,37694222.59758333,70355.0,1014.0,260.0,936.8270133333332,1014.0
BL032,Trimethoprim,0.05,4.0,3.0,39842484.9065,71550.0,3013.0,260.0,-1317.8782800000001,3013.0
BL032,Trimethoprim,0.005,4.0,1.0,5705.76275,58.5,0.1961,200.0,0.004599999999999998,37.73
BL032,Trimethoprim,0.005,4.0,2.0,5692.603625,58.28,0.19605,200.0,0.002510000000000001,37.08
BL032,Trimethoprim,0.005,4.0,3.0,5777.328,59.11,0.2036,195.0,0.003939999999999999,37.38
BL032,Trimethoprim,50.0,5.0,1.0,6074699.471,22156.7912,14.0,85.0,54.80191999999988,17.0
BL032,Trimethoprim,50.0,5.0,2.0,6410413.1175833335,22150.29135,10.0,85.0,851.7282833333335,11.0
BL032,Trimethoprim,50.0,5.0,3.0,7115921.239,24938.0,14.0,0.0,-2375.77932,17.0
BL032,Trimethoprim,5.0,5.0,1.0,6121000.439375,21491.26525,7.0,85.0,79.70327999999972,19.0
BL032,Trimethoprim,5.0,5.0,2.0,6621710.057666667,22545.31275,10.0,85.0,846.3972766666668,12.0
BL032,Trimethoprim,5.0,5.0,3.0,7340109.0525,24313.0,7.0,0.0,-2366.78017,12.0
BL032,Trimethoprim,0.5,5.0,1.0,6683857.58475,22073.6855,9.0,90.0,95.60553999999975,9.0
BL032,Trimethoprim,0.5,5.0,2.0,7165988.2575,22464.02,9.0,120.0,846.6311599999999,9.0
BL032,Trimethoprim,0.5,5.0,3.0,7582974.13425,24729.0,5.0,0.0,-2350.97948,13.0
BL032,Trimethoprim,0.05,5.0,1.0,6875578.746625,21855.23,6.0,140.0,35.60328000000008,11.0
BL032,Trimethoprim,0.05,5.0,2.0,7262774.895666666,22902.61,7.0,125.0,814.5652066666668,13.0
BL032,Trimethoprim,0.05,5.0,3.0,12535779.962749999,25534.0,2177.0,0.0,-2405.57896,2217.0
BL032,Trimethoprim,0.005,5.0,1.0,15302.420250000001,84.51,0.1853,190.0,0.008340000000000004,28.25
BL032,Trimethoprim,0.005,5.0,2.0,15069.033,83.38,0.17559999999999998,190.0,0.009520000000000006,28.12
BL032,Trimethoprim,0.005,5.0,3.0,15175.6205,83.0,0.2064,185.0,0.006559999999999999,28.62
BL032,Trimethoprim,50.0,6.0,1.0,13442.015000000001,42.63,8.359,695.0,0.40599999999999953,42.63
BL032,Trimethoprim,50.0,6.0,2.0,2845.679,20.11,0.8523,5.0,0.0740000000000002,2.895
BL032,Trimethoprim,50.0,6.0,3.0,13051.545,39.27,8.323,695.0,0.3920000000000002,39.27
BL032,Trimethoprim,5.0,6.0,1.0,23923.775,80.13,16.39,695.0,0.43200000000000005,80.13
BL032,Trimethoprim,5.0,6.0,2.0,30739.675,98.68,20.13,695.0,0.46399999999999936,98.68
BL032,Trimethoprim,5.0,6.0,3.0,40395.1,122.7,21.64,695.0,0.43200000000000005,122.7
BL032,Trimethoprim,0.5,6.0,1.0,389119.2,1497.0,21.36,350.0,0.5800000000000004,271.2
BL032,Trimethoprim,0.5,6.0,2.0,377123.325,1482.0,20.83,350.0,0.5960000000000001,248.2
BL032,Trimethoprim,0.5,6.0,3.0,355483.0,1493.0,21.74,330.0,0.6200000000000003,215.0
BL032,Trimethoprim,0.05,6.0,1.0,45018.225,242.2,21.54,220.0,0.6579999999999998,24.49
BL032,Trimethoprim,0.05,6.0,2.0,42997.6,241.4,21.24,220.0,0.704,21.32
BL032,Trimethoprim,0.05,6.0,3.0,43463.775,241.8,20.21,220.0,0.6759999999999998,20.37
BL032,Trimethoprim,0.005,6.0,1.0,49884.9,207.6,21.67,230.0,0.6259999999999998,46.11
BL032,Trimethoprim,0.005,6.0,2.0,47818.775,205.0,21.94,225.0,0.6519999999999996,43.57
BL032,Trimethoprim,0.005,6.0,3.0,47101.225,204.6,21.98,230.0,0.6560000000000002,40.47
BL032,Metaldehyde,500.0,1.0,1.0,18171080.0,85336.0,939.0,80.0,1098.4,939.0
BL032,Metaldehyde,500.0,1.0,2.0,15825687.5,74396.0,812.0,70.0,1089.8,812.0
BL032,Metaldehyde,500.0,1.0,3.0,16931725.0,79454.0,1064.0,75.0,1027.8,1100.0
BL032,Metaldehyde,500.0,1.0,4.0,17408577.5,81011.0,1293.0,80.0,943.0,1293.0
BL032,Metaldehyde,50.0,1.0,1.0,16937555.0,78710.0,1212.0,70.0,1266.8,1212.0
BL032,Metaldehyde,50.0,1.0,2.0,17545462.5,75286.0,3857.0,80.0,945.4,3863.0
BL032,Metaldehyde,50.0,1.0,3.0,16147800.0,79654.0,806.0,70.0,1018.4,806.0
BL032,Metaldehyde,50.0,1.0,4.0,16429695.0,81070.0,926.0,75.0,991.4,944.0
BL032,Metaldehyde,5.0,1.0,1.0,17317670.0,74420.0,4083.0,75.0,1119.2,4104.0
BL032,Metaldehyde,5.0,1.0,2.0,17472362.5,74797.0,4069.0,80.0,935.2,4082.0
BL032,Metaldehyde,5.0,1.0,3.0,17993442.5,76073.0,3684.0,65.0,1021.6,3684.0
BL032,Metaldehyde,5.0,1.0,4.0,16748572.5,82694.0,809.0,70.0,972.0,809.0
BL032,Metaldehyde,0.5,1.0,1.0,17870137.5,76453.0,3773.0,75.0,1104.2,3834.0
BL032,Metaldehyde,0.5,1.0,2.0,17501542.5,73903.0,3790.0,75.0,1037.6,3805.0
BL032,Metaldehyde,0.5,1.0,3.0,19103200.0,82219.0,3884.0,75.0,977.0,3889.0
BL032,Metaldehyde,0.5,1.0,4.0,17460930.0,67977.0,260.0,75.0,861.4,260.0
BL032,Metaldehyde,0.05,1.0,1.0,17346607.5,73290.0,4243.0,75.0,1219.6,4493.0
BL032,Metaldehyde,0.05,1.0,2.0,17797535.0,74105.0,4429.0,75.0,1007.2,4457.0
BL032,Metaldehyde,0.05,1.0,3.0,18805522.5,78916.0,4314.0,75.0,1066.0,4314.0
BL032,Metaldehyde,0.05,1.0,4.0,15526242.5,77806.0,471.0,70.0,955.6,484.0
BL032,Metaldehyde,500.0,2.0,1.0,22283002.5,97823.0,1250.0,105.0,661.0,1250.0
BL032,Metaldehyde,500.0,2.0,2.0,21529342.5,81143.0,1696.0,105.0,753.4,1700.0
BL032,Metaldehyde,500.0,2.0,3.0,21727470.0,83921.0,1747.0,105.0,783.6,1747.0
BL032,Metaldehyde,500.0,2.0,4.0,22138782.5,85400.0,1451.0,105.0,446.6,1451.0
BL032,Metaldehyde,50.0,2.0,1.0,21618487.5,94790.0,1726.0,100.0,564.6,1726.0
BL032,Metaldehyde,50.0,2.0,2.0,20721645.0,91874.0,1075.0,105.0,635.0,1108.0
BL032,Metaldehyde,50.0,2.0,3.0,20952312.5,87751.0,1164.0,105.0,639.6,1164.0
BL032,Metaldehyde,50.0,2.0,4.0,22245830.0,90022.0,1264.0,105.0,554.2,1264.0
BL032,Metaldehyde,5.0,2.0,1.0,23611757.5,93392.0,4926.0,105.0,763.2,5034.0
BL032,Metaldehyde,5.0,2.0,2.0,22657797.5,94871.0,3654.0,100.0,764.0,3881.0
BL032,Metaldehyde,5.0,2.0,3.0,21848245.0,90327.0,1266.0,100.0,805.8,1270.0
BL032,Metaldehyde,5.0,2.0,4.0,22409570.0,91182.0,1098.0,100.0,634.0,1098.0
BL032,Metaldehyde,0.5,2.0,1.0,22835007.5,92503.0,4213.0,100.0,715.0,4449.0
BL032,Metaldehyde,0.5,2.0,2.0,22963517.5,89162.0,4369.0,95.0,681.6,4790.0
BL032,Metaldehyde,0.5,2.0,3.0,23310397.5,93156.0,1568.0,105.0,597.4,1568.0
BL032,Metaldehyde,0.5,2.0,4.0,22973145.0,95285.0,1060.0,100.0,610.6,1060.0
BL032,Metaldehyde,0.05,2.0,1.0,21693452.5,95091.0,1196.0,105.0,723.2,1196.0
BL032,Metaldehyde,0.05,2.0,2.0,23161280.0,93214.0,4267.0,105.0,692.6,4702.0
BL032,Metaldehyde,0.05,2.0,3.0,24260730.0,92224.0,4396.0,110.0,620.6,4778.0
BL032,Metaldehyde,0.05,2.0,4.0,25050742.5,92779.0,4427.0,110.0,569.2,4510.0
BL032,Metaldehyde,500.0,3.0,1.0,24902030.0,105048.0,1364.0,85.0,913.6,1364.0
BL032,Metaldehyde,500.0,3.0,2.0,23900750.0,98321.0,1247.0,90.0,713.4,1247.0
BL032,Metaldehyde,500.0,3.0,3.0,23990962.5,94211.0,1211.0,90.0,687.2,1219.0
BL032,Metaldehyde,500.0,3.0,4.0,25973187.5,103541.0,1065.0,95.0,637.0,1065.0
BL032,Metaldehyde,50.0,3.0,1.0,25508487.5,99187.0,4981.0,80.0,853.8,5001.0
BL032,Metaldehyde,50.0,3.0,2.0,24424310.0,95595.0,5041.0,85.0,658.2,5097.0
BL032,Metaldehyde,50.0,3.0,3.0,23387770.0,96483.0,1013.0,85.0,510.4,1033.0
BL032,Metaldehyde,50.0,3.0,4.0,22702107.5,89005.0,1166.0,90.0,526.8,1195.0
BL032,Metaldehyde,5.0,3.0,1.0,24969157.5,98817.0,5030.0,85.0,829.4,5030.0
BL032,Metaldehyde,5.0,3.0,2.0,24449252.5,96564.0,4954.0,90.0,595.4,5053.0
BL032,Metaldehyde,5.0,3.0,3.0,23750825.0,97362.0,983.0,90.0,408.0,983.0
BL032,Metaldehyde,5.0,3.0,4.0,27238107.5,99794.0,2468.0,95.0,422.2,2468.0
BL032,Metaldehyde,0.5,3.0,1.0,24785680.0,97293.0,4979.0,80.0,758.4,5066.0
BL032,Metaldehyde,0.5,3.0,2.0,24845025.0,98202.0,5028.0,85.0,761.2,5050.0
BL032,Metaldehyde,0.5,3.0,3.0,27142465.0,99675.0,4815.0,85.0,492.6,4873.0
BL032,Metaldehyde,0.5,3.0,4.0,27458107.5,99402.0,4687.0,90.0,458.8,4687.0
BL032,Metaldehyde,0.05,3.0,1.0,24491997.5,97031.0,5218.0,85.0,656.6,5237.0
BL032,Metaldehyde,0.05,3.0,2.0,24828072.5,97710.0,5100.0,85.0,646.2,5132.0
BL032,Metaldehyde,0.05,3.0,3.0,27269685.0,99941.0,4912.0,85.0,564.8,4974.0
BL032,Metaldehyde,0.05,3.0,4.0,27043677.5,98737.0,5069.0,90.0,288.2,5133.0
BL032,Metaldehyde,500.0,4.0,1.0,31192040.0,87125.0,4338.0,145.0,1339.8,4338.0
BL032,Metaldehyde,500.0,4.0,2.0,30648947.5,88735.0,3602.0,110.0,1280.0,3602.0
BL032,Metaldehyde,500.0,4.0,3.0,31774135.0,89788.0,3669.0,110.0,1329.8,3669.0
BL032,Metaldehyde,500.0,4.0,4.0,32076445.0,88261.0,4893.0,140.0,1275.4,4893.0
BL032,Metaldehyde,50.0,4.0,1.0,29410455.0,84785.0,3566.0,135.0,1461.2,3566.0
BL032,Metaldehyde,50.0,4.0,2.0,29681657.5,87580.0,3328.0,130.0,1333.2,3409.0
BL032,Metaldehyde,50.0,4.0,3.0,29820202.5,85440.0,3185.0,105.0,1348.8,3185.0
BL032,Metaldehyde,50.0,4.0,4.0,30226207.5,83925.0,3097.0,135.0,1253.4,3097.0
BL032,Metaldehyde,5.0,4.0,1.0,30045560.0,85750.0,3815.0,130.0,1343.2,3815.0
BL032,Metaldehyde,5.0,4.0,2.0,30418157.5,84858.0,5058.0,130.0,1259.0,5058.0
BL032,Metaldehyde,5.0,4.0,3.0,29469927.5,82433.0,3841.0,130.0,1156.2,3841.0
BL032,Metaldehyde,5.0,4.0,4.0,29229447.5,82989.0,3132.0,135.0,1235.6,3132.0
BL032,Metaldehyde,0.5,4.0,1.0,29563280.0,85276.0,3645.0,135.0,1438.8,3645.0
BL032,Metaldehyde,0.5,4.0,2.0,29484397.5,84817.0,3553.0,135.0,1302.0,3699.0
BL032,Metaldehyde,0.5,4.0,3.0,29459045.0,82092.0,3530.0,135.0,1262.0,3530.0
BL032,Metaldehyde,0.5,4.0,4.0,29257652.5,84158.0,3327.0,135.0,1311.6,3327.0
BL032,Metaldehyde,0.05,4.0,1.0,29040190.0,83584.0,4058.0,135.0,1417.0,4093.0
BL032,Metaldehyde,0.05,4.0,2.0,29000387.5,83576.0,3767.0,135.0,1315.6,3830.0
BL032,Metaldehyde,0.05,4.0,3.0,30970965.0,86361.0,3875.0,130.0,1364.4,3959.0
BL032,Metaldehyde,0.05,4.0,4.0,29879260.0,84592.0,3569.0,135.0,1359.8,3599.0
BL032,Metaldehyde,500.0,5.0,1.0,20198717.5,76335.0,839.0,85.0,1846.6,843.0
BL032,Metaldehyde,500.0,5.0,2.0,22864830.0,76040.0,3756.0,65.0,1648.0,3813.0
BL032,Metaldehyde,500.0,5.0,3.0,20858340.0,76307.0,941.0,70.0,1605.2,941.0
BL032,Metaldehyde,500.0,5.0,4.0,21790500.0,76556.0,1001.0,75.0,1561.6,1001.0
BL032,Metaldehyde,50.0,5.0,1.0,20448870.0,77415.0,1038.0,85.0,1761.0,1065.0
BL032,Metaldehyde,50.0,5.0,2.0,22808080.0,75275.0,4755.0,85.0,1634.6,4793.0
BL032,Metaldehyde,50.0,5.0,3.0,20264735.0,75932.0,1060.0,70.0,1577.8,1062.0
BL032,Metaldehyde,50.0,5.0,4.0,21061787.5,75584.0,940.0,75.0,1548.4,940.0
BL032,Metaldehyde,5.0,5.0,1.0,22921052.5,74982.0,4705.0,90.0,1765.8,4757.0
BL032,Metaldehyde,5.0,5.0,2.0,19629682.5,73314.0,765.0,90.0,1614.0,771.0
BL032,Metaldehyde,5.0,5.0,3.0,21361225.0,75066.0,1285.0,90.0,1582.2,1297.0
BL032,Metaldehyde,5.0,5.0,4.0,23688795.0,74483.0,4719.0,75.0,1531.2,4723.0
BL032,Metaldehyde,0.5,5.0,1.0,22491467.5,73346.0,4377.0,90.0,1759.6,4377.0
BL032,Metaldehyde,0.5,5.0,2.0,22773052.5,74919.0,4388.0,90.0,1691.4,4388.0
BL032,Metaldehyde,0.5,5.0,3.0,21798435.0,78771.0,861.0,90.0,1721.6,861.0
BL032,Metaldehyde,0.5,5.0,4.0,22370877.5,77922.0,1151.0,85.0,1674.4,1231.0
BL032,Metaldehyde,0.05,5.0,1.0,23266970.0,77371.0,4857.0,85.0,1837.6,4857.0
BL032,Metaldehyde,0.05,5.0,2.0,23076430.0,77236.0,4683.0,85.0,1765.2,4703.0
BL032,Metaldehyde,0.05,5.0,3.0,24927295.0,77970.0,4848.0,125.0,1744.2,4873.0
BL032,Metaldehyde,0.05,5.0,4.0,21634235.0,75262.0,675.0,130.0,1637.8,675.0
BL032,Boric Acid,500.0,1.0,1.0,8431950.0,28939.0,17.0,60.0,529.6,23.0
BL032,Boric Acid,500.0,1.0,2.0,14491972.5,27842.0,1709.0,60.0,478.4,1709.0
BL032,Boric Acid,500.0,1.0,3.0,9739922.5,29733.0,32.0,60.0,514.6,35.0
BL032,Boric Acid,500.0,1.0,4.0,12508037.5,31071.0,59.0,60.0,594.8,64.0
BL032,Boric Acid,50.0,1.0,1.0,12233197.5,25561.0,1479.0,60.0,448.0,1523.0
BL032,Boric Acid,50.0,1.0,2.0,8130432.5,28679.0,9.0,65.0,477.2,9.0
BL032,Boric Acid,50.0,1.0,3.0,8853577.5,29320.0,10.0,60.0,514.0,15.0
BL032,Boric Acid,50.0,1.0,4.0,15787865.0,29787.0,1884.0,65.0,556.6,1929.0
BL032,Boric Acid,5.0,1.0,1.0,7581022.5,27613.0,9.0,60.0,441.4,12.0
BL032,Boric Acid,5.0,1.0,2.0,8261030.0,27518.0,12.0,60.0,393.6,14.0
BL032,Boric Acid,5.0,1.0,3.0,13642260.0,29299.0,1616.0,60.0,470.8,1644.0
BL032,Boric Acid,5.0,1.0,4.0,9498645.0,30245.0,8.0,60.0,560.6,9.0
BL032,Boric Acid,0.5,1.0,1.0,9709350.0,28036.0,14.0,65.0,439.6,14.0
BL032,Boric Acid,0.5,1.0,2.0,8992920.0,29244.0,7.0,65.0,436.0,18.0
BL032,Boric Acid,0.5,1.0,3.0,9781612.5,30762.0,12.0,65.0,497.2,13.0
BL032,Boric Acid,0.5,1.0,4.0,9931735.0,30321.0,10.0,65.0,550.8,15.0
BL032,Boric Acid,0.05,1.0,1.0,8988460.0,29991.0,7.0,65.0,462.6,10.0
BL032,Boric Acid,0.05,1.0,2.0,9131227.5,29873.0,13.0,65.0,479.8,14.0
BL032,Boric Acid,0.05,1.0,3.0,10483470.0,31141.0,127.0,70.0,475.8,130.0
BL032,Boric Acid,0.05,1.0,4.0,15580515.0,28592.0,2674.0,70.0,458.8,2674.0
BL032,Boric Acid,500.0,2.0,1.0,12405895.0,43968.0,24.0,85.0,265.6,29.0
BL032,Boric Acid,500.0,2.0,2.0,13778220.0,46662.0,20.0,90.0,190.8,21.0
BL032,Boric Acid,500.0,2.0,3.0,15022077.5,49546.0,15.0,120.0,264.6,17.0
BL032,Boric Acid,500.0,2.0,4.0,16666440.0,51903.0,24.0,120.0,200.4,28.0
BL032,Boric Acid,50.0,2.0,1.0,11712370.0,44313.0,14.0,85.0,109.6,17.0
BL032,Boric Acid,50.0,2.0,2.0,12369032.5,44300.0,10.0,85.0,16.8,11.0
BL032,Boric Acid,50.0,2.0,3.0,13589447.5,46036.0,14.0,120.0,236.0,17.0
BL032,Boric Acid,50.0,2.0,4.0,18837275.0,47517.0,863.0,120.0,246.6,863.0
BL032,Boric Acid,5.0,2.0,1.0,11817305.0,42982.0,7.0,85.0,159.4,19.0
BL032,Boric Acid,5.0,2.0,2.0,12797412.5,45090.0,10.0,85.0,79.8,12.0
BL032,Boric Acid,5.0,2.0,3.0,14107387.5,47104.0,7.0,125.0,129.0,12.0
BL032,Boric Acid,5.0,2.0,4.0,18607990.0,47428.0,281.0,120.0,262.4,281.0
BL032,Boric Acid,0.5,2.0,1.0,12882032.5,44138.0,9.0,90.0,191.2,9.0
BL032,Boric Acid,0.5,2.0,2.0,13750397.5,44869.0,9.0,120.0,118.2,9.0
BL032,Boric Acid,0.5,2.0,3.0,14532675.0,48449.0,5.0,125.0,243.8,13.0
BL032,Boric Acid,0.5,2.0,4.0,20596232.5,45186.0,2182.0,130.0,147.6,2182.0
BL032,Boric Acid,0.05,2.0,1.0,13286745.0,43641.0,6.0,140.0,71.2,11.0
BL032,Boric Acid,0.05,2.0,2.0,14094125.0,45759.0,7.0,125.0,54.0,13.0
BL032,Boric Acid,0.05,2.0,3.0,20139142.5,45222.0,2177.0,130.0,295.6,2217.0
BL032,Boric Acid,0.05,2.0,4.0,20704805.0,45274.0,2375.0,140.0,186.2,2375.0
BL032,Boric Acid,500.0,3.0,1.0,9450385.0,31939.0,22.0,55.0,215.8,23.0
BL032,Boric Acid,500.0,3.0,2.0,15785387.5,32138.0,2441.0,60.0,250.8,2473.0
BL032,Boric Acid,500.0,3.0,3.0,11815340.0,35351.0,11.0,100.0,311.6,20.0
BL032,Boric Acid,500.0,3.0,4.0,13895902.5,42140.0,30.0,225.0,267.2,34.0
BL032,Boric Acid,50.0,3.0,1.0,10093827.5,31733.0,107.0,60.0,258.4,132.0
BL032,Boric Acid,50.0,3.0,2.0,9697435.0,32618.0,10.0,60.0,255.2,14.0
BL032,Boric Acid,50.0,3.0,3.0,10669180.0,32834.0,10.0,100.0,269.8,14.0
BL032,Boric Acid,50.0,3.0,4.0,17794000.0,35892.0,2134.0,235.0,294.0,2190.0
BL032,Boric Acid,5.0,3.0,1.0,10128697.5,31554.0,30.0,60.0,210.4,30.0
BL032,Boric Acid,5.0,3.0,2.0,9915667.5,32816.0,10.0,100.0,152.8,15.0
BL032,Boric Acid,5.0,3.0,3.0,16395310.0,31969.0,2061.0,55.0,236.2,2084.0
BL032,Boric Acid,5.0,3.0,4.0,11720982.5,36917.0,5.0,215.0,259.8,11.0
BL032,Boric Acid,0.5,3.0,1.0,13989442.5,31879.0,1436.0,55.0,208.0,1444.0
BL032,Boric Acid,0.5,3.0,2.0,10729847.5,34622.0,10.0,95.0,216.6,19.0
BL032,Boric Acid,0.5,3.0,3.0,11995252.5,36485.0,10.0,100.0,305.4,12.0
BL032,Boric Acid,0.5,3.0,4.0,13024400.0,41464.0,8.0,220.0,291.0,17.0
BL032,Boric Acid,0.05,3.0,1.0,11142172.5,35959.0,8.0,100.0,208.6,11.0
BL032,Boric Acid,0.05,3.0,2.0,10744167.5,33677.0,9.0,95.0,201.0,16.0
BL032,Boric Acid,0.05,3.0,3.0,15669030.0,35695.0,1734.0,100.0,265.2,1734.0
BL032,Boric Acid,0.05,3.0,4.0,12286062.5,37443.0,11.0,225.0,235.8,16.0
BL032,Boric Acid,500.0,4.0,1.0,15717380.0,27892.0,3196.0,50.0,496.0,3196.0
BL032,Boric Acid,500.0,4.0,2.0,9663907.5,31212.0,101.0,45.0,588.6,407.0
BL032,Boric Acid,500.0,4.0,3.0,10665432.5,31860.0,19.0,50.0,547.8,19.0
BL032,Boric Acid,500.0,4.0,4.0,12312390.0,33289.0,26.0,50.0,681.0,31.0
BL032,Boric Acid,50.0,4.0,1.0,8747987.5,28942.0,217.0,50.0,540.4,247.0
BL032,Boric Acid,50.0,4.0,2.0,8434947.5,28628.0,15.0,50.0,488.8,22.0
BL032,Boric Acid,50.0,4.0,3.0,9523872.5,30954.0,12.0,45.0,633.0,13.0
BL032,Boric Acid,50.0,4.0,4.0,12928967.5,31163.0,456.0,45.0,663.4,466.0
BL032,Boric Acid,5.0,4.0,1.0,8151515.0,28284.0,14.0,45.0,546.0,16.0
BL032,Boric Acid,5.0,4.0,2.0,9391492.5,30054.0,15.0,50.0,558.6,19.0
BL032,Boric Acid,5.0,4.0,3.0,12081847.5,33455.0,12.0,215.0,660.2,16.0
BL032,Boric Acid,5.0,4.0,4.0,19239537.5,32606.0,3357.0,225.0,748.2,3398.0
BL032,Boric Acid,0.5,4.0,1.0,9206180.0,29581.0,15.0,50.0,574.2,18.0
BL032,Boric Acid,0.5,4.0,2.0,9779427.5,30338.0,15.0,50.0,521.8,17.0
BL032,Boric Acid,0.5,4.0,3.0,10390222.5,31071.0,189.0,50.0,533.2,390.0
BL032,Boric Acid,0.5,4.0,4.0,16240207.5,31575.0,3466.0,50.0,529.4,3634.0
BL032,Boric Acid,0.05,4.0,1.0,9548205.0,29934.0,352.0,50.0,538.8,716.0
BL032,Boric Acid,0.05,4.0,2.0,9783395.0,30587.0,13.0,50.0,555.4,14.0
BL032,Boric Acid,0.05,4.0,3.0,10633560.0,31768.0,12.0,50.0,541.0,19.0
BL032,Boric Acid,0.05,4.0,4.0,16358375.0,31553.0,2648.0,50.0,584.4,2699.0
BL032,Boric Acid,500.0,5.0,1.0,16856775.0,47769.0,17.0,210.0,1196.6,17.0
BL032,Boric Acid,500.0,5.0,2.0,16604057.5,45136.0,19.0,215.0,1112.0,34.0
BL032,Boric Acid,500.0,5.0,3.0,19424747.5,57204.0,16.0,210.0,1171.8,20.0
BL032,Boric Acid,500.0,5.0,4.0,22228435.0,62856.0,54.0,230.0,1158.2,68.0
BL032,Boric Acid,50.0,5.0,1.0,14875880.0,45478.0,14.0,215.0,1100.6,14.0
BL032,Boric Acid,50.0,5.0,2.0,15047067.5,48496.0,16.0,215.0,1105.8,21.0
BL032,Boric Acid,50.0,5.0,3.0,16940990.0,56783.0,16.0,220.0,1075.6,16.0
BL032,Boric Acid,50.0,5.0,4.0,24689135.0,49250.0,3022.0,215.0,1197.6,3022.0
BL032,Boric Acid,5.0,5.0,1.0,15258895.0,51451.0,17.0,220.0,1078.2,22.0
BL032,Boric Acid,5.0,5.0,2.0,16008255.0,56059.0,16.0,220.0,1094.0,21.0
BL032,Boric Acid,5.0,5.0,3.0,17624590.0,62372.0,13.0,215.0,1150.4,19.0
BL032,Boric Acid,5.0,5.0,4.0,18156482.5,61391.0,20.0,225.0,1149.6,21.0
BL032,Boric Acid,0.5,5.0,1.0,13701895.0,48157.0,15.0,225.0,1005.6,30.0
BL032,Boric Acid,0.5,5.0,2.0,16602560.0,61181.0,9.0,225.0,1068.8,12.0
BL032,Boric Acid,0.5,5.0,3.0,21894775.0,63074.0,1475.0,225.0,1071.4,1480.0
BL032,Boric Acid,0.5,5.0,4.0,18028430.0,62164.0,16.0,230.0,1197.6,16.0
BL032,Boric Acid,0.05,5.0,1.0,16453035.0,56670.0,13.0,220.0,1078.6,26.0
BL032,Boric Acid,0.05,5.0,2.0,22051732.5,48055.0,2911.0,220.0,1105.8,2911.0
BL032,Boric Acid,0.05,5.0,3.0,24460027.5,45267.0,3505.0,215.0,1120.2,3505.0
BL032,Boric Acid,0.05,5.0,4.0,19852797.5,62827.0,219.0,220.0,1131.0,294.0
BL032,Trimethoprim,500.0,1.0,1.0,84297387.5,79425.0,26868.0,775.0,615.2,51969.0
BL032,Trimethoprim,500.0,1.0,2.0,80017130.0,77166.0,26256.0,775.0,543.2,38856.0
BL032,Trimethoprim,500.0,1.0,3.0,83397890.0,80799.0,28149.0,720.0,675.8,37253.0
BL032,Trimethoprim,500.0,1.0,4.0,92838237.5,93018.0,30209.0,665.0,563.8,38306.0
BL032,Trimethoprim,50.0,1.0,4.0,60609815.0,54158.0,29087.0,815.0,509.2,36203.0
BL032,Trimethoprim,5.0,1.0,4.0,117998640.0,127615.0,28688.0,580.0,590.2,51250.0
BL032,Trimethoprim,0.5,1.0,4.0,42040125.0,106563.0,3382.0,175.0,643.0,3382.0
BL032,Trimethoprim,0.05,1.0,4.0,58964477.5,92586.0,7812.0,170.0,651.8,7812.0
BL032,Trimethoprim,500.0,2.0,1.0,97294592.5,81727.0,32546.0,845.0,1028.2,57731.0
BL032,Trimethoprim,500.0,2.0,2.0,105960227.5,87332.0,36577.0,845.0,1242.2,61564.0
BL032,Trimethoprim,500.0,2.0,3.0,102337290.0,84119.0,36358.0,960.0,1179.8,68504.0
BL032,Trimethoprim,500.0,2.0,4.0,100176212.5,87012.0,40632.0,210.0,1425.6,60603.0
BL032,Trimethoprim,50.0,2.0,4.0,59955935.0,65242.0,26857.0,55.0,1790.2,37896.0
BL032,Trimethoprim,5.0,2.0,4.0,167045230.0,157509.0,34564.0,525.0,1672.8,95712.0
BL032,Trimethoprim,0.5,2.0,4.0,47694115.0,90530.0,4240.0,130.0,1857.4,4240.0
BL032,Trimethoprim,0.05,2.0,4.0,55346397.5,87633.0,2741.0,125.0,1686.8,2741.0
BL032,Trimethoprim,500.0,3.0,1.0,82791025.0,80518.0,17782.0,910.0,407.6,53784.0
BL032,Trimethoprim,500.0,3.0,2.0,84811850.0,79987.0,18172.0,880.0,464.2,52168.0
BL032,Trimethoprim,500.0,3.0,3.0,95960760.0,93616.0,18542.0,875.0,550.8,63288.0
BL032,Trimethoprim,500.0,3.0,4.0,99897222.5,97816.0,19954.0,945.0,497.0,64185.0
BL032,Trimethoprim,50.0,3.0,4.0,44876955.0,40692.0,19915.0,175.0,872.4,25559.0
BL032,Trimethoprim,5.0,3.0,4.0,96866587.5,87544.0,17947.0,700.0,794.6,49968.0
BL032,Trimethoprim,0.5,3.0,4.0,32074547.5,60745.0,1332.0,130.0,953.2,1349.0
BL032,Trimethoprim,0.05,3.0,4.0,46486962.5,78563.0,4395.0,260.0,928.2,4398.0
BL032,Trimethoprim,500.0,4.0,1.0,82791025.0,80518.0,17782.0,910.0,407.6,53784.0
BL032,Trimethoprim,500.0,4.0,2.0,84811850.0,79987.0,18172.0,880.0,464.2,52168.0
BL032,Trimethoprim,500.0,4.0,3.0,95960760.0,93616.0,18542.0,875.0,550.8,63288.0
BL032,Trimethoprim,500.0,4.0,4.0,99897222.5,97816.0,19954.0,945.0,497.0,64185.0
BL032,Trimethoprim,50.0,4.0,4.0,44876955.0,40692.0,19915.0,175.0,872.4,25559.0
BL032,Trimethoprim,5.0,4.0,4.0,96866587.5,87544.0,17947.0,700.0,794.6,49968.0
BL032,Trimethoprim,0.5,4.0,4.0,32074547.5,60745.0,1332.0,130.0,953.2,1349.0
BL032,Trimethoprim,0.05,4.0,4.0,46486962.5,78563.0,4395.0,260.0,928.2,4398.0
BL032,Trimethoprim,500.0,5.0,1.0,12405895.0,43968.0,24.0,85.0,265.6,29.0
BL032,Trimethoprim,500.0,5.0,2.0,13778220.0,46662.0,20.0,90.0,190.8,21.0
BL032,Trimethoprim,500.0,5.0,3.0,15022077.5,49546.0,15.0,120.0,264.6,17.0
BL032,Trimethoprim,500.0,5.0,4.0,16666440.0,51903.0,24.0,120.0,200.4,28.0
BL032,Trimethoprim,50.0,5.0,4.0,18837275.0,47517.0,863.0,120.0,246.6,863.0
BL032,Trimethoprim,5.0,5.0,4.0,18607990.0,47428.0,281.0,120.0,262.4,281.0
BL032,Trimethoprim,0.5,5.0,4.0,20596232.5,45186.0,2182.0,130.0,147.6,2182.0
BL032,Trimethoprim,0.05,5.0,4.0,20704805.0,45274.0,2375.0,140.0,186.2,2375.0
BL032,Diazinon,500.0,5.0,1.0,22283002.5,97823.0,1250.0,105.0,661.0,1250.0
BL032,Diazinon,500.0,5.0,2.0,21529342.5,81143.0,1696.0,105.0,753.4,1700.0
BL032,Diazinon,500.0,5.0,3.0,21727470.0,83921.0,1747.0,105.0,783.6,1747.0
BL032,Diazinon,500.0,5.0,4.0,22138782.5,85400.0,1451.0,105.0,446.6,1451.0
BL032,Diazinon,50.0,5.0,1.0,21618487.5,94790.0,1726.0,100.0,564.6,1726.0
BL032,Diazinon,50.0,5.0,2.0,20721645.0,91874.0,1075.0,105.0,635.0,1108.0
BL032,Diazinon,50.0,5.0,3.0,20952312.5,87751.0,1164.0,105.0,639.6,1164.0
BL032,Diazinon,50.0,5.0,4.0,22245830.0,90022.0,1264.0,105.0,554.2,1264.0
BL032,Diazinon,5.0,5.0,1.0,23611757.5,93392.0,4926.0,105.0,763.2,5034.0
BL032,Diazinon,5.0,5.0,2.0,22657797.5,94871.0,3654.0,100.0,764.0,3881.0
BL032,Diazinon,5.0,5.0,3.0,21848245.0,90327.0,1266.0,100.0,805.8,1270.0
BL032,Diazinon,5.0,5.0,4.0,22409570.0,91182.0,1098.0,100.0,634.0,1098.0
BL032,Diazinon,0.5,5.0,1.0,22835007.5,92503.0,4213.0,100.0,715.0,4449.0
BL032,Diazinon,0.5,5.0,2.0,22963517.5,89162.0,4369.0,95.0,681.6,4790.0
BL032,Diazinon,0.5,5.0,3.0,23310397.5,93156.0,1568.0,105.0,597.4,1568.0
BL032,Diazinon,0.5,5.0,4.0,22973145.0,95285.0,1060.0,100.0,610.6,1060.0
BL032,Diazinon,0.05,5.0,1.0,21693452.5,95091.0,1196.0,105.0,723.2,1196.0
BL032,Diazinon,0.05,5.0,2.0,23161280.0,93214.0,4267.0,105.0,692.6,4702.0
BL032,Diazinon,0.05,5.0,3.0,24260730.0,92224.0,4396.0,110.0,620.6,4778.0
BL032,Diazinon,0.05,5.0,4.0,25050742.5,92779.0,4427.0,110.0,569.2,4510.0
BL032,Diazinon,500.0,4.0,1.0,226123725.0,215892.0,23819.0,490.0,784.0,136015.0
BL032,Diazinon,500.0,4.0,2.0,259380435.0,236014.0,23906.0,920.0,787.2,194016.0
BL032,Diazinon,500.0,4.0,3.0,284947352.5,256906.0,23781.0,990.0,707.6,220856.0
BL032,Diazinon,500.0,4.0,4.0,365451655.0,339519.0,26927.0,975.0,773.0,253083.0
BL032,Diazinon,50.0,4.0,1.0,171088090.0,147396.0,23298.0,1045.0,1100.0,127322.0
BL032,Diazinon,50.0,4.0,2.0,260759350.0,259629.0,22759.0,1435.0,911.6,258465.0
BL032,Diazinon,50.0,4.0,3.0,287871747.5,275145.0,22840.0,1435.0,833.4,274599.0
BL032,Diazinon,50.0,4.0,4.0,318620772.5,325383.0,23832.0,1440.0,892.0,325383.0
BL032,Diazinon,5.0,4.0,1.0,132146317.5,125183.0,23425.0,625.0,1078.6,81186.0
BL032,Diazinon,5.0,4.0,2.0,292955380.0,283412.0,21721.0,1415.0,1169.6,283235.0
BL032,Diazinon,5.0,4.0,3.0,318311065.0,306914.0,22955.0,1390.0,944.0,305727.0
BL032,Diazinon,5.0,4.0,4.0,314630572.5,290072.0,22982.0,585.0,970.2,283935.0
BL032,Diazinon,0.5,4.0,1.0,16285640.0,45601.0,543.0,25.0,1491.4,606.0
BL032,Diazinon,0.5,4.0,2.0,17058295.0,46592.0,655.0,25.0,1370.4,735.0
BL032,Diazinon,0.5,4.0,3.0,27102180.0,55999.0,1485.0,55.0,1187.8,1530.0
BL032,Diazinon,0.5,4.0,4.0,29543820.0,59217.0,1787.0,250.0,1216.0,1794.0
BL032,Diazinon,0.05,4.0,1.0,14046642.5,45090.0,449.0,25.0,1387.8,590.0
BL032,Diazinon,0.05,4.0,2.0,14195617.5,44934.0,513.0,25.0,1255.2,539.0
BL032,Diazinon,0.05,4.0,3.0,16534650.0,56077.0,576.0,40.0,1238.0,716.0
BL032,Diazinon,0.05,4.0,4.0,17800357.5,59234.0,490.0,40.0,1291.0,586.0
BL032,Diazinon,500.0,3.0,1.0,226123725.0,215892.0,23819.0,490.0,784.0,136015.0
BL032,Diazinon,500.0,3.0,2.0,259380435.0,236014.0,23906.0,920.0,787.2,194016.0
BL032,Diazinon,500.0,3.0,3.0,284947352.5,256906.0,23781.0,990.0,707.6,220856.0
BL032,Diazinon,500.0,3.0,4.0,365451655.0,339519.0,26927.0,975.0,773.0,253083.0
BL032,Diazinon,50.0,3.0,1.0,171088090.0,147396.0,23298.0,1045.0,1100.0,127322.0
BL032,Diazinon,50.0,3.0,2.0,260759350.0,259629.0,22759.0,1435.0,911.6,258465.0
BL032,Diazinon,50.0,3.0,3.0,287871747.5,275145.0,22840.0,1435.0,833.4,274599.0
BL032,Diazinon,50.0,3.0,4.0,318620772.5,325383.0,23832.0,1440.0,892.0,325383.0
BL032,Diazinon,5.0,3.0,1.0,132146317.5,125183.0,23425.0,625.0,1078.6,81186.0
BL032,Diazinon,5.0,3.0,2.0,292955380.0,283412.0,21721.0,1415.0,1169.6,283235.0
BL032,Diazinon,5.0,3.0,3.0,318311065.0,306914.0,22955.0,1390.0,944.0,305727.0
BL032,Diazinon,5.0,3.0,4.0,314630572.5,290072.0,22982.0,585.0,970.2,283935.0
BL032,Diazinon,0.5,3.0,1.0,16285640.0,45601.0,543.0,25.0,1491.4,606.0
BL032,Diazinon,0.5,3.0,2.0,17058295.0,46592.0,655.0,25.0,1370.4,735.0
BL032,Diazinon,0.5,3.0,3.0,27102180.0,55999.0,1485.0,55.0,1187.8,1530.0
BL032,Diazinon,0.5,3.0,4.0,29543820.0,59217.0,1787.0,250.0,1216.0,1794.0
BL032,Diazinon,0.05,3.0,1.0,14046642.5,45090.0,449.0,25.0,1387.8,590.0
BL032,Diazinon,0.05,3.0,2.0,14195617.5,44934.0,513.0,25.0,1255.2,539.0
BL032,Diazinon,0.05,3.0,3.0,16534650.0,56077.0,576.0,40.0,1238.0,716.0
BL032,Diazinon,0.05,3.0,4.0,17800357.5,59234.0,490.0,40.0,1291.0,586.0
BL032,Diazinon,500.0,2.0,1.0,319058387.5,288735.0,29013.0,585.0,936.8,200664.0
BL032,Diazinon,500.0,2.0,2.0,316692267.5,283225.0,29000.0,1125.0,840.4,245505.0
BL032,Diazinon,500.0,2.0,3.0,352306762.5,308186.0,29472.0,1020.0,828.2,266641.0
BL032,Diazinon,500.0,2.0,4.0,392210252.5,370684.0,30865.0,1095.0,674.4,294838.0
BL032,Diazinon,50.0,2.0,1.0,312081660.0,301860.0,28754.0,1320.0,1523.8,295180.0
BL032,Diazinon,50.0,2.0,2.0,320586467.5,343570.0,28502.0,1410.0,1265.0,340967.0
BL032,Diazinon,50.0,2.0,3.0,352522425.0,331435.0,28793.0,1245.0,1123.0,315821.0
BL032,Diazinon,50.0,2.0,4.0,328408057.5,311243.0,28759.0,1215.0,984.8,292246.0
BL032,Diazinon,5.0,2.0,1.0,195450220.0,186525.0,26840.0,540.0,1637.4,118436.0
BL032,Diazinon,5.0,2.0,2.0,198506205.0,191060.0,26732.0,540.0,1469.2,118688.0
BL032,Diazinon,5.0,2.0,3.0,395133230.0,366613.0,29086.0,745.0,1256.4,310526.0
BL032,Diazinon,5.0,2.0,4.0,383360260.0,371275.0,28990.0,650.0,1217.8,282504.0
BL032,Diazinon,0.5,2.0,1.0,19637400.0,50717.0,1441.0,25.0,1752.4,1441.0
BL032,Diazinon,0.5,2.0,2.0,20141207.5,51502.0,1522.0,30.0,1662.0,1534.0
BL032,Diazinon,0.5,2.0,3.0,35265990.0,74116.0,1435.0,160.0,1607.6,1435.0
BL032,Diazinon,0.5,2.0,4.0,33977640.0,75641.0,1033.0,110.0,1451.2,1033.0
BL032,Diazinon,0.05,2.0,1.0,16697372.5,54423.0,630.0,25.0,1934.6,645.0
BL032,Diazinon,0.05,2.0,2.0,17836910.0,56412.0,417.0,25.0,1833.0,541.0
BL032,Diazinon,0.05,2.0,3.0,21455117.5,67553.0,511.0,55.0,1616.4,594.0
BL032,Diazinon,0.05,2.0,4.0,22844812.5,72301.0,503.0,55.0,1577.2,537.0
BL032,Diazinon,500.0,1.0,1.0,432782667.5,417024.0,38683.0,960.0,1028.4,269592.0
BL032,Diazinon,500.0,1.0,2.0,480710377.5,481409.0,37098.0,900.0,904.8,373161.0
BL032,Diazinon,500.0,1.0,3.0,493173352.5,500011.0,37797.0,935.0,842.0,388668.0
BL032,Diazinon,500.0,1.0,4.0,469663170.0,490512.0,38218.0,960.0,897.2,366340.0
BL032,Diazinon,50.0,1.0,1.0,438571162.5,457692.0,39880.0,1045.0,1520.0,379427.0
BL032,Diazinon,50.0,1.0,2.0,495620575.0,529110.0,37974.0,1060.0,1295.2,457898.0
BL032,Diazinon,50.0,1.0,3.0,481597040.0,505918.0,39976.0,1000.0,1167.0,446658.0
BL032,Diazinon,50.0,1.0,4.0,470148225.0,492774.0,40323.0,1025.0,1166.2,435039.0
BL032,Diazinon,5.0,1.0,1.0,441463045.0,452813.0,39812.0,815.0,1549.2,342940.0
BL032,Diazinon,5.0,1.0,2.0,466196572.5,490963.0,38815.0,805.0,1491.2,336498.0
BL032,Diazinon,5.0,1.0,3.0,503263592.5,524515.0,39202.0,775.0,1241.2,365469.0
BL032,Diazinon,5.0,1.0,4.0,468618522.5,504228.0,38725.0,755.0,1255.0,327526.0
BL032,Diazinon,0.5,1.0,1.0,35870492.5,84372.0,2157.0,140.0,1889.2,2158.0
BL032,Diazinon,0.5,1.0,2.0,27722840.0,76347.0,1798.0,140.0,1610.0,1798.0
BL032,Diazinon,0.5,1.0,3.0,41576900.0,99033.0,1924.0,140.0,1095.8,1924.0
BL032,Diazinon,0.5,1.0,4.0,42213650.0,100376.0,2072.0,145.0,1335.0,2103.0
BL032,Diazinon,0.05,1.0,1.0,27237165.0,76715.0,1966.0,50.0,1849.4,1972.0
BL032,Diazinon,0.05,1.0,2.0,24684037.5,81273.0,500.0,40.0,1695.8,517.0
BL032,Diazinon,0.05,1.0,3.0,31830852.5,93238.0,1894.0,65.0,1472.2,1894.0
BL032,Diazinon,0.05,1.0,4.0,28196405.0,92999.0,1935.0,75.0,1276.0,1969.0
BL032,Propoxur,500.0,1.0,1.0,26337450.0,80481.0,20.0,1215.0,-3.0,17879.0
BL032,Propoxur,500.0,1.0,2.0,39212.5,148.0,6.0,0.0,-4.6,7.0
BL032,Propoxur,500.0,1.0,3.0,41980.0,80.0,3.0,255.0,0.2,3.0
BL032,Propoxur,500.0,1.0,4.0,78050487.5,170960.0,213.0,265.0,124.8,213.0
BL032,Propoxur,50.0,1.0,1.0,30119217.5,72071.0,706.0,195.0,597.8,706.0
BL032,Propoxur,50.0,1.0,2.0,29860357.5,92747.0,597.0,220.0,692.2,617.0
BL032,Propoxur,50.0,1.0,3.0,52076020.0,81893.0,8569.0,220.0,722.2,8569.0
BL032,Propoxur,50.0,1.0,4.0,29480150.0,106337.0,119.0,215.0,715.8,119.0
BL032,Propoxur,5.0,1.0,1.0,12877605.0,40221.0,13.0,205.0,283.8,17.0
BL032,Propoxur,5.0,1.0,2.0,13341755.0,45128.0,17.0,205.0,315.2,19.0
BL032,Propoxur,5.0,1.0,3.0,19324417.5,42885.0,2269.0,220.0,398.0,2299.0
BL032,Propoxur,5.0,1.0,4.0,18226030.0,59415.0,62.0,200.0,443.0,79.0
BL032,Propoxur,0.5,1.0,1.0,13586445.0,41193.0,15.0,215.0,210.6,15.0
BL032,Propoxur,0.5,1.0,2.0,17983932.5,40323.0,2260.0,220.0,323.0,2278.0
BL032,Propoxur,0.5,1.0,3.0,20162655.0,45588.0,2266.0,225.0,432.6,2287.0
BL032,Propoxur,0.5,1.0,4.0,16343315.0,54080.0,18.0,200.0,384.6,18.0
BL032,Propoxur,0.05,1.0,1.0,14957440.0,32473.0,1861.0,60.0,222.6,1861.0
BL032,Propoxur,0.05,1.0,2.0,15524005.0,34602.0,1722.0,235.0,310.6,1755.0
BL032,Propoxur,0.05,1.0,3.0,16657372.5,37412.0,1752.0,235.0,368.0,1774.0
BL032,Propoxur,0.05,1.0,4.0,14008762.5,46488.0,30.0,205.0,344.4,31.0
BL032,Propoxur,500.0,2.0,1.0,14551755.0,54422.0,21.0,1425.0,-4.0,52741.0
BL032,Propoxur,500.0,2.0,2.0,37122.5,132.0,6.0,0.0,-10.8,19.0
BL032,Propoxur,500.0,2.0,3.0,55040.0,150.0,5.0,0.0,-10.6,10.0
BL032,Propoxur,500.0,2.0,4.0,102222997.5,151819.0,17497.0,430.0,317.2,20818.0
BL032,Propoxur,50.0,2.0,1.0,37475270.0,66359.0,1669.0,65.0,-288.2,1669.0
BL032,Propoxur,50.0,2.0,2.0,30458907.5,60755.0,498.0,60.0,507.2,533.0
BL032,Propoxur,50.0,2.0,3.0,50803585.0,56691.0,6306.0,645.0,64.6,6306.0
BL032,Propoxur,50.0,2.0,4.0,40455527.5,53461.0,186.0,55.0,862.8,186.0
BL032,Propoxur,5.0,2.0,1.0,16543477.5,34952.0,218.0,65.0,485.0,231.0
BL032,Propoxur,5.0,2.0,2.0,12262217.5,36344.0,76.0,70.0,529.8,83.0
BL032,Propoxur,5.0,2.0,3.0,18575045.0,32725.0,1751.0,55.0,668.2,1787.0
BL032,Propoxur,5.0,2.0,4.0,12303135.0,35184.0,52.0,70.0,744.0,97.0
BL032,Propoxur,0.5,2.0,1.0,9394350.0,33515.0,12.0,65.0,539.6,13.0
BL032,Propoxur,0.5,2.0,2.0,9616720.0,30894.0,30.0,65.0,557.4,35.0
BL032,Propoxur,0.5,2.0,3.0,13100570.0,32148.0,212.0,70.0,650.0,215.0
BL032,Propoxur,0.5,2.0,4.0,11220772.5,35489.0,11.0,65.0,642.2,14.0
BL032,Propoxur,0.05,2.0,1.0,14073437.5,29420.0,998.0,65.0,407.8,998.0
BL032,Propoxur,0.05,2.0,2.0,9891915.0,30332.0,16.0,70.0,486.0,16.0
BL032,Propoxur,0.05,2.0,3.0,15584817.5,31583.0,1283.0,70.0,437.0,1375.0
BL032,Propoxur,0.05,2.0,4.0,10926807.5,32333.0,14.0,65.0,731.6,14.0
BL032,Propoxur,500.0,3.0,1.0,14971595.0,74654.0,44.0,1440.0,-5.8,74654.0
BL032,Propoxur,500.0,3.0,2.0,7160480.0,40643.0,52.0,1440.0,-18.4,40643.0
BL032,Propoxur,500.0,3.0,3.0,194145.0,703.0,40.0,1440.0,-13.4,703.0
BL032,Propoxur,500.0,3.0,4.0,161972.5,1324.0,22.0,0.0,-33.0,29.0
BL032,Propoxur,50.0,3.0,1.0,100455952.5,179763.0,12395.0,170.0,456.8,30156.0
BL032,Propoxur,50.0,3.0,2.0,103907507.5,194169.0,12290.0,180.0,473.0,21873.0
BL032,Propoxur,50.0,3.0,3.0,97915607.5,208562.0,11998.0,175.0,596.4,14885.0
BL032,Propoxur,50.0,3.0,4.0,89781315.0,176533.0,11904.0,170.0,607.4,21292.0
BL032,Propoxur,5.0,3.0,1.0,46684300.0,109817.0,4730.0,185.0,282.8,5626.0
BL032,Propoxur,5.0,3.0,2.0,54777010.0,128618.0,5464.0,180.0,453.0,6501.0
BL032,Propoxur,5.0,3.0,3.0,54828670.0,135591.0,3770.0,180.0,490.2,5708.0
BL032,Propoxur,5.0,3.0,4.0,49755435.0,131390.0,737.0,180.0,699.4,737.0
BL032,Propoxur,0.5,3.0,1.0,32255320.0,89714.0,936.0,175.0,355.2,1336.0
BL032,Propoxur,0.5,3.0,2.0,44800315.0,111299.0,2190.0,180.0,481.2,2768.0
BL032,Propoxur,0.5,3.0,3.0,46234187.5,112305.0,1227.0,195.0,552.2,1227.0
BL032,Propoxur,0.5,3.0,4.0,51129470.0,130073.0,655.0,195.0,941.6,655.0
BL032,Propoxur,0.05,3.0,1.0,39367940.0,117218.0,960.0,175.0,540.6,987.0
BL032,Propoxur,0.05,3.0,2.0,39987342.5,107715.0,1060.0,180.0,526.0,1060.0
BL032,Propoxur,0.05,3.0,3.0,41139807.5,108758.0,475.0,195.0,535.4,482.0
BL032,Propoxur,0.05,3.0,4.0,38959115.0,115660.0,129.0,195.0,663.0,129.0
BL032,Propoxur,500.0,4.0,1.0,52127.5,226.0,7.0,0.0,-9.4,15.0
BL032,Propoxur,500.0,4.0,2.0,6409867.5,58592.0,25.0,1440.0,-1.0,58592.0
BL032,Propoxur,500.0,4.0,3.0,92930.0,237.0,15.0,0.0,-4.4,29.0
BL032,Propoxur,500.0,4.0,4.0,192330185.0,237730.0,12523.0,635.0,386.8,32639.0
BL032,Propoxur,50.0,4.0,1.0,79250167.5,154665.0,9243.0,145.0,292.6,12470.0
BL032,Propoxur,50.0,4.0,2.0,100488875.0,154197.0,9769.0,145.0,243.4,24925.0
BL032,Propoxur,50.0,4.0,3.0,94428325.0,193662.0,10528.0,135.0,314.4,25186.0
BL032,Propoxur,50.0,4.0,4.0,75409847.5,189493.0,1027.0,135.0,329.0,1261.0
BL032,Propoxur,5.0,4.0,1.0,40018432.5,93959.0,994.0,150.0,152.6,994.0
BL032,Propoxur,5.0,4.0,2.0,53348730.0,114443.0,3953.0,180.0,185.6,3953.0
BL032,Propoxur,5.0,4.0,3.0,46583337.5,125256.0,673.0,145.0,245.4,748.0
BL032,Propoxur,5.0,4.0,4.0,50277125.0,120339.0,7618.0,140.0,360.2,7618.0
BL032,Propoxur,0.5,4.0,1.0,40199715.0,93933.0,965.0,145.0,84.6,999.0
BL032,Propoxur,0.5,4.0,2.0,51549967.5,101175.0,2740.0,145.0,166.6,2797.0
BL032,Propoxur,0.5,4.0,3.0,44454395.0,108254.0,827.0,140.0,179.2,839.0
BL032,Propoxur,0.5,4.0,4.0,41251837.5,100113.0,5962.0,140.0,160.4,5985.0
BL032,Propoxur,0.05,4.0,1.0,40007392.5,98185.0,948.0,135.0,126.6,1019.0
BL032,Propoxur,0.05,4.0,2.0,40042940.0,101205.0,359.0,140.0,109.4,376.0
BL032,Propoxur,0.05,4.0,3.0,42955200.0,100451.0,570.0,145.0,185.2,580.0
BL032,Propoxur,0.05,4.0,4.0,42295010.0,109345.0,5446.0,140.0,286.6,5523.0
BL032,Propoxur,500.0,5.0,1.0,26105.0,46.0,1.0,0.0,-3.2,14.0
BL032,Propoxur,500.0,5.0,2.0,31801740.0,105028.0,8.0,1250.0,-1.4,46056.0
BL032,Propoxur,500.0,5.0,3.0,16254390.0,95918.0,5.0,1410.0,-4.8,89571.0
BL032,Propoxur,500.0,5.0,4.0,34356995.0,99388.0,1229.0,270.0,405.6,1275.0
BL032,Propoxur,50.0,5.0,1.0,20989020.0,52093.0,760.0,275.0,228.6,760.0
BL032,Propoxur,50.0,5.0,2.0,21373347.5,53852.0,926.0,260.0,229.6,926.0
BL032,Propoxur,50.0,5.0,3.0,19692712.5,54210.0,784.0,245.0,273.2,796.0
BL032,Propoxur,50.0,5.0,4.0,19365217.5,43096.0,1704.0,220.0,298.4,1833.0
BL032,Propoxur,5.0,5.0,1.0,6871300.0,15583.0,55.0,195.0,268.2,55.0
BL032,Propoxur,5.0,5.0,2.0,7867277.5,18239.0,39.0,330.0,277.4,39.0
BL032,Propoxur,5.0,5.0,3.0,7837145.0,21254.0,25.0,310.0,335.2,30.0
BL032,Propoxur,5.0,5.0,4.0,12271027.5,22028.0,1665.0,305.0,310.0,1837.0
BL032,Propoxur,0.5,5.0,1.0,5392117.5,15444.0,11.0,310.0,284.4,12.0
BL032,Propoxur,0.5,5.0,2.0,5889142.5,17834.0,10.0,305.0,262.0,16.0
BL032,Propoxur,0.5,5.0,3.0,5522977.5,18305.0,7.0,295.0,315.6,13.0
BL032,Propoxur,0.5,5.0,4.0,10917697.5,20311.0,1408.0,300.0,285.2,1481.0
BL032,Propoxur,0.05,5.0,1.0,4964032.5,15979.0,7.0,300.0,279.6,13.0
BL032,Propoxur,0.05,5.0,2.0,5094597.5,16954.0,4.0,300.0,270.8,8.0
BL032,Propoxur,0.05,5.0,3.0,10006905.0,18443.0,991.0,305.0,270.4,1026.0
BL032,Propoxur,0.05,5.0,4.0,10448620.0,19337.0,1121.0,305.0,347.0,1176.0
BL032,DEET,500.0,5.0,1.0,17445.0,392.0,0.0,0.0,-37.0,2.0
BL032,DEET,500.0,5.0,2.0,3121430.0,10489.0,10.0,1280.0,-26.6,6076.0
BL032,DEET,500.0,5.0,3.0,4132285.0,12595.0,33.0,1130.0,-25.8,3386.0
BL032,DEET,500.0,5.0,4.0,8134800.0,17619.0,1497.0,65.0,60.0,1528.0
BL032,DEET,50.0,5.0,1.0,16850492.5,69723.0,1712.0,60.0,898.0,1712.0
BL032,DEET,50.0,5.0,2.0,13172007.5,46229.0,1579.0,55.0,625.8,1579.0
BL032,DEET,50.0,5.0,3.0,14341322.5,57520.0,1588.0,55.0,692.8,1588.0
BL032,DEET,50.0,5.0,4.0,13495825.0,49247.0,1709.0,55.0,579.2,1714.0
BL032,DEET,5.0,5.0,1.0,14530407.5,59808.0,3445.0,55.0,1014.2,3453.0
BL032,DEET,5.0,5.0,2.0,12380722.5,54094.0,980.0,55.0,784.0,1011.0
BL032,DEET,5.0,5.0,3.0,13282990.0,51474.0,1032.0,60.0,741.6,1032.0
BL032,DEET,5.0,5.0,4.0,13334000.0,51028.0,1102.0,60.0,708.8,1102.0
BL032,DEET,0.5,5.0,1.0,12243035.0,49997.0,137.0,50.0,841.2,137.0
BL032,DEET,0.5,5.0,2.0,12498982.5,52527.0,71.0,55.0,835.8,71.0
BL032,DEET,0.5,5.0,3.0,12266962.5,53910.0,883.0,55.0,702.8,883.0
BL032,DEET,0.5,5.0,4.0,12350997.5,49107.0,1025.0,60.0,454.6,1028.0
BL032,DEET,0.05,5.0,1.0,10990875.0,49713.0,894.0,50.0,880.8,894.0
BL032,DEET,0.05,5.0,2.0,10628062.5,51415.0,792.0,50.0,755.2,842.0
BL032,DEET,0.05,5.0,3.0,12052422.5,50567.0,1043.0,55.0,634.6,1043.0
BL032,DEET,0.05,5.0,4.0,12403552.5,53478.0,880.0,55.0,694.8,916.0
BL032,DEET,500.0,4.0,1.0,23340.0,232.0,1.0,0.0,-8.8,2.0
BL032,DEET,500.0,4.0,2.0,22595.0,149.0,1.0,0.0,-7.4,3.0
BL032,DEET,500.0,4.0,3.0,175215.0,1229.0,2.0,10.0,21.4,4.0
BL032,DEET,500.0,4.0,4.0,35077355.0,112478.0,2064.0,155.0,444.0,2093.0
BL032,DEET,50.0,4.0,1.0,37618270.0,109467.0,3615.0,140.0,755.2,3837.0
BL032,DEET,50.0,4.0,2.0,32676575.0,90196.0,4157.0,165.0,660.0,4223.0
BL032,DEET,50.0,4.0,3.0,40216772.5,129913.0,2399.0,160.0,665.6,2399.0
BL032,DEET,50.0,4.0,4.0,41802285.0,135987.0,2377.0,150.0,601.0,2430.0
BL032,DEET,5.0,4.0,1.0,26608452.5,93164.0,3004.0,125.0,427.6,3208.0
BL032,DEET,5.0,4.0,2.0,27334945.0,95448.0,2838.0,125.0,459.8,3008.0
BL032,DEET,5.0,4.0,3.0,32429377.5,110124.0,2776.0,135.0,437.2,2922.0
BL032,DEET,5.0,4.0,4.0,33401745.0,114381.0,2333.0,150.0,263.0,2446.0
BL032,DEET,0.5,4.0,1.0,25607007.5,94117.0,2845.0,110.0,388.0,3095.0
BL032,DEET,0.5,4.0,2.0,25490787.5,92351.0,2614.0,115.0,366.6,2799.0
BL032,DEET,0.5,4.0,3.0,33373867.5,117940.0,2147.0,145.0,297.4,2366.0
BL032,DEET,0.5,4.0,4.0,32347767.5,108824.0,2235.0,155.0,377.0,2332.0
BL032,DEET,0.05,4.0,1.0,25957352.5,93410.0,3005.0,110.0,186.2,3370.0
BL032,DEET,0.05,4.0,2.0,26025500.0,94139.0,2268.0,115.0,399.2,2330.0
BL032,DEET,0.05,4.0,3.0,31996680.0,113914.0,2230.0,115.0,305.2,2517.0
BL032,DEET,0.05,4.0,4.0,32694492.5,115066.0,2256.0,120.0,255.4,2617.0
BL032,DEET,500.0,3.0,1.0,38480.0,460.0,3.0,0.0,-27.4,14.0
BL032,DEET,500.0,3.0,2.0,5851970.0,28758.0,47.0,1430.0,-47.6,28381.0
BL032,DEET,500.0,3.0,3.0,6458827.5,18889.0,78.0,1350.0,-31.2,18841.0
BL032,DEET,500.0,3.0,4.0,31127835.0,55053.0,3588.0,200.0,441.4,3588.0
BL032,DEET,50.0,3.0,1.0,45468065.0,114865.0,3800.0,120.0,1769.6,3885.0
BL032,DEET,50.0,3.0,2.0,44074020.0,117092.0,3336.0,115.0,1555.0,3594.0
BL032,DEET,50.0,3.0,3.0,48773285.0,132700.0,3276.0,115.0,1246.8,3426.0
BL032,DEET,50.0,3.0,4.0,55106097.5,158367.0,3217.0,115.0,1227.0,3414.0
BL032,DEET,5.0,3.0,1.0,32548112.5,105899.0,3218.0,120.0,1538.6,3877.0
BL032,DEET,5.0,3.0,2.0,41570495.0,133831.0,2595.0,110.0,1451.6,3127.0
BL032,DEET,5.0,3.0,3.0,40847195.0,114724.0,3088.0,110.0,1223.4,3423.0
BL032,DEET,5.0,3.0,4.0,44498180.0,139180.0,2940.0,110.0,-278.8,3259.0
BL032,DEET,0.5,3.0,1.0,30084735.0,103802.0,2926.0,115.0,1451.2,3600.0
BL032,DEET,0.5,3.0,2.0,31390835.0,103451.0,2938.0,115.0,1264.2,3546.0
BL032,DEET,0.5,3.0,3.0,41139407.5,139741.0,2587.0,105.0,1120.8,3075.0
BL032,DEET,0.5,3.0,4.0,45200837.5,162594.0,2374.0,105.0,1234.0,2738.0
BL032,DEET,0.05,3.0,1.0,29983807.5,99298.0,2938.0,115.0,1429.2,3195.0
BL032,DEET,0.05,3.0,2.0,30205652.5,101704.0,2718.0,110.0,726.0,3287.0
BL032,DEET,0.05,3.0,3.0,39364420.0,145020.0,2469.0,105.0,1248.4,3039.0
BL032,DEET,0.05,3.0,4.0,39412790.0,143240.0,2965.0,105.0,1205.2,3447.0
BL032,DEET,500.0,2.0,1.0,16667.5,78.0,1.0,0.0,-1.0,5.0
BL032,DEET,500.0,2.0,2.0,29735.0,311.0,5.0,0.0,-11.2,7.0
BL032,DEET,500.0,2.0,3.0,10955427.5,33541.0,35.0,1200.0,-8.8,5488.0
BL032,DEET,500.0,2.0,4.0,13315757.5,22050.0,1615.0,750.0,-127.6,2981.0
BL032,DEET,50.0,2.0,1.0,21693547.5,79219.0,2660.0,60.0,1494.8,2660.0
BL032,DEET,50.0,2.0,2.0,21686372.5,76196.0,4105.0,65.0,1302.8,4221.0
BL032,DEET,50.0,2.0,3.0,22663197.5,84020.0,1793.0,65.0,1290.6,1793.0
BL032,DEET,50.0,2.0,4.0,22770545.0,82618.0,2246.0,70.0,1287.4,2246.0
BL032,DEET,5.0,2.0,1.0,17907500.0,74893.0,3353.0,55.0,1322.2,3353.0
BL032,DEET,5.0,2.0,2.0,19363947.5,83579.0,260.0,55.0,1498.0,260.0
BL032,DEET,5.0,2.0,3.0,17819915.0,80507.0,988.0,55.0,1522.0,988.0
BL032,DEET,5.0,2.0,4.0,20082567.5,87674.0,744.0,65.0,1470.4,744.0
BL032,DEET,0.5,2.0,1.0,15140725.0,60538.0,4010.0,50.0,1163.8,4010.0
BL032,DEET,0.5,2.0,2.0,16985880.0,76327.0,153.0,50.0,1047.0,169.0
BL032,DEET,0.5,2.0,3.0,17177637.5,81381.0,884.0,55.0,1320.8,937.0
BL032,DEET,0.5,2.0,4.0,16942800.0,81170.0,772.0,60.0,1425.4,772.0
BL032,DEET,0.05,2.0,1.0,15130132.5,59006.0,4050.0,50.0,816.6,4050.0
BL032,DEET,0.05,2.0,2.0,15299295.0,59976.0,4059.0,50.0,991.4,4059.0
BL032,DEET,0.05,2.0,3.0,17776250.0,70696.0,541.0,50.0,1293.4,541.0
BL032,DEET,0.05,2.0,4.0,18373190.0,70230.0,3976.0,55.0,1542.0,4128.0
BL032,DEET,500.0,1.0,1.0,16278952.5,66291.0,1132.0,50.0,-242.2,1132.0
BL032,DEET,500.0,1.0,2.0,18397025.0,64250.0,3893.0,45.0,-413.8,3893.0
BL032,DEET,500.0,1.0,3.0,20083185.0,75772.0,1004.0,55.0,-144.0,1040.0
BL032,DEET,500.0,1.0,4.0,21553977.5,80969.0,1107.0,80.0,365.0,1129.0
BL032,DEET,50.0,1.0,1.0,26202772.5,88008.0,167.0,55.0,90.0,167.0
BL032,DEET,50.0,1.0,2.0,26612527.5,87652.0,167.0,55.0,181.0,167.0
BL032,DEET,50.0,1.0,3.0,24741595.0,99539.0,1413.0,60.0,588.2,1413.0
BL032,DEET,50.0,1.0,4.0,26338580.0,103721.0,1264.0,75.0,682.2,1291.0
BL032,DEET,5.0,1.0,1.0,19461620.0,75164.0,204.0,45.0,-698.8,209.0
BL032,DEET,5.0,1.0,2.0,18842497.5,70763.0,280.0,50.0,179.0,280.0
BL032,DEET,5.0,1.0,3.0,20700917.5,75174.0,862.0,50.0,35.0,862.0
BL032,DEET,5.0,1.0,4.0,19538702.5,80558.0,1091.0,80.0,383.4,1091.0
BL032,DEET,0.5,1.0,1.0,16798110.0,63112.0,979.0,40.0,-415.6,979.0
BL032,DEET,0.5,1.0,2.0,17666760.0,66279.0,882.0,45.0,-631.8,882.0
BL032,DEET,0.5,1.0,3.0,19334295.0,78031.0,71.0,45.0,360.4,71.0
BL032,DEET,0.5,1.0,4.0,19129275.0,71885.0,344.0,50.0,112.0,344.0
BL032,DEET,0.05,1.0,1.0,17279175.0,68248.0,227.0,40.0,-627.4,227.0
BL032,DEET,0.05,1.0,2.0,17268942.5,71255.0,140.0,40.0,-402.0,149.0
BL032,DEET,0.05,1.0,3.0,19216510.0,74131.0,127.0,45.0,216.0,127.0
BL032,DEET,0.05,1.0,4.0,19726572.5,73572.0,160.0,45.0,286.6,160.0
